0,0.0,0.0,0.28434592763852734,-0.15500945179584122,0.5387505302257763,-0.47658083118167416,0.6237566553130519,-0.7432089390378127,0.5083388272897285,-0.8982335581979352,0.359860063369248,-0.9827716437024345,0.4352858492030308,-0.9623738138489158,0.3684269698993544,-0.6657641242288027,0.3173722313872425,-0.6002428800600224,0.18110559721244068,-1.0,0.2660264058756347,-0.9213837590896751,0.23792153265204904,-0.5936749057474705,0.2100315304224465,-0.5525660399680272,0.011785358033217539,-0.9441037124146393,0.09450715166504797,-0.8654166904710022,0.0982120331801261,-0.5638227521586952,0.08377851654076912,-0.5127608091485497,-0.14530682566783168,-0.8550697673477993,-0.05498618253113986,-0.8046299390625861,-0.04095175716443091,-0.5930808506464583,-0.05721919773743371,-0.5379042544962388,0.0,0.0,-0.2574948820458052,-0.16800799139639833,-0.4686575690974954,-0.4794233815725734,-0.5484714240438323,-0.7428901527120043,-0.4671922711973065,-0.8642054603222885,-0.23074772065439544,-0.9798405426679877,-0.3756261928557282,-1.0,-0.3616366768708899,-0.6999046317034251,-0.29636077179254616,-0.6280330812238041,-0.05951963544909131,-0.9850435654796126,-0.23074916453473723,-0.9093777381085023,-0.21694109617951668,-0.5844683235514451,-0.14239235089950136,-0.5648250534416211,0.09849092846078264,-0.9126440360883452,-0.06500325234046987,-0.823952964153986,-0.08264289782934249,-0.5313847847258637,-0.016652031335091178,-0.5207279852165905,0.2416078666451368,-0.7903110334838258,0.08933552386024297,-0.7406085811252593,0.04701948203680499,-0.5423212157279961,0.09361181613916504,-0.5279615850822134
0,0.0,0.0,-0.2610386551375695,-0.19117604799446,-0.4560653776124782,-0.5007966100497233,-0.5227168124291895,-0.7587929779601412,-0.4414519878741912,-0.873452534336437,-0.22031120082723077,-0.9742981375530269,-0.3632789148013539,-1.0,-0.345239536543485,-0.7127092514644953,-0.2902437645595679,-0.6295664340276388,-0.06488132111958808,-0.9760310352868573,-0.23022030437004914,-0.9162513632113136,-0.21211874247731122,-0.6000211989664326,-0.1456604537992081,-0.5713503034985361,0.0843009876362917,-0.9051080087339741,-0.07177357619497396,-0.8575594336578346,-0.08329073911374188,-0.5600095630893018,-0.020899589917771563,-0.5327929167186827,0.2220252550353434,-0.7832874414967412,0.08453582507555076,-0.7898247316564165,0.03898372154922047,-0.5795510058909572,0.08017260669557577,-0.5433316295645497,0.0,0.0,0.2950053705150902,-0.15125882956573244,0.5415559055737824,-0.46933357684377175,0.6182016569136364,-0.7350466848862253,0.5111109625607746,-0.8962537062608249,0.35842815189199034,-0.9772180681381895,0.43730989410827503,-0.9673420213418065,0.376167500538565,-0.6776911477060661,0.3164048172687916,-0.604618592526483,0.1852127697681118,-1.0,0.2786585971881608,-0.9267332082483444,0.24676507818148152,-0.596251789120633,0.20634520429903552,-0.5444453637748289,0.01979989596991906,-0.9452028359548543,0.11260222014924431,-0.8721782092800685,0.11159496478263918,-0.5565594194899499,0.08677985529627635,-0.49267652446699717,-0.13930167663999993,-0.8507569424439199,-0.03660066575215716,-0.8144884338427713,-0.025568785224297834,-0.5950525674795509,-0.05176467709557297,-0.5371761231288333
0,0.0,0.0,-0.2491041357751349,-0.17057137196753194,-0.44401383877879175,-0.48272787891821484,-0.491975927075358,-0.7635139618351252,-0.3928021691796354,-0.8721096467224428,-0.23020169474217697,-0.8789560964178137,-0.33446617315508437,-1.0,-0.3307090727105287,-0.7136017953519058,-0.2813439539811665,-0.6272249549773816,-0.08321266910834275,-0.8772276608049814,-0.20935623420326083,-0.9324825427061947,-0.1966666086286254,-0.6041755390361513,-0.131070759509337,-0.5685769652661146,0.06808521051103436,-0.8343214702008382,-0.05880822176304197,-0.884196931544444,-0.07419543980992385,-0.5674816933116177,-0.015136870171568293,-0.5258439476283538,0.21592480716860787,-0.7483770916635569,0.08595967234545372,-0.8160503105113638,0.04366382233206575,-0.591621204841502,0.0881259814507283,-0.5410765805680168,0.0,0.0,0.28474866928051257,-0.15267706458270983,0.5343538334358512,-0.47623165771044285,0.6176388320640017,-0.7376866014162979,0.5369256381261781,-0.875485391900163,0.3357627826753838,-0.9853782960942084,0.4558307674195014,-0.945481249651952,0.382006445022907,-0.6684627427785916,0.31659770124295417,-0.6437811479138605,0.16268749775914287,-1.0,0.2977225009007928,-0.9090737104042137,0.2528339055094444,-0.5937415689737726,0.20207877798337862,-0.5840463179125917,0.006053302012613896,-0.9421580426618509,0.13961563293120385,-0.854152432191346,0.12102967797516533,-0.5597204630875845,0.07704174821691344,-0.5322956776949469,-0.1379254227496137,-0.8549137514757872,-0.001402744767074187,-0.8160465457489574,0.0009465634723889532,-0.6015586957080054,-0.039800037989679724,-0.5571616267618222
0,0.0,0.0,-0.25304047361211884,-0.16523408966884343,-0.4607047058580452,-0.4827878067485595,-0.5099439341843475,-0.7695579514890317,-0.3981608759539271,-0.8775830322211324,-0.24581037770590788,-0.8799070957956108,-0.36081810149213095,-1.0,-0.3455095693518218,-0.7113588880664768,-0.2802911581790095,-0.6310599514088162,-0.09803921568627451,-0.882068783628247,-0.22753994674172898,-0.9505157495961876,-0.20854271417858658,-0.6193399717787071,-0.14018058224343477,-0.5776575354619626,0.049946097573722356,-0.845748149876699,-0.0768516121504698,-0.8971923338231345,-0.08799817205751699,-0.5764331543067857,-0.030022982973639464,-0.5289749545141307,0.19470844682012148,-0.7675319008778743,0.06794185101053377,-0.8321280337585973,0.030951538862616267,-0.6023170143282007,0.07343807540991974,-0.5479520116482718,0.0,0.0,0.2929972376676116,-0.149138729971901,0.5328417088142795,-0.4604144529205065,0.6179807675283111,-0.7248026688364352,0.5689009415925125,-0.9074152227161869,0.36091974860211923,-0.9788735613898182,0.4675335434569878,-0.9857681612189462,0.40383579172019074,-0.690883827446321,0.3470720148747886,-0.6231888462340396,0.19467387538612005,-1.0,0.32042038296344116,-0.9198976459790794,0.27780348461373194,-0.594622106428415,0.2276537933115775,-0.5606033739407381,0.03808295242144741,-0.9505906391471097,0.1718691077795874,-0.871555375739835,0.15509229223906953,-0.564459751683416,0.11517033942624985,-0.5147216486999227,-0.1116810218277904,-0.8660182906413405,0.028853992776658042,-0.8273493368737416,0.03819632088931617,-0.5995638088739763,0.0067241507340806495,-0.53753883662811
0,0.0,0.0,-0.2501064940136347,-0.1703140091045249,-0.45460576375124884,-0.4811425585803908,-0.5027802566425098,-0.7663465519880578,-0.39810575866533787,-0.8759323032999127,-0.24262325829257783,-0.8531660291911441,-0.35736910043632153,-1.0,-0.3457300552280312,-0.7173548400381766,-0.2844559923567442,-0.6284712272650477,-0.10118928445698473,-0.8508260139631825,-0.2318376537526704,-0.9548770536846433,-0.21195968088265613,-0.6243573455315806,-0.1419373549740085,-0.5708297452851745,0.04641104630089291,-0.8215467967072075,-0.08355605901939171,-0.9032359542645115,-0.09041608457795498,-0.5824191718499542,-0.03063206957129244,-0.526437929681947,0.19265703618414767,-0.7532846921770998,0.06042930546551839,-0.8373954876309405,0.028501445018945637,-0.6074525217807238,0.07625070613532046,-0.5485797531621341,0.0,0.0,0.3035196739991443,-0.13561426620861627,0.5682846690077504,-0.4483257297530849,0.6549338552058049,-0.7305706285767538,0.5685585955756624,-0.9187104553817392,0.3891780649770763,-0.9631105632579753,0.48600503516567617,-1.0,0.40691113906856496,-0.6878891981152723,0.3490819929993406,-0.6209330729618946,0.21483029966719333,-0.9890124382429729,0.3113953452251352,-0.9554920158877409,0.2675038370899397,-0.6019333002927061,0.228687736420514,-0.5654680261331594,0.05232068046748252,-0.946596179995171,0.15504257863739887,-0.9229020966678386,0.13513517711329406,-0.5889144459552765,0.10022309483366021,-0.532156296286883,-0.10364096416503935,-0.8738277284286358,0.0076367620750078715,-0.8723341226372069,0.01465097660469431,-0.6381893171462499,-0.01619682612299303,-0.5758540790348748
0,0.0,0.0,-0.2606060453394159,-0.15696722911657537,-0.47464516787221633,-0.47200777866082594,-0.5199911331327373,-0.747848462215684,-0.40787816118302145,-0.8665954630356173,-0.2541642158931039,-0.8522132531956618,-0.36833898638104606,-1.0,-0.362967226597579,-0.7204291866034734,-0.30217805022123084,-0.6468210895415049,-0.11295683573750546,-0.8396439650514442,-0.23581912094583277,-0.969250611171497,-0.22449799550862945,-0.6287571145904048,-0.15220254746104056,-0.5785918054528715,0.03325050033565627,-0.8099359293270375,-0.0889165418713876,-0.9181953406123932,-0.10312745995740377,-0.5876823595942905,-0.03718089038965096,-0.531337196634117,0.1815770680645417,-0.7484782113110494,0.05940750686111639,-0.851598366178947,0.021027574193889672,-0.6180017557404779,0.06976259718602915,-0.559038096041775,0.0,0.0,0.29951961039576847,-0.12082484249416442,0.5767053206293249,-0.4345082657733693,0.6630618753962668,-0.7313645659925956,0.5673719517094732,-0.9303870914069063,0.4073804072933812,-0.9376774061289639,0.4969140525955491,-1.0,0.42206296939777105,-0.6837730871086986,0.3646548642464238,-0.6079979374962556,0.23497210196786822,-0.9633658561931757,0.3278492237075492,-0.9633522273138075,0.28057844939128596,-0.5997263434596853,0.2366194927615034,-0.5626523843582487,0.06943757873872104,-0.9282192477823967,0.16861365619391397,-0.9384542522529531,0.1450249053573705,-0.594399439171614,0.10658209568438695,-0.5395613715536326,-0.09766724693513477,-0.8693430567816026,0.01845222495714711,-0.8870861541091213,0.022136849281346353,-0.6429034851032089,-0.014341556185197163,-0.5796044388124363
0,0.0,0.0,0.2802033663687101,-0.038220801979177405,0.5876573843639095,-0.3562778505897772,0.6886927709956264,-0.6982225691018599,0.5702706642908684,-0.8821335061186623,0.3988839147657826,-0.8074160248575257,0.4463457375528296,-1.0,0.3996269898537706,-0.6936524953244879,0.36347342689266204,-0.5805501641951493,0.21948400017671227,-0.8296855994227399,0.28517015918830163,-0.9841147451661831,0.2497396439247795,-0.6029840811698353,0.2115242905738731,-0.5340880910657222,0.04500080993122948,-0.8119996465754635,0.10837130192763633,-0.9556505220374925,0.09450616284035519,-0.5965220080404082,0.06041954437686836,-0.5204685820313075,-0.14192159865698675,-0.7871324016669857,-0.06598450822448348,-0.9030612455269708,-0.057686394627947044,-0.6560993711988454,-0.08942568512819002,-0.5799684863121622,0.0,0.0,-0.2643179033403766,-0.1256115240536969,-0.491674857056409,-0.4631632838102795,-0.5534880039594398,-0.7565360312026297,-0.45147432024774553,-0.8682414256387753,-0.289320883940925,-0.8198687834440914,-0.3684124970820171,-1.0,-0.361169637749331,-0.7173929814120733,-0.32106327789917255,-0.6510818828578899,-0.14557127843217404,-0.8156037694828583,-0.24375451473318366,-0.9470512593162552,-0.224878296318783,-0.6048825743572173,-0.17029473380481924,-0.5873045452405069,0.005443728766351975,-0.7977727650254829,-0.08468587475867155,-0.9308841312826801,-0.09668341814269012,-0.6013063546403693,-0.04899931972175718,-0.5611208460697651,0.15829719042080068,-0.7529297550096632,0.07683587460838916,-0.8851266529809512,0.040681189955927184,-0.6539452631494578,0.0751910339527973,-0.6022646552872848
0,0.0,0.0,-0.2630465021258016,-0.13740958520931784,-0.48712325224294567,-0.46283792919829225,-0.5521538031124666,-0.7445969925573588,-0.4461007138779666,-0.8584464906203644,-0.29916300402051116,-0.820910247263648,-0.36727912633412674,-1.0,-0.3633422016981829,-0.7210546060838195,-0.331344548020696,-0.6680034771988292,-0.14989323052520354,-0.8168221293811009,-0.235962014356229,-0.9526472585345515,-0.22479461073516302,-0.6147908296747846,-0.17982900166730503,-0.6015517098112371,0.002463097784908308,-0.7960167094350977,-0.0782932716300992,-0.9377546008227863,-0.09555191926919822,-0.6160416772174149,-0.054104810600342904,-0.5752858781574189,0.1538154046005032,-0.7496591391277797,0.07842651836125204,-0.8905564944014247,0.03736734943733987,-0.6678987482182552,0.06305274652980769,-0.6118480928262615,0.0,0.0,0.2780033805834207,-0.05210879952332978,0.5733204538373545,-0.364280605480343,0.6678812736373622,-0.697543249408142,0.5617188157383044,-0.8761459074814029,0.39917051762838374,-0.7910079096327866,0.4275228442384534,-1.0,0.3843012949237805,-0.7136030105727093,0.354987696632152,-0.5873058694569462,0.22145394083012482,-0.8153218433674386,0.26816836169627284,-0.9749233597973241,0.23239833802195503,-0.6121653245155407,0.20141221512927632,-0.5246240763945902,0.04982082225613292,-0.800128832862955,0.09568199546526517,-0.9536224435261771,0.0811769274328716,-0.6040871173959615,0.05653650529772558,-0.5042618320419725,-0.1329302426333301,-0.7717497845204984,-0.06712413893481489,-0.9027982770736633,-0.06233128353008867,-0.6652571426622123,-0.0892292656413102,-0.5761953142589438
0,0.0,0.0,-0.27403742943005305,-0.14499583883680442,-0.5004626945517808,-0.4790815065682111,-0.5591671770210426,-0.7571652760011468,-0.45965911642244844,-0.8659121551287501,-0.30172332132312746,-0.8228845449134006,-0.367805377095798,-1.0,-0.35945897656214754,-0.7128887411411081,-0.32918919648781286,-0.6563193211008079,-0.1433625652736356,-0.8196630059665145,-0.2223004224802668,-0.9557616697574027,-0.2155732697050258,-0.6166742325765225,-0.17634309379317317,-0.602875352777774,0.01292969858440902,-0.7971019756602046,-0.06251992004453925,-0.9289309332739086,-0.07959665134958073,-0.6082499574254023,-0.037725227995213224,-0.5748953376654927,0.1687706246057205,-0.7474736542528176,0.09376543558131047,-0.8746655133407908,0.056870451491701904,-0.649938835977529,0.08412552090425829,-0.6020453182125389,0.0,0.0,0.3124821804822026,-0.03016912106715879,0.5950490723011765,-0.3701334749626644,0.6856976956801012,-0.7098127165734122,0.59562813299522,-0.865249100953783,0.4236644256683998,-0.7431303255322528,0.4399257223590709,-1.0,0.388255836201343,-0.6806593963819487,0.37237732042520844,-0.5378579631861133,0.23689856034790296,-0.7638794309630056,0.26338101463215097,-0.9675834401129892,0.23316441412253042,-0.6008251290898886,0.23203574648286898,-0.5365120446980661,0.06139557279529268,-0.7548656414248828,0.09118921747752444,-0.9292471480524475,0.07879802551495756,-0.5826688960405209,0.07984516517897747,-0.5077496346557046,-0.11259219612332119,-0.7389226808471935,-0.0746466963968876,-0.8863789844441795,-0.06949818117212724,-0.6580591817701561,-0.07920878749049821,-0.5831802131131858
0,0.0,0.0,-0.2727936834213591,-0.14001678396599318,-0.5014532127652429,-0.4833118857638968,-0.564822801495496,-0.7702384361999649,-0.46223597221529783,-0.8798098234387689,-0.3119143421137993,-0.8209257631791994,-0.3768067117507162,-1.0,-0.36311127919645564,-0.713925581071291,-0.33283651737086245,-0.6575507717057295,-0.15375623114646003,-0.82308206266306,-0.233951923094975,-0.961990554169176,-0.22037664421225397,-0.6254052839663061,-0.1826400473438842,-0.6113187261791696,0.0041248588559409625,-0.8045189462105806,-0.07406263969689568,-0.9409217330247999,-0.08767525800184861,-0.6174476064283049,-0.05036086778486068,-0.5798294944304809,0.1607729135241927,-0.7578023225955028,0.08424441175912276,-0.8848452218368451,0.050585530118624634,-0.6592996751470266,0.07733098644286933,-0.6093593452125542,0.0,0.0,0.3138850263341013,-0.07318337587838267,0.5912094693898325,-0.39800746370474893,0.668540486839783,-0.7296861233389346,0.566602619342339,-0.8806106504715066,0.4165063716248203,-0.7704014174299679,0.4275699695810556,-1.0,0.37527502293379633,-0.6904770488840378,0.3564261875794848,-0.5607633083765559,0.2311438008528804,-0.7878139008143059,0.2469182232546456,-0.9772858214352115,0.21543135213138798,-0.6172152044294922,0.20965731382505562,-0.5526565383293074,0.055655310402129066,-0.773052618482248,0.08163076552576184,-0.9430242731818678,0.06764780663834728,-0.5988281083394188,0.06425675059505337,-0.5201912842383964,-0.12302411765856366,-0.7518453664777058,-0.0875972639209263,-0.890501932612695,-0.07983965547346596,-0.6633453015585085,-0.08974307314520198,-0.5892214809730197
0,0.0,0.0,0.3029633715472064,-0.0560585296371033,0.5790862297806217,-0.38005567583045097,0.6638622553956194,-0.7154580106217218,0.5611652424819686,-0.8810623629027219,0.4173032229796181,-0.7625425580316263,0.4403266569682746,-1.0,0.3845351384354705,-0.6971020010022955,0.3591255436524258,-0.5617138198071547,0.237831985270222,-0.7804799825740122,0.2691955010636528,-0.9686899366174863,0.2340911948320302,-0.6088543291308361,0.224190578673793,-0.5347725499535365,0.0677856874519587,-0.7665457169938263,0.10376668850770655,-0.9313701157859524,0.08730660829897614,-0.5881004895287228,0.08078491226652526,-0.5051694504163642,-0.10915114058159736,-0.7406504079322374,-0.05926981497184463,-0.871420601964489,-0.055996544916462415,-0.6393570854433024,-0.07183991479735889,-0.561530626098378,0.0,0.0,-0.27179758453017483,-0.1440830092923422,-0.4996868966352326,-0.47734342511659067,-0.5581676227698843,-0.7617287813362995,-0.4520255821137327,-0.8837960059765843,-0.30449357464167676,-0.8453050625521746,-0.3729516256406245,-1.0,-0.36314223200937235,-0.7121022294638883,-0.3286409811426483,-0.6714111659244548,-0.15003595054160032,-0.8410718697065755,-0.23464677653788552,-0.9599603328750579,-0.222554401985831,-0.622293931804894,-0.18027373674834754,-0.6200854151282177,0.004803054227204772,-0.8162156166324396,-0.07818657248376039,-0.9354978343499801,-0.09029087899184694,-0.6151939760415162,-0.04642989246656069,-0.5891120459283083,0.1592975790061211,-0.7646061504372178,0.07664027936686389,-0.8800597570035058,0.043743876586452984,-0.6575924141042792,0.07508448487757151,-0.6174926452748791
0,0.0,0.0,-0.25806179022349035,-0.14823348581818746,-0.4804412006782329,-0.48157647128016634,-0.5486586151388718,-0.7613981405042716,-0.4449936267783249,-0.877035073394298,-0.2934906607768401,-0.8370662471408385,-0.3726155064038118,-1.0,-0.36114066527803707,-0.7146197187129348,-0.3250459105189086,-0.6705701827869045,-0.13977506634336168,-0.8365191179186285,-0.23126575348516018,-0.9502449293368413,-0.21905156681652255,-0.6170060516593192,-0.17556493401943818,-0.6191999767447547,0.013754621332158252,-0.8119188089979321,-0.07208202161092825,-0.9296649385600699,-0.08689619879268771,-0.6069222437661239,-0.04276508923468047,-0.5840620220999193,0.1660336635450481,-0.7592918732719826,0.08735431811260248,-0.8732367166522993,0.04986537533954743,-0.6494784414073164,0.08030067770336875,-0.6107895550147109,0.0,0.0,0.280045986406768,-0.08367195734280818,0.5607066078976178,-0.39539921769312786,0.6619018159493311,-0.7011546445582455,0.5569453700762267,-0.8732409950829193,0.38736663891046097,-0.8028958408014184,0.4364847972309743,-1.0,0.38553350554758675,-0.7045741139133037,0.35056463822004025,-0.6102228162129555,0.21490907250590605,-0.8149216035914116,0.26618403078236297,-0.9664062376505707,0.23036539523528102,-0.6011053360752997,0.20371229902458948,-0.5567381546185527,0.045874289883908355,-0.7912096793520855,0.09796319506731602,-0.9353622898716705,0.08042604925851157,-0.5859510086822703,0.05684835933289243,-0.5289635071334129,-0.1333315783864653,-0.7589982882256748,-0.0706567742053915,-0.8786233703852333,-0.06107081248855885,-0.6462427394916076,-0.08806491229769882,-0.5815823382827084
0,0.0,0.0,0.27841481566754583,-0.07176735696637512,0.5603513755876298,-0.3693830552822533,0.6486612611090878,-0.688662315467164,0.5397318164922045,-0.8665954616340076,0.3821682228310483,-0.7911203684228363,0.4362667439862589,-1.0,0.388180888038469,-0.6944900645579146,0.3540862561735086,-0.5731331810252126,0.210555307805316,-0.8040375997000458,0.2696289466478675,-0.9682186351334704,0.23455607490461017,-0.610665369877958,0.2041406685813666,-0.5405857927400991,0.04362379643142826,-0.7824340178950386,0.09831243534660139,-0.9381565194564031,0.084373122260888,-0.5985733351766669,0.06356568839092586,-0.5153497859814486,-0.13750671749820195,-0.7549168859211458,-0.07283435658067372,-0.8885406339381726,-0.059840738136723345,-0.6570595459482257,-0.08152447267302904,-0.5708189726356424,0.0,0.0,-0.25406444496781744,-0.13718909147078845,-0.47687161810163214,-0.45600743790051984,-0.5419170683489258,-0.7440543488283721,-0.42615810472145754,-0.878324663417969,-0.2772699428120362,-0.8156437889360643,-0.37819492303382235,-1.0,-0.37081481542389394,-0.7136555131440694,-0.3237763202948848,-0.6468671133087557,-0.13259220582733428,-0.8142870651362509,-0.24681801282838148,-0.9442186827327824,-0.23132551915241764,-0.6015685136709011,-0.16979932821615487,-0.5834790979372513,0.013648758891386331,-0.7965145706850163,-0.09637179165655976,-0.9216146070405156,-0.1106945662330828,-0.5950480168633133,-0.05082674989472176,-0.5558047515873962,0.16018832031132993,-0.7520675942115467,0.05902817463090946,-0.8762354262315205,0.0234991610043515,-0.6532809516565833,0.06610663144274949,-0.5998753693548396
0,0.0,0.0,-0.27476971502899017,-0.12096018312277898,-0.5134887269821298,-0.43785095344566677,-0.5833303223777057,-0.7315482440106779,-0.47195533938074913,-0.8753812401169809,-0.32716220265927604,-0.8337878105180827,-0.41303341735670684,-1.0,-0.39701415928451195,-0.7130250221039566,-0.3499744423001717,-0.6619032463060888,-0.18052423571319265,-0.8440382547225953,-0.2850581504089232,-0.9545861990546308,-0.25847203211874925,-0.6106287087888732,-0.19927806139799023,-0.6012122107357217,-0.026643237889582234,-0.8378116870419805,-0.12621252954278817,-0.9684176436332104,-0.12856346598541138,-0.6313259292163297,-0.07302966606022478,-0.5847033181439477,0.13164712733579312,-0.8046937433050516,0.0408630957441382,-0.9493195063166306,0.00851879048849744,-0.7074118923537314,0.043809404383384626,-0.6361375248669512,0.0,0.0,0.2897596084080957,-0.048982498343184466,0.5770028020004458,-0.3320760983228389,0.7093650843517326,-0.6048754508557845,0.7156427322271939,-0.8199993716816939,0.4409687471482577,-0.7699077419287278,0.4892237426527898,-1.0,0.43251651953546333,-0.7129737258228351,0.3984178346655177,-0.5765691127696719,0.2729724392663037,-0.805555231423096,0.3259443100541401,-0.9748167030941685,0.2720226314269857,-0.6240607015323487,0.24002477369321013,-0.5309681637098307,0.10050415064080988,-0.8057224837721837,0.15560228049625177,-0.9678695970235665,0.12060525004824588,-0.6279209695250662,0.09208348854291488,-0.5252322159739458,-0.0831239686977804,-0.7904702064923232,-0.017551323881630814,-0.9161598980329149,-0.0253177869432464,-0.6881551527337082,-0.05724907285649958,-0.6038291512766082
0,0.0,0.0,0.29656593017870947,-0.06792658024100694,0.5773452527642432,-0.368477775899994,0.6743367522221985,-0.6800806547805598,0.5977533242723654,-0.8806128874681206,0.43489366586503814,-0.787175953365372,0.48546502786393103,-1.0,0.42225115596105106,-0.707434674943726,0.38644843116454597,-0.5742389752272713,0.261038657749574,-0.8135291941160306,0.31765225189914026,-0.9846283561748539,0.2702870073495399,-0.6369323572031389,0.24017846351267755,-0.5381019520223599,0.0892046474884113,-0.8044899132596132,0.14809194687300073,-0.9613094553289785,0.1231573585453576,-0.6253075532133509,0.09752468426123623,-0.5109423221520566,-0.09056822266178231,-0.7808599879451571,-0.021964780710558674,-0.9088938980754832,-0.018743720333991614,-0.680053678168489,-0.04374310542592236,-0.582584269514339,0.0,0.0,-0.267646374454423,-0.13347239621404244,-0.4937029193803515,-0.45819840316640303,-0.5545066949963217,-0.7420448589432318,-0.45078631245196454,-0.8655785290045996,-0.3012680184362124,-0.8287650981157175,-0.39790982614397824,-1.0,-0.3840577530102217,-0.7164191347390044,-0.33171573823586786,-0.6707660053541168,-0.1574451132520266,-0.8325947723325193,-0.27028817746147177,-0.9570006604507517,-0.25166205604664993,-0.6176723459163695,-0.18629294398860546,-0.6134179619100893,-0.008970613467084403,-0.8224999823723109,-0.11780655138941445,-0.95734169747595,-0.12662133608481974,-0.6238885742019945,-0.06338658462348432,-0.5865491330702499,0.14312132315784773,-0.784371055804563,0.04124808739573222,-0.9258233893580465,0.008171961632747075,-0.6906136081059165,0.0522172107354977,-0.6279112128555211
0,0.0,0.0,-0.2812836787013284,-0.11844175770785732,-0.5110201093412561,-0.4488843401917187,-0.5652731319199166,-0.7409629426805721,-0.466052286457729,-0.8755652595665251,-0.3064197291762842,-0.8064435207917849,-0.3778738810636271,-1.0,-0.37051663701758325,-0.7065179008949821,-0.3360682560578879,-0.6469096778448302,-0.15238487988573346,-0.8045320523148407,-0.23907777019970766,-0.9518332483235259,-0.22712957915553955,-0.6002561981332347,-0.17804309371141688,-0.5860340295233079,0.003382792067124078,-0.7895875786062454,-0.07803670754094036,-0.9394632778501729,-0.09177532200073295,-0.605556510930369,-0.04263060970814783,-0.5679467668864121,0.16353229523975688,-0.7504405622835276,0.08498093748982595,-0.8919247083022721,0.0508735696856418,-0.6616784275161303,0.08452409673253466,-0.612123205506966,0.0,0.0,0.2968962785259063,-0.03522320067723222,0.5954018801310297,-0.3546791404737794,0.6970678751650377,-0.6774952883474722,0.5988359363424364,-0.8718166263529781,0.4398872648066689,-0.7650284492269304,0.4732943440350998,-1.0,0.40664947003936364,-0.6782283431498659,0.3666945622292038,-0.5465170105520254,0.26143843896840996,-0.7913844472526135,0.3079749142842582,-0.9811241337590257,0.2561784699421578,-0.606769538140084,0.22802534335843383,-0.5338517016214502,0.08382400267268902,-0.7837856393927183,0.13264033268938388,-0.9623792122928595,0.10402748377464476,-0.6056927238117529,0.08145791316969404,-0.5246409753804948,-0.10349597775401635,-0.7720402469972357,-0.04727932148428615,-0.9081473131075956,-0.05236469747746098,-0.6742094002776501,-0.07958929584270395,-0.6039326372891082
0,0.0,0.0,0.29687477845576826,-0.03366905169143636,0.5849496836920978,-0.36960220090356233,0.6873411289272362,-0.7027192161767808,0.6038108007352924,-0.8917047077426669,0.4310920273743052,-0.7686097699997317,0.4620795349517996,-1.0,0.3983533251212454,-0.6815096484762446,0.3614300136182217,-0.5542686024624485,0.24620334537515987,-0.8005287176948973,0.2876084762359523,-0.9890840453469549,0.24136072930670535,-0.6151535927303171,0.22263387488468794,-0.553165489423792,0.06679652657909094,-0.7924594360010113,0.11382181877752738,-0.9656774132751812,0.0886127301033375,-0.6142697062298947,0.07198319743105762,-0.5474143375028548,-0.11894932027775675,-0.7727840177963959,-0.0638386588658375,-0.9166936973351869,-0.06591536677690527,-0.680885779919678,-0.0904020440202526,-0.6087362538961791,0.0,0.0,-0.28236478310390456,-0.11904606023886792,-0.5142670873415639,-0.44930197692720203,-0.5766452972036251,-0.7445874796415475,-0.48613311629464795,-0.8814230591526572,-0.3208863274981051,-0.8128855528850153,-0.37922115154485986,-1.0,-0.36308679181308395,-0.7027802289361701,-0.3296677699422752,-0.6399554449796792,-0.15896088430334393,-0.8155689354947546,-0.23238530523132608,-0.960184316172096,-0.22197981378766013,-0.6052354905507147,-0.1786916619516804,-0.5950424565355715,0.0022161337887155177,-0.7940087398960888,-0.06534079973189802,-0.9271270035656027,-0.0799176633935949,-0.5969476818167453,-0.033235705961675556,-0.5687016734419058,0.17010515264396772,-0.7420696917467181,0.09972680810083044,-0.8728544679413259,0.0637923611610887,-0.6443558144075081,0.09098002043647498,-0.6022484848132811
0,0.0,0.0,0.29037369387648915,-0.06133810170970789,0.5599942657861644,-0.38419403997205265,0.6524892975973473,-0.7008164295718418,0.5832215789729505,-0.8880543564072988,0.41233708184187745,-0.7613033923720396,0.43507790758151715,-1.0,0.37979327709464217,-0.6952941975023409,0.35084459745197916,-0.5629389922900733,0.23698940498002982,-0.7887237691300161,0.2693459591671729,-0.9794726707325768,0.22985739622582524,-0.6190953174940843,0.21721225562945415,-0.549249680903205,0.06679748867985251,-0.7814009767862836,0.1033431451627581,-0.956885264119645,0.08421221901442183,-0.6160282196979024,0.07568830372404856,-0.5376806154237505,-0.1113028463583995,-0.7645004628268561,-0.06830063211249679,-0.9065888429499896,-0.0640952029382814,-0.6774438339321996,-0.07890378875652995,-0.5997197558227002,0.0,0.0,-0.2803221499219907,-0.13297086019758503,-0.5074484191947982,-0.4651582631666476,-0.5709290264654736,-0.7519287947928452,-0.4806214978740912,-0.8822643548109561,-0.3050695931117287,-0.8397780941513716,-0.3881848882155536,-1.0,-0.36842869241469206,-0.7127311318986292,-0.32632022155978163,-0.6546880061830637,-0.14784001322744966,-0.8445420908791159,-0.2402673944327433,-0.9672595627443498,-0.22540420144559875,-0.622198082981098,-0.17443564643873027,-0.6160438582240418,0.009828302704801967,-0.8203314360530675,-0.07465395703578237,-0.9385350407253564,-0.08870312354303392,-0.6126366363826001,-0.03639432796192494,-0.5864522461190028,0.17227368900689347,-0.7611762817216065,0.0870746860643627,-0.8715964551203976,0.04895886705355675,-0.646958407553489,0.08230530607222611,-0.6115049973035613
0,0.0,0.0,-0.2744227260663032,-0.15024545505842227,-0.49097051404496145,-0.4717079868505472,-0.5445580868507562,-0.7523815096792261,-0.45229624304335014,-0.8838392556724256,-0.2902532711667109,-0.8334890982008322,-0.36197108039933207,-1.0,-0.35804588933310205,-0.7170926167034832,-0.32475553762912773,-0.6566421246439387,-0.13865149143467384,-0.8299697596024234,-0.22916808603570749,-0.9498676068288544,-0.22242115448517133,-0.6148292890894234,-0.1734066319887816,-0.6031141130911455,0.014414241200086103,-0.8079005389770929,-0.07483275827117716,-0.9395530607169503,-0.09316195018171407,-0.6149891640316908,-0.04426132552001154,-0.5793449934064648,0.170969845287033,-0.7562874739550135,0.08575273929517094,-0.8874892110537326,0.04510584139151806,-0.6626084902998752,0.07744739278451993,-0.613236600285476,0.0,0.0,0.29813527204557094,-0.05686575497817213,0.5785423784712679,-0.3685183374366066,0.6709801856743206,-0.6940442459186655,0.586674902143442,-0.8791040881331023,0.4367790799603077,-0.7657114092212267,0.4587561151308081,-1.0,0.3954134566147562,-0.6950213939171264,0.36568797572173734,-0.5711712410207748,0.26166105902059544,-0.7879194234780521,0.2924662167049028,-0.9764077313190167,0.24736766582093914,-0.6098042290234017,0.23681055606826382,-0.5507853693958497,0.09159414336094243,-0.7816725732586162,0.13046678952377921,-0.9531247848312933,0.10455026485640473,-0.607493512392271,0.09317674355361787,-0.5396925872029948,-0.08721445123662337,-0.7709163076905273,-0.03543428639208006,-0.9022496738114731,-0.037320712031221524,-0.6726365579950182,-0.05853890684171394,-0.6060916683783729
0,0.0,0.0,-0.2661822901865709,-0.15065419836323554,-0.4817335576143398,-0.4723468217442056,-0.5335413947770992,-0.7594030618457078,-0.42765386153847706,-0.8994363589949292,-0.27752948728819776,-0.8353271932730035,-0.3735259996341637,-1.0,-0.3645969511478645,-0.7128876411076751,-0.31389020722619604,-0.6595723255279675,-0.13339246155498785,-0.8362589220196357,-0.24772312848033115,-0.9373495867987993,-0.23606475772420268,-0.601985485059576,-0.173459037931262,-0.6029420808153153,0.013449691520271485,-0.8161896774804925,-0.09463577168546011,-0.9340185277140016,-0.11170775753232347,-0.6085707619307598,-0.05162973561104682,-0.5787975591350358,0.1611805601372211,-0.7649905219730829,0.06511011884526123,-0.8923308911764795,0.024856255805802547,-0.6660034717481093,0.06422902022527942,-0.6117006446716104,0.0,0.0,0.2795465760783363,-0.0645629734642125,0.5678619416667423,-0.36302696548477764,0.6681804058811522,-0.678804613379178,0.5887498046104396,-0.8821020350805261,0.41813097535784566,-0.7794716155045307,0.4602177908217839,-1.0,0.3950960319719309,-0.6920500764751225,0.3566492457355869,-0.5797444387625792,0.2463116266342268,-0.8063786911053048,0.2956546000805459,-0.9802090026051515,0.24783205457283145,-0.6204953839495928,0.22562327512396613,-0.5708777467810089,0.07597653561496363,-0.7965529127710707,0.12617481368175537,-0.9647181731654438,0.10032613281531082,-0.6214933245468208,0.08447590161338417,-0.5608119412385787,-0.10720116133292042,-0.7829304101308353,-0.053265718427123944,-0.9082379050507067,-0.04919126295849766,-0.6817736400279495,-0.06993597868537942,-0.6209005416971867
0,0.0,0.0,-0.27003986494805243,-0.153822218148257,-0.49829702262039244,-0.46572656923299516,-0.5542238781692679,-0.7647004242615414,-0.4468751937754604,-0.9261997453172616,-0.3087792303261179,-0.8334775696760389,-0.39593662407875213,-1.0,-0.37750380361570407,-0.7184565003859783,-0.3306141862059731,-0.6587347911538638,-0.1614447269260045,-0.8431968974358283,-0.26256833252902473,-0.9631342467403036,-0.2382499054151086,-0.6311090381817414,-0.18572585928464166,-0.6077384819866332,-0.00809183855954175,-0.8315789071648167,-0.10586543153626533,-0.9556805753637138,-0.1060748213671089,-0.6326329558025696,-0.055375746906107984,-0.5905181904045538,0.15170899846058034,-0.7846528936686087,0.053825093888423076,-0.9214111886063174,0.027097785051003947,-0.692289511546546,0.06616965788577381,-0.6341022792936822,0.0,0.0,0.3065361014221753,-0.0628520449441649,0.585803809594411,-0.3578493161365196,0.6835191521396536,-0.668152450239202,0.6151630957843437,-0.8762606516162593,0.4504929108517075,-0.758754999086137,0.4850247893322154,-1.0,0.41584306096808127,-0.6931332463352816,0.3829841269029759,-0.5609999066965068,0.27708159454391845,-0.791074306646404,0.31836059371696834,-0.9883578968625741,0.26267029485182,-0.6237696400657982,0.24260620941138278,-0.548576482662805,0.10336033170030919,-0.7911116280437069,0.1465469399649537,-0.9749491623774753,0.11203027123197677,-0.6258565708026529,0.09554903993261699,-0.5398133674508847,-0.08138288558307653,-0.7881949352818852,-0.031146367618319695,-0.9342269166518616,-0.03504888208355647,-0.7012051488190717,-0.05729115674603428,-0.6212430325935943
0,0.0,0.0,-0.27623189810666404,-0.14366072726821186,-0.5060166401427924,-0.47309826224227347,-0.5665591692025573,-0.7657281634677126,-0.4589103594522396,-0.9115006531161914,-0.31575894665036114,-0.8406052009759291,-0.42146022440279224,-1.0,-0.39608763172979056,-0.7104608344585784,-0.3413250107250451,-0.6634320624972712,-0.16649996615251875,-0.8473190191200216,-0.2878401822076008,-0.9717997406762205,-0.2601130866379357,-0.6311351563973943,-0.196049418123744,-0.622926641492686,-0.013090763723351117,-0.8332104275878202,-0.126661080163253,-0.9563346462417479,-0.12590001253758773,-0.6298769914435971,-0.06460502793318468,-0.6040060997567388,0.1442707830544688,-0.7886312919763845,0.0365036072602647,-0.9174645192275724,0.005902079437034272,-0.68792321869118,0.048907407310975835,-0.6376893506210513,0.0,0.0,0.3284674824943352,-0.05034513424405324,0.6068807591915136,-0.35130313281709724,0.6911583540505423,-0.6798957614315287,0.6039354156709958,-0.8742480208548585,0.4602398719557592,-0.7567513317567824,0.4851517645100563,-1.0,0.41862850792891654,-0.6920203105119727,0.3895201455669303,-0.5654938990429168,0.2824309025401983,-0.785164301449652,0.3200225196033415,-0.9825835897377502,0.2659799371009572,-0.6230847815284773,0.2485871940799745,-0.5589726809703881,0.1078731645747393,-0.781596799742429,0.15163043290175227,-0.9636851859480444,0.11895747141873612,-0.6210087625728032,0.10569589001609707,-0.5475896310243595,-0.07626227054358406,-0.7730013489211143,-0.023082258511247913,-0.9085063525889785,-0.02870546107079307,-0.6866259657099631,-0.04873202196721886,-0.6222760763598979
0,0.0,0.0,-0.27721788128141983,-0.14746031327422268,-0.4984400975878213,-0.47046883653442817,-0.5554203984023304,-0.7510502433973221,-0.46061292436545775,-0.9055147668008342,-0.3000941942411641,-0.8482139169627756,-0.4074603033223747,-1.0,-0.38501410923247864,-0.711731885273106,-0.33657707183791225,-0.6606751234153548,-0.14833846434028952,-0.8548872281466127,-0.2715632412571771,-0.9693192488146105,-0.24571590360042933,-0.6255353472224641,-0.18340459685810206,-0.6176978688615136,0.008001285778759472,-0.8382963033363072,-0.10830954427004937,-0.9506974503863058,-0.1099101994997206,-0.6186116475433614,-0.049440382708266055,-0.597548362249257,0.16691916163642218,-0.7877510664649096,0.06196856509777442,-0.9034937455123385,0.029478368912019194,-0.6737912609837302,0.07343090456824654,-0.6358357089223791,0.0,0.0,0.32219045182425154,-0.03832806068768717,0.6069290403126031,-0.3568672128893948,0.7050707808876554,-0.6819069486611133,0.6211608034128289,-0.8791951675551247,0.4716066122660217,-0.7597558170564171,0.49977936426359215,-1.0,0.42470368884532206,-0.6907966202356383,0.390230829118661,-0.5594053156534232,0.2943672128893948,-0.7922798494488206,0.3404803625771242,-0.988439001884136,0.27496541932133367,-0.6240113227856461,0.24958630097477305,-0.5439901273790922,0.11819903960279503,-0.7899280488276038,0.16889370804607823,-0.9633319017374123,0.12568874963274174,-0.6198978056150307,0.10475940877484441,-0.5379938219747578,-0.06622958066518894,-0.779851919671296,-0.008524996473422182,-0.9055546520727742,-0.02434939131716109,-0.6839254090605646,-0.04745729246875722,-0.6180150173813116
1,0.0,0.0,-0.13106883598903973,-0.06470344703210082,-0.22752597072217795,-0.26012912466012467,-0.22706997334969167,-0.43238436997920765,-0.1598248411940444,-0.46470502669967295,-0.12225205307419765,-0.5058106097056092,-0.13521072436314716,-0.742576582612994,-0.13928021130686558,-0.8763338811708232,-0.1380360914548541,-1.0,-0.023486102545436833,-0.5004263127860268,-0.09143497660446506,-0.5213663861220939,-0.10731300520566285,-0.3319745120637238,-0.08560034278786315,-0.2813327392028076,0.06806629601522272,-0.4556956559799961,-0.002829316260637251,-0.4424729169285734,-0.02750846273992024,-0.2799643521684558,-0.0011447324339320492,-0.2455690653699351,0.15230338568834342,-0.38582590615326595,0.08306484469564084,-0.38249030643576315,0.04956430793776373,-0.26939900889023743,0.07474881640116185,-0.24515045346332243,0.0,0.0,0.29090328893704803,-0.1350851218540333,0.5337213161951515,-0.4466898140678869,0.6234585179009654,-0.7150365808481894,0.5574491533839254,-0.9100230448462764,0.3939065354263547,-0.8928330853254631,0.38252687627396376,-1.0,0.32744805529562465,-0.7323701172903383,0.28806201672546067,-0.5450900319846358,0.19942809360114683,-0.91346563921621,0.18139543260301708,-0.9911017327533226,0.16164009868286935,-0.6833223399436248,0.15246618375794832,-0.5072732716552893,0.005325478124905418,-0.8662175760663776,-0.018489905967121887,-0.9246581355961456,-0.0062097018477649405,-0.6520610917298942,0.0029847865994206395,-0.5057614617031074,-0.18242088824087505,-0.7846101048636808,-0.20960354509928694,-0.8383476447506751,-0.18317254093880797,-0.6491935554473309,-0.15388650719623037,-0.531204592860625
1,0.0,0.0,-0.13397808691357369,-0.08362969436723422,-0.2302703439765685,-0.271850145080615,-0.235311766863434,-0.4398324322474634,-0.16572524629094945,-0.4747609432393318,-0.1258221896250023,-0.5169449812620198,-0.13347429592542123,-0.7490495043604853,-0.13919685151450215,-0.8749632923469699,-0.13888081114512654,-1.0,-0.028794283221353037,-0.5099604760876882,-0.09588071499286925,-0.5462109179782212,-0.11094903579062852,-0.357353702518968,-0.08888619124775053,-0.31205662131897216,0.062323837419674157,-0.4686449310520657,-0.010723253636253278,-0.47046935182579347,-0.035455591904318226,-0.3032555020494483,-0.009181044291581005,-0.2699639214351486,0.14462548565672448,-0.40531884621975256,0.07083532891553394,-0.4076307940680172,0.03703058929883926,-0.2935645515381954,0.06194183061667426,-0.2686734774732436,0.0,0.0,0.2982907157510408,-0.11359254211523133,0.576665406795481,-0.45974193451450357,0.6556250053430109,-0.7588958865421666,0.5167396208936208,-0.9015538900616887,0.38483719554228385,-0.9678686217725947,0.4129731673342948,-0.9535882107143625,0.3548017024063367,-0.6521859196830824,0.318467738446597,-0.5935490623112946,0.19091076770194573,-1.0,0.2237746889201885,-0.9283627226999341,0.2020671688362961,-0.5719544902404886,0.19589997417220895,-0.5525541146624395,-0.004452638644333701,-0.9403743294035541,0.02587157137368876,-0.8613223777214707,0.03622257027710862,-0.5317620952167293,0.04540406504043979,-0.5076795581971114,-0.1900972052361248,-0.8402384032052367,-0.15880995797349504,-0.7840444351990566,-0.13403911161724716,-0.5654143857946631,-0.12972843515449914,-0.5334462122650662
1,0.0,0.0,0.3069686900774363,-0.14538668764053803,0.5707356364659263,-0.4679757139149118,0.6396236329093993,-0.7500490943265661,0.5169894171081786,-0.8863637569885173,0.40017158372358164,-0.9496551265723769,0.4121167325343616,-1.0,0.34865981966143744,-0.7033863585758626,0.308015151128386,-0.6082004837907846,0.21109195639059017,-0.965344586570168,0.2132750427190144,-0.9647476197781518,0.19394369354626328,-0.63225935755556,0.1890866408082152,-0.5777910661720755,0.026797541062949667,-0.911581433776745,0.024653818654024384,-0.9076114276933451,0.031753667036590626,-0.6028009924509733,0.03852445074379485,-0.5526325300397885,-0.14877975640620936,-0.8304889794925985,-0.13689374825137002,-0.8306416331515222,-0.11742718433106232,-0.6223439463852043,-0.11319698463530814,-0.5709951982336657,0.0,0.0,-0.13507656581525126,-0.0693514520745949,-0.23175172104874645,-0.27449344523382185,-0.225687703641247,-0.4517952424860858,-0.16761090377761612,-0.4962159041856212,-0.12842655364231573,-0.5214646293210056,-0.1440436703894385,-0.7533704109343746,-0.15285523563267606,-0.8816731515051219,-0.15871477998712935,-1.0,-0.03208922929790998,-0.5137646930558343,-0.1028370400851877,-0.5552216381692712,-0.11122540929227184,-0.3609815136732784,-0.08800393835802896,-0.29780001244852383,0.05566856168330928,-0.472781490900277,-0.020371081622120625,-0.4879106147594592,-0.040513223330146814,-0.31329291282417077,-0.017514777244689986,-0.2624544052650534,0.13641390830815286,-0.40913189291634633,0.05773466710886261,-0.4227557670878507,0.029119463213200598,-0.3016427883994277,0.05471220316958775,-0.268648554109337
1,0.0,0.0,-0.138983035927115,-0.06634327554483362,-0.24064987063025506,-0.2690813668366426,-0.23325686183701874,-0.44254149824620814,-0.17187696649095965,-0.49336700665053057,-0.13331445272767212,-0.5046179311376904,-0.1447850396279521,-0.7480099369388687,-0.15403108037457325,-0.8729759800457949,-0.15844729897072274,-1.0,-0.03812401421849904,-0.48978528514918407,-0.10313088399885176,-0.5535142066012337,-0.11168300059131415,-0.352371109262175,-0.08621935403295101,-0.29223298740744297,0.05179370109433696,-0.4536327307724208,-0.019452158915646195,-0.4913919705891698,-0.04033136700857619,-0.3047131686172423,-0.01529287794486212,-0.24898026160596745,0.13743659603311964,-0.3996439185628769,0.061914952820722596,-0.4337727452726159,0.031551472735382995,-0.30344636158854027,0.057712894761347174,-0.2613912567207139,0.0,0.0,0.2827801626927117,-0.13743320240745388,0.5263028013377873,-0.44041053836835614,0.6054118432691007,-0.7197123485849998,0.4952128496769428,-0.8881853431738103,0.354802135310413,-0.8581371749879442,0.41363002770211255,-1.0,0.3605359043817008,-0.7069994976509273,0.3150361022539332,-0.6056089612235795,0.1928895983570822,-0.8634674053896675,0.2506664045131966,-0.967517274220743,0.21959241840096105,-0.6253034082800604,0.18770255504091454,-0.5597767739735913,0.03534181611006825,-0.8248058865857713,0.08666049499737763,-0.9276255281830904,0.07942961003330389,-0.6056730748439776,0.0575837110170331,-0.5297243315463652,-0.13259180693302064,-0.7732424445241185,-0.07576344236336381,-0.8655818977329927,-0.06348178695471365,-0.6455861920884295,-0.08271467880081884,-0.5703781496758868
1,0.0,0.0,-0.13267695084639478,-0.07048563169993632,-0.23006735226446084,-0.27347047076866776,-0.2240616146743585,-0.4495013797465138,-0.16354251433727157,-0.4922276173780513,-0.12499937751476056,-0.5171500110259694,-0.13913470848728937,-0.7530376960461398,-0.14628160517172228,-0.8784385925014981,-0.14917185202191505,-1.0,-0.03139534631311888,-0.5068052640161012,-0.10015666197749068,-0.5513293667084168,-0.10744631527683483,-0.35393221052744483,-0.07823151879630891,-0.31229720548180295,0.05742914745315431,-0.46507998264958067,-0.014029093491664636,-0.4847890783783615,-0.034066606048309196,-0.31057327251407807,-0.005618583693491588,-0.27628001799397334,0.14102450982958462,-0.40401335068034766,0.07076041903024845,-0.42993657290400283,0.03811486697777734,-0.3081894413479085,0.06315728854878708,-0.279011802447829,0.0,0.0,0.29435932821827937,-0.12483100856223285,0.5491112692714478,-0.45451224410690466,0.6221562955961747,-0.7426215253578667,0.5186732963105627,-0.911342188965456,0.3598836446832148,-0.9432045746045836,0.4379848996741741,-1.0,0.37993971941785254,-0.7004476621669351,0.32754891933960195,-0.614637464429075,0.1828009805078967,-0.9516150575643562,0.2615589294990872,-0.9727344723624912,0.23149221045527632,-0.6196907841517848,0.1974082404067285,-0.555270048135743,0.009462611470109758,-0.8944424391588401,0.08133509114326086,-0.9186899378916317,0.07608893270619743,-0.5782982147086366,0.049875109358095554,-0.504186090935029,-0.1674935742649645,-0.8117048130167466,-0.08785294272362927,-0.8545724592378229,-0.07414994003940165,-0.6203171766569888,-0.0974080343565623,-0.5472234255282581
1,0.0,0.0,-0.1318234808687758,-0.07077299072770497,-0.231726938151851,-0.28064238204827696,-0.22513291929065082,-0.45697762238309625,-0.16280033345703715,-0.4967449034388823,-0.12724945786360495,-0.522475140995185,-0.14278730337387793,-0.7538691127971411,-0.15019481160150563,-0.8794680506228019,-0.15388606487341117,-1.0,-0.029941619315833595,-0.5134637864337476,-0.0978155830237866,-0.5481963826185257,-0.10797935164675518,-0.3482194799684815,-0.08328095928423217,-0.30426009415236904,0.060017710304905464,-0.47011717553174,-0.012266713990726128,-0.4849262336417867,-0.034569851579373305,-0.3053286240597863,-0.010057686712195044,-0.26441465362708133,0.14395595684686008,-0.406277829342128,0.0724886436569005,-0.4264304716316467,0.03752600861494936,-0.30168550487074275,0.059751103564393095,-0.26895748294263044,0.0,0.0,0.2763264850946744,-0.1465757886589458,0.5165758880314636,-0.4629657396682945,0.600817173337691,-0.7281269494955741,0.5167669040933748,-0.9126391905335531,0.34502381075939376,-0.9584761997299276,0.42153634329009154,-1.0,0.3668311097812369,-0.7163700765057973,0.3136771916884826,-0.6734184035694608,0.16599097035055313,-0.9850382528986411,0.24358070097374027,-0.9647686883821381,0.21597667174938692,-0.6078729533401863,0.18617065794544008,-0.5933351956479254,-0.011501154377414615,-0.9289574829162079,0.06546970628796168,-0.9047205258351985,0.06637653571945151,-0.5638076457215162,0.044529818932231256,-0.541261788064919,-0.18895502068604578,-0.835674954702694,-0.1013428539566272,-0.8290092670393504,-0.08095122686414562,-0.598940688960707,-0.10628448364383565,-0.5639860745978449
1,0.0,0.0,-0.13046354056379572,-0.07090294982886146,-0.23016743636922185,-0.2768165312370117,-0.22806533057979522,-0.45581789951130414,-0.16693652977282383,-0.5056160408267472,-0.12639265811723047,-0.5233904011365064,-0.1426368031033369,-0.7531265739440356,-0.14971042904874587,-0.8811004159498247,-0.15326212715915583,-1.0,-0.03089320556595263,-0.5155681164752179,-0.09898419650142504,-0.5518492785399638,-0.1082089275611588,-0.3529838387947695,-0.08171176071834169,-0.30822498265910414,0.05918527675699069,-0.4720841694880856,-0.012123684026405424,-0.4849295220584999,-0.0325902271020247,-0.3115670146275148,-0.005902970679638012,-0.27603173117510804,0.1427993233227983,-0.4078350499700444,0.0725143673434211,-0.42767537472320594,0.040206204913091646,-0.3087262121598949,0.06496221607613406,-0.28115013346813744,0.0,0.0,0.28359184990348046,-0.16310687358399867,0.5210430616179161,-0.4763486447041957,0.5898018850312629,-0.7371309615159868,0.5042071595975646,-0.9077974310166546,0.34244015473483524,-0.9802427093210154,0.42677903104909154,-0.9796145679365155,0.36626009129624143,-0.7024582942958387,0.3060730018675118,-0.6521506090933277,0.169384709820146,-1.0,0.2579501515496792,-0.9556636692086481,0.2215839743938609,-0.6092023905365525,0.1850007556343545,-0.5802669069663416,-0.0035457356095020425,-0.9419375765798016,0.08081048668706699,-0.916275279872004,0.07482048534492161,-0.5828744417575036,0.04774037140783678,-0.5388247533238697,-0.1774295053858191,-0.85069033757233,-0.08491286571022366,-0.8523700791345395,-0.06997781232037423,-0.6241760929432424,-0.09543569746785519,-0.5728744829542116
1,0.0,0.0,0.2750952650763887,-0.1907944487996891,0.49571245666059516,-0.4915805394053742,0.5683422110262869,-0.7392514027589643,0.483290767214235,-0.911753973048961,0.31675855909922906,-0.9841742135628132,0.40452440355632435,-1.0,0.3437390016407819,-0.7147584061563532,0.28571137890524206,-0.6775695856544949,0.14588995089281523,-0.9932602278312208,0.23580392723317842,-0.9731106747419312,0.20823798627002288,-0.6366244970661352,0.17201567977518292,-0.6194940005697346,-0.016154367659468663,-0.9341601043589167,0.06540767549636001,-0.9184423170577368,0.06439386994220817,-0.6054147591663988,0.03861047372490585,-0.5698756645971677,-0.1734029543912717,-0.8503029118624194,-0.09167472001838892,-0.8607971633121345,-0.06959437492201925,-0.6441614057149655,-0.08616162126603609,-0.5900370685233276,0.0,0.0,-0.13562776536838905,-0.07364266511359441,-0.2338133911257984,-0.278327305592758,-0.223075665722999,-0.4477043201692876,-0.15928998067284608,-0.4967747040515852,-0.12573620204791774,-0.5160123925843724,-0.1388988903974512,-0.7520005192500621,-0.1489520928540403,-0.8752803076356135,-0.1495380033970532,-1.0,-0.029641735625910905,-0.5010847051097577,-0.088013762632678,-0.5510152848598447,-0.10160636096362236,-0.34677396163927393,-0.07721250929033464,-0.2966962777451541,0.06150557081764531,-0.4603876043833276,-0.003729102581395799,-0.49372636536672254,-0.030926704107219122,-0.30682854554661937,-0.008194352391234873,-0.2567164036971256,0.14759194337918893,-0.402447241581154,0.07966854704773323,-0.4342960405741798,0.03978803721283758,-0.3049178205957204,0.0590631909407404,-0.2645912368658021
1,0.0,0.0,-0.13009612973636028,-0.07991326857338708,-0.22774431546572144,-0.28191076115485564,-0.22721988617402206,-0.44839945522273633,-0.17769306671717583,-0.5195105663338474,-0.12267359363584707,-0.520880951736703,-0.13237221635955299,-0.7600963281651649,-0.15096001659586367,-0.8781018661327128,-0.16103688069919095,-1.0,-0.03507485275680746,-0.49873528695511,-0.09872994741636677,-0.5773537895391943,-0.10858803474307979,-0.3768330401998719,-0.07638325621668425,-0.3295609492112455,0.054353040921431214,-0.46345248081103263,-0.016474064453283546,-0.5281961198149201,-0.036753343976332856,-0.33658951393962355,-0.0065572422003950534,-0.28669195731976804,0.140031712530779,-0.416513605902355,0.06923981924939795,-0.4774941688989907,0.035719638138016256,-0.3403289228021755,0.0622076467245718,-0.29334098186180335,0.0,0.0,0.2868986411056541,-0.09340772952114614,0.531111825751706,-0.4144148262700832,0.6069957534059062,-0.7172629580498089,0.5095316503021853,-0.8910535667790912,0.3713535266593784,-0.835718577686556,0.4270019592187192,-1.0,0.3726334427101273,-0.7010014689542522,0.32434449460065384,-0.6015910211714903,0.20807076203019934,-0.8373656666164841,0.2706693371104191,-0.9731137495011309,0.23852193933489557,-0.6175790025981915,0.20062864726154717,-0.5492238924318773,0.047976818320232026,-0.8058500163815592,0.11363560528613342,-0.9419467492917307,0.1010027563582651,-0.6019585881539389,0.06495899092748,-0.5241021736371712,-0.12309040545081604,-0.76023755494128,-0.041596680494436704,-0.8682391912580538,-0.03332550381505101,-0.6348680502844243,-0.06717858053986368,-0.5587893042474611
1,0.0,0.0,-0.13129148261227047,-0.06701135528257594,-0.2361782175344059,-0.2781512523038598,-0.2372433851763294,-0.4533526883410058,-0.17674013662770477,-0.5091435021270825,-0.13593911154459568,-0.5166948826413955,-0.153260909273339,-0.7529270841830237,-0.16514014323339557,-0.8776468427550335,-0.17242191648104843,-1.0,-0.04641486140309877,-0.500969960621075,-0.11314922805997367,-0.5725040872711841,-0.11728103761390438,-0.36497642719202594,-0.08869866389894894,-0.3138309903982281,0.045086341883532666,-0.46388851495563427,-0.02476883835424218,-0.5234508278882257,-0.04143970030181001,-0.32928555450520625,-0.01456467246532888,-0.2765492471764425,0.1331126765708658,-0.4117686136606687,0.06349920456473251,-0.4750078442578281,0.03165076713588757,-0.3378942208712806,0.05497235868700886,-0.29285154160309107,0.0,0.0,0.2888692349244955,-0.1302305086451977,0.5211580843856144,-0.4375325256632539,0.582713828990736,-0.7181113678709813,0.5297957545639291,-0.9087721994673655,0.37954213303636675,-0.8595273341404641,0.43520607001904577,-1.0,0.36861081375501875,-0.7055819655702091,0.3255520037606183,-0.6334837490775969,0.2143014273991244,-0.86803231758889,0.2748524155051803,-0.9744655005514196,0.23480787500797692,-0.6234507897388329,0.20912495966593053,-0.5969934377929557,0.05219161177188578,-0.8336355579763487,0.11844633164447058,-0.9409497988015276,0.09573622821847898,-0.6097506882632576,0.06817210491262225,-0.5771661529971247,-0.12005036927582032,-0.7801514583631064,-0.040210370821772395,-0.8596095751957382,-0.03641514835297681,-0.635537303733744,-0.06976018867805818,-0.5935995336977107
1,0.0,0.0,0.2780534739139168,-0.12937149837047288,0.5088630875332516,-0.42791068911946867,0.5706585090488768,-0.6978379175625093,0.4884888035453165,-0.8799882496405425,0.3611990826245023,-0.8206232661191586,0.40163637200725394,-1.0,0.3494772434569362,-0.7051040725751744,0.3139057192552293,-0.6065619890539127,0.1945935308648615,-0.828788828846888,0.24175733063123958,-0.9776064794839294,0.21447502498581117,-0.6238016894604899,0.19331582187530685,-0.5694515914932938,0.02917870121044185,-0.7977734209639613,0.08286162810927182,-0.9227917045069799,0.0712292204223203,-0.5876876686007497,0.0486075375866864,-0.5309084567956314,-0.14505098612976813,-0.7484893413564984,-0.07781598138521419,-0.844748783100343,-0.06639202646031014,-0.6217527103442684,-0.09409908070956852,-0.5667515349008899,0.0,0.0,-0.13445317094582623,-0.0689367516360799,-0.23910411331121204,-0.26611163318718284,-0.246708812889929,-0.4306935385291292,-0.1816165682065839,-0.49372715555659424,-0.13854201968575428,-0.506771317533583,-0.16453573051602008,-0.7424830523959217,-0.17819069037419547,-0.8702910094841169,-0.18581338455419252,-1.0,-0.05188420734375523,-0.4966030097272137,-0.11939304775750204,-0.5656321110151462,-0.12083148412398009,-0.35197021361572256,-0.08797617152635018,-0.30794285661579157,0.03765885257707872,-0.4635394577185437,-0.031300760124778414,-0.5133137697688096,-0.04457398545391127,-0.3218345756304321,-0.011173628832602506,-0.2846072539632968,0.12615143520808975,-0.41077193048176247,0.06027648195585698,-0.4663382406723598,0.02806739057400911,-0.33084704153193584,0.05174715412268482,-0.29231743133064925
1,0.0,0.0,-0.12879453643277392,-0.07009197092919475,-0.22946081885239494,-0.27326901946409893,-0.2343112139249955,-0.4376359337135919,-0.18186247095972,-0.5141257280639369,-0.12189301578589797,-0.5228835999388761,-0.14244892770727471,-0.7533660053433259,-0.1589569099686171,-0.8792124999128287,-0.169444260586053,-1.0,-0.03344955766525753,-0.5103024250996597,-0.10811493301389688,-0.5693304301515582,-0.1129398801819672,-0.36898874309496194,-0.0828770960417375,-0.3111563001732048,0.055339894080438136,-0.4719110801277436,-0.024781732221732976,-0.5144586306996424,-0.039886164671677375,-0.32671353403981446,-0.00983732794066136,-0.2736323861778238,0.13977102513824757,-0.4143648037862567,0.06452218317083581,-0.4635592736140343,0.029322592686345645,-0.32881494369467607,0.05154081556374266,-0.28289419996987847,0.0,0.0,0.27798232627763003,-0.10412522577091503,0.5338067355218397,-0.40717452846589236,0.5969920543277563,-0.710770988231548,0.5143045432336434,-0.9065427358951508,0.36397290932015275,-0.8566933413363442,0.4167900362514434,-1.0,0.354434602835335,-0.6948826174237502,0.30603602086882686,-0.6015909644055111,0.1882977467742437,-0.8634676125103163,0.2484351582272111,-0.9847974054873083,0.2164866294209468,-0.6211511434484803,0.1856548317263263,-0.5680826262075427,0.018162549568953686,-0.8180762213588892,0.07631823222517252,-0.9360759505252891,0.07110868845169188,-0.589357474732872,0.05106871762120261,-0.5321550851753373,-0.16231144583053503,-0.7575247821893969,-0.09650345587333771,-0.848565817139741,-0.07680671630729366,-0.6126626602813375,-0.09598306192024682,-0.5519751180779598
1,0.0,0.0,-0.12566318905855406,-0.07441097262217634,-0.22918238518372436,-0.27784484738695214,-0.23917791540726632,-0.4409727934095301,-0.18112573416225938,-0.5188033516828383,-0.12362173527704642,-0.5309785031503953,-0.14516157031454355,-0.758998628363182,-0.16460952635131026,-0.8818849466549599,-0.1788646295429196,-1.0,-0.0320629996392294,-0.5209624249452497,-0.1094149316513905,-0.5713803224734102,-0.11461203580308657,-0.3734364196441066,-0.08721945067214927,-0.30809419242003855,0.05686535816962359,-0.4811529543332918,-0.02502378074595078,-0.5136314010948295,-0.04077735140059884,-0.32676935540155067,-0.013539230407233835,-0.2701043990984868,0.1404173484010659,-0.4186617005108063,0.065543101458021,-0.4658572257744906,0.029845943279304343,-0.33081884297149794,0.049205212338000126,-0.2817863990075561,0.0,0.0,0.3045143906300809,-0.10354453067835447,0.5528586308425395,-0.42093460239266406,0.6185254466877379,-0.7237018530722243,0.5352664255427338,-0.9116419768438566,0.3821130507275723,-0.8412148585364145,0.4306924964971861,-1.0,0.368869964864355,-0.6890423381085979,0.3243360724107716,-0.5790407931243992,0.2099561486048704,-0.8476419484711195,0.26183990993429274,-0.9786617067575658,0.23022470099457526,-0.618827572005241,0.20423483050503694,-0.5462108763784329,0.040603935874954256,-0.8073903443585799,0.09484318853705956,-0.9228250468316408,0.08674576453775824,-0.5834121895928357,0.06867898087788352,-0.507081103690606,-0.13911319236959568,-0.7502356821304733,-0.076955507780004,-0.8348675669247477,-0.061925715297759684,-0.6061644647871058,-0.08006886151954183,-0.5379896541474181
1,0.0,0.0,-0.13187058837317397,-0.07235727593570236,-0.2340077869040091,-0.2748810946720402,-0.23718321428511635,-0.4429110959427423,-0.1733265370111759,-0.4955902134115592,-0.1205475415493894,-0.5240488598522972,-0.14503289132414143,-0.7489200619843979,-0.15917711618518257,-0.8757411538841021,-0.17016300261651476,-1.0,-0.028085229759508227,-0.5119180136772808,-0.10597470731273757,-0.5567619623958779,-0.11243825678147036,-0.34597586659025137,-0.07975494443694878,-0.3041795245149379,0.061884866307533114,-0.4700877246309465,-0.017094031897336045,-0.5028914678964708,-0.036908093714192944,-0.31568165893074085,-0.0040273347014886385,-0.27404662270072055,0.1475242987857665,-0.40737820095255894,0.07492974045058139,-0.44680379741902565,0.0349724235706752,-0.31512742266917526,0.0587377280689433,-0.2771580819799721,0.0,0.0,0.2929664665792934,-0.1166517462898453,0.5436109489749074,-0.4299084830671391,0.6100352550692143,-0.7241803564188846,0.5306455814122537,-0.9164241113866345,0.3781012064520065,-0.8797524356848107,0.4285973432354444,-1.0,0.36244184189996614,-0.7000915558743954,0.3132723133910851,-0.6131541474681296,0.202465258742699,-0.8910472114183502,0.25359863046950076,-0.9773133110385837,0.2190299058004281,-0.6263499191097792,0.19295595236498428,-0.5880407518831477,0.02986469547503696,-0.8464546112618052,0.07689828081778953,-0.9281939738408078,0.06919986396423955,-0.6009823218413981,0.05315519456272334,-0.5598527058092548,-0.14915716457168424,-0.7821604071034551,-0.09107905693987903,-0.8475030039067013,-0.07923071647663919,-0.6265612851052524,-0.10293437442804622,-0.5825069434919393
1,0.0,0.0,-0.12771874223497665,-0.07743441908983656,-0.22770597132596118,-0.2764407735973612,-0.23446894283235598,-0.43935196655409325,-0.17473945566006144,-0.5067472567128259,-0.11860898800529923,-0.5225262366170134,-0.13382235599201459,-0.7515935132469074,-0.14799945248573348,-0.8768659356784149,-0.15589726735726095,-1.0,-0.028424653175109192,-0.5075061515423693,-0.09864824422321473,-0.5652918303523787,-0.10537067699149719,-0.36347080851919167,-0.07624673058395026,-0.31201749777413973,0.0617184190109308,-0.4661047587350876,-0.014336114520004752,-0.5081787809024176,-0.031740384129880325,-0.32282963770252254,-0.0018926523356194889,-0.27769180388154796,0.1466556415777122,-0.4065754315822227,0.07544355683509969,-0.4563167045480664,0.03912639743273963,-0.32398438848369254,0.0610606297246557,-0.2825728609918828,0.0,0.0,0.2828448111145368,-0.12882461572056506,0.5367354851758595,-0.4312028949774182,0.6035140352439426,-0.725642986494789,0.5115453870582481,-0.9156679421165607,0.36111471576231435,-0.8505701041764085,0.41091755874326047,-1.0,0.359814356485486,-0.7039246149598594,0.32006681233435075,-0.6139682570934688,0.19016825915184893,-0.8524020624968957,0.24866462588717303,-0.9796764047437607,0.22293364364159665,-0.61823581608284,0.19551602023835146,-0.5626351650977485,0.023652242045815067,-0.8112980010891516,0.08092241831027575,-0.9297550930365448,0.07280054251740785,-0.5863593385798161,0.04914572749642356,-0.5242295953000917,-0.15389988083768913,-0.7571124864471329,-0.08581308476454146,-0.8487611907639588,-0.07025788370778699,-0.6181664576217566,-0.09453541465396616,-0.5562136902862804
1,0.0,0.0,-0.13098810776086817,-0.0818225969644919,-0.22499831273082072,-0.28837896959544457,-0.2256616787072119,-0.4528865533689751,-0.17671531936961793,-0.5324887815073327,-0.11980392348672364,-0.5183794812303532,-0.13027308566028103,-0.7508389369788951,-0.14812189522237856,-0.8739809439572575,-0.1598412200529074,-1.0,-0.039440084209335105,-0.5007111162219865,-0.10785700205449214,-0.5862315597665227,-0.1163438076798863,-0.3891500744826418,-0.08376835789333377,-0.3393870698246528,0.04561658023649356,-0.468347076513206,-0.02665033751365562,-0.5372730957240763,-0.04292609845446143,-0.34943087829979,-0.00872622542718524,-0.3054537818088947,0.12856632227608425,-0.4230215722026995,0.05991758525776441,-0.4915166076198695,0.027128051098181755,-0.3579783482018285,0.054668365923257155,-0.3158840963250186,0.0,0.0,0.29701885564274244,-0.11412970062308435,0.5192327454974285,-0.4067253315840411,0.5862916394286621,-0.6907711959649121,0.4989629989857236,-0.8862836353059077,0.37337162182464206,-0.7819977431908777,0.4195734635808627,-1.0,0.37217075091548735,-0.7088491510706209,0.3328809867745128,-0.6058643707711656,0.22125730881193317,-0.7928598680102483,0.2705769710026035,-0.9746776825615415,0.24079620569232002,-0.6269255659508153,0.2119871711839461,-0.562190392578234,0.06682710261613616,-0.7757434176190184,0.11948753919684561,-0.9424853280894967,0.10669369383700222,-0.6131324677265944,0.07932956760819895,-0.5362613272855494,-0.10278833842238994,-0.7501882988815185,-0.032386018893264645,-0.8816763410503682,-0.023795221715462778,-0.6606130754036338,-0.05533436907186768,-0.5847395466030578
1,0.0,0.0,-0.13111299477405924,-0.06862974710601007,-0.23553726269387465,-0.27613639165129344,-0.24172126637401117,-0.4439800708226962,-0.1874189265813808,-0.513870668587863,-0.13350670958760544,-0.515558359485767,-0.14708258958661932,-0.7493114168683066,-0.1606290956337194,-0.8735446124762714,-0.17173323625941606,-1.0,-0.05363460692144723,-0.49599543864489565,-0.11652764744543657,-0.5846805136874748,-0.12241515779844328,-0.3799090561467355,-0.09390314778612197,-0.3385601046132316,0.032502015525182656,-0.46240947184060854,-0.028579806142408067,-0.5370986455985494,-0.04421133824053175,-0.3427009138970789,-0.01691978970348569,-0.3023441200429489,0.1168380409462399,-0.4157288857673237,0.06262841268933741,-0.4939275911103931,0.029370804704658027,-0.3563064301154344,0.04759576826259893,-0.3115198082720196,0.0,0.0,0.3125260436364136,-0.11323234476388248,0.5464025973728303,-0.41052128530073095,0.6081135811976979,-0.7000281924512992,0.4990251829644248,-0.8683132891880804,0.39740652368738927,-0.7850263702562763,0.44408657603825,-1.0,0.38564729180562335,-0.7010768141154791,0.3469329821883302,-0.5949810560479685,0.23850664814674744,-0.7922933756907724,0.29581250415437543,-0.9653970895305155,0.2562113929592218,-0.620702885944344,0.22814282800083432,-0.5654883138851261,0.08113306149392487,-0.7742483732038773,0.15001902417445398,-0.9273259345339192,0.12199687361759576,-0.598104917176079,0.0886537989901143,-0.5304971268912436,-0.08839433675539267,-0.7460121433826816,-0.004062807280528643,-0.8578882707942249,-0.0036739577388278815,-0.6364922631203772,-0.03972362229449881,-0.5731284681872254
1,0.0,0.0,-0.12783487842469693,-0.055491822134296424,-0.23957891467875136,-0.26664937544569944,-0.23216489153688666,-0.4466322375836765,-0.15988624600308252,-0.5016490303880748,-0.13896758758712704,-0.5072404591566791,-0.15232879390858273,-0.7422431621080721,-0.1581259920406708,-0.8692513399737756,-0.15936957971981322,-1.0,-0.04730291458673599,-0.4893437003979665,-0.11115582802327989,-0.5704180948218353,-0.11492730786041269,-0.35181799360493204,-0.08013802304984932,-0.32344942605415106,0.044534632283591356,-0.45453118170734513,-0.014785834234317131,-0.5245774194290447,-0.03127602309585701,-0.3247988314048446,0.000512640610982034,-0.29118527294058105,0.14040774309309656,-0.4043912033309563,0.08235628349934439,-0.47250224287456005,0.05219399139656323,-0.3330821697223436,0.07394872443698097,-0.2935068206390467,0.0,0.0,0.2996243311956893,-0.12212683953062413,0.5328253215544618,-0.40908423231486163,0.5867978753311635,-0.6923373682945648,0.4902801256227995,-0.8557031110697646,0.3935676458863511,-0.7825497005299024,0.42712516866741823,-1.0,0.3748131754602218,-0.7110145179447445,0.3454885061340469,-0.6002677053356231,0.22749730805372387,-0.7895320318145411,0.26958459770143084,-0.9661117727919818,0.23525713136249,-0.6222922937504004,0.216276512967653,-0.5614681807665896,0.06708423965931527,-0.7653851003068758,0.11493580335470162,-0.924894086857957,0.09651509754454513,-0.6010476455109679,0.07626031844734986,-0.5328596976778062,-0.1041944378820391,-0.728917031747217,-0.04124451359111549,-0.8516063340200397,-0.03323135763449837,-0.6329572565038197,-0.0601509734053253,-0.5639397934331608
1,0.0,0.0,-0.12688199403468284,-0.0700095018331057,-0.23584614943418608,-0.27353022535299637,-0.23475313838010442,-0.4495731358580302,-0.16775396274031049,-0.5161643124033913,-0.12822025351279082,-0.5171144395930403,-0.14406711792750826,-0.7499461098857731,-0.15136272539354376,-0.8716210926440232,-0.15390893157159288,-1.0,-0.039991655941491025,-0.4942413481322705,-0.10594586003543363,-0.5656913617612361,-0.11188120862239583,-0.3479747390755998,-0.0782488387038155,-0.3183997994911741,0.050713782349712244,-0.4565955466814661,-0.012836089254039037,-0.5177840744203818,-0.031955364562343526,-0.32346145758265754,-0.0012899954861943376,-0.2910109942567533,0.14063588482797282,-0.40429253209569493,0.08568385053719225,-0.4728920519138721,0.0476775282909771,-0.33802921396982166,0.06692621844271517,-0.3007066690229971,0.0,0.0,0.29093176766660994,-0.10760565414030147,0.5253309507970151,-0.4102628525457555,0.5975679048635715,-0.6916057366523818,0.5094702724445751,-0.868316701992151,0.3794929116966031,-0.7940250939864164,0.4199473469787686,-1.0,0.37110875607881966,-0.6954792662613261,0.3340637199539995,-0.5771862349222066,0.2119442940317981,-0.8026282160372542,0.2606161073894725,-0.9773529093243808,0.2303150930065855,-0.6149443817008834,0.20221704802718773,-0.5389996441666538,0.04718159361769059,-0.7735722058057563,0.1025084188106915,-0.9132158567590286,0.0881032535544657,-0.5745365657440785,0.06155313520120055,-0.5057839936878259,-0.12815719582695154,-0.7294195790852505,-0.051656275301555865,-0.837100731779012,-0.04663835470911913,-0.6108404371077453,-0.08041013660906292,-0.5473940106543723
1,0.0,0.0,0.30286286408029517,-0.11168602234999155,0.5677518219788297,-0.42703515894558497,0.6479805424847174,-0.7099904361284083,0.5586112220099321,-0.8996584262900471,0.4132963773861908,-0.9392560754860834,0.48195699550697535,-1.0,0.4068236385063247,-0.702306169358163,0.3533024921108275,-0.6359126142394728,0.23390263887383309,-0.9613979164268087,0.30274941478672135,-0.9831145628753051,0.2617354521110582,-0.6302379863327251,0.23141348445804769,-0.5862521088469057,0.05993692026990356,-0.9184650502866397,0.13121792864183648,-0.9295948586318448,0.1154514813184827,-0.5881826697070437,0.08849717903043638,-0.5339416490864327,-0.11514880965972663,-0.8474686265833327,-0.030836215033521623,-0.8614935551427262,-0.02638381097809395,-0.6253974030206836,-0.05285979950721665,-0.570056741471894,0.0,0.0,-0.12601701189397563,-0.061161182488328567,-0.23264570917024785,-0.2721779149931817,-0.23303375678744578,-0.4430098454661985,-0.17344567055905827,-0.5048449170988595,-0.12937226232535115,-0.5131367732995366,-0.14198155154264736,-0.7520094401261368,-0.15266066842524806,-0.8744866628150112,-0.16076372726511343,-1.0,-0.040999869790473646,-0.4911126513718006,-0.10453102051619495,-0.5672098602034907,-0.1090025369564704,-0.3538910387584335,-0.07982489206094838,-0.31163772483565405,0.050000200024544944,-0.45374922780847043,-0.013407451675683042,-0.5171608799995974,-0.031238155804667128,-0.31868129882776586,-0.005149147979319785,-0.27372184638398855,0.1394381426675712,-0.406031888558196,0.07989457803144619,-0.473800075338277,0.04450997793406649,-0.3308856351276137,0.06409999472193298,-0.28682951933843753
1,0.0,0.0,0.27862660458043176,-0.1352769961359778,0.5281352154965375,-0.44411023450550435,0.611316217808728,-0.6988442450960755,0.5403967283185961,-0.8902728054123535,0.3509636233521511,-0.9764668018847561,0.46776934879460785,-0.9576330967989094,0.39117743290466733,-0.6693392658163354,0.3211307272412593,-0.6311681909492037,0.17967046910824125,-1.0,0.30942319696789966,-0.9232217622041456,0.255885001098728,-0.5960302859998716,0.20090205082929657,-0.5901523342622285,0.017359173212038947,-0.9417618249385976,0.1407691776652905,-0.8743322553482773,0.11404869601404816,-0.570629493359988,0.06724045224811417,-0.5564267323440244,-0.13984473903751427,-0.849573683811361,-0.01880502147867398,-0.815854888172825,-0.017435014614054774,-0.5988181867682034,-0.059390259435934435,-0.5641275516256313,0.0,0.0,-0.13140881483399103,-0.07422594327436532,-0.23360712447054502,-0.2847932609414921,-0.24104675520443555,-0.45805964661853993,-0.18213078254693477,-0.5121198435210066,-0.13298354933665993,-0.5214790693483055,-0.1439877615148378,-0.7551533129945124,-0.1577305960262782,-0.874709094694959,-0.16505371800241603,-1.0,-0.047657014213801835,-0.5041824511149782,-0.11443679479875045,-0.5814334896292542,-0.12126428798618745,-0.3774245219208428,-0.09070939969729051,-0.3311456170178504,0.04161402221558066,-0.46852663878099315,-0.02676262153769698,-0.5285401132721071,-0.04476909003994091,-0.336709776684438,-0.01466224057805407,-0.295169338947438,0.12945282741693687,-0.4184719969734384,0.06628001933458835,-0.4867561269076309,0.03087708699311692,-0.3500570946235074,0.051342770098360586,-0.3060877025672718
1,0.0,0.0,-0.12911771281015777,-0.07373304208474503,-0.23218214818044472,-0.2867875164829222,-0.23834643517425425,-0.45888238182631985,-0.17662570741974126,-0.5176469267528149,-0.1272115844705403,-0.5267736734838729,-0.14285484937107784,-0.7593280303107118,-0.15443441909377847,-0.877114654506845,-0.16006915222615414,-1.0,-0.038755689656088145,-0.5134098923123795,-0.10404520243756528,-0.5710124847724596,-0.10768786185778165,-0.36563684313955547,-0.07664251022291237,-0.32569542118785194,0.0517954857434492,-0.47558004676780213,-0.015840746121715064,-0.5168633994871282,-0.03294242674001959,-0.32542358273425065,-0.0034450574892459646,-0.28853442860571016,0.13877691043767923,-0.4210521741523638,0.07498335411955967,-0.46921984778012277,0.03767690623697843,-0.3313686607441614,0.05703139372009717,-0.2926149024447596,0.0,0.0,0.27108391758036027,-0.13969968494856783,0.5125968956820383,-0.45711040048243795,0.6002392188599865,-0.7156555979643492,0.49257202104988324,-0.8540541284555597,0.325274312393636,-0.9836508329431662,0.42735170764156183,-0.9086860555169272,0.3593985397390852,-0.6485442017223844,0.2918494824523729,-0.6278246611567972,0.1473964974642543,-1.0,0.2727544493568103,-0.8595783356277382,0.22884779869398503,-0.5521677985993556,0.17804019040298583,-0.5413346661743069,-0.01998659273241791,-0.9267946844937014,0.09911990342638058,-0.7765433896299495,0.08830935302083977,-0.49542004384352856,0.04908535293653356,-0.4790482947671869,-0.17233962841179368,-0.8162458059275436,-0.05379209100252768,-0.7256136233667554,-0.047722796892800144,-0.5232068962476641,-0.08293907994830653,-0.4943666464002003
1,0.0,0.0,-0.13288206340637249,-0.07381610482685841,-0.2397296158124119,-0.28284306922505126,-0.24379994970035776,-0.4553671625513092,-0.18368126781100705,-0.5208257506203592,-0.12813051953790316,-0.530673981476706,-0.14632093563467177,-0.7600219522798549,-0.15955424287785092,-0.8786420249524738,-0.16912589316054263,-1.0,-0.03901773053190124,-0.5160597337994769,-0.11221689509912101,-0.5757477840284715,-0.11650677631604366,-0.3653278592865975,-0.08486252443000639,-0.3197611177878166,0.05127448144362058,-0.47862544238326843,-0.025266463305331645,-0.5242953343310267,-0.0427237875667404,-0.32885454738018405,-0.01159406140419896,-0.2843561060129046,0.1396619056990255,-0.42442766985650127,0.06799761000041762,-0.47767709604380004,0.03522716617322689,-0.33989630620204647,0.06169353535530699,-0.29924767017662335,0.0,0.0,0.2648509505831806,-0.15716682778122126,0.4824746537827644,-0.45490718244957123,0.5678868179937587,-0.6922902026491486,0.49614772140022984,-0.8783138201645846,0.3071980603985541,-0.9849171343519982,0.4189088777152589,-0.92642674082102,0.35701808641513794,-0.666723526328033,0.2912163662861381,-0.6539171665822177,0.13716600338921586,-1.0,0.2613489289591152,-0.8798928816600624,0.22083696836856112,-0.5639849881723865,0.16780992589899837,-0.5642090649355604,-0.026791205403626492,-0.9251292004252635,0.09397454952787114,-0.8217052767885196,0.08100331138097282,-0.5256867174442444,0.03644865079258933,-0.5157372268022996,-0.18414768719673172,-0.8159634741720835,-0.06076437802144603,-0.7561606310282295,-0.04657200921652722,-0.5445098233104294,-0.0826233732235284,-0.5120147460927437
2,0.0,0.0,-0.1112087457266151,-0.09753178062293048,-0.17440983986248898,-0.2794218691434509,-0.12883057894823163,-0.43089147085777846,-0.044566942551866315,-0.4980023646540883,-0.12966635496186005,-0.49719965699581725,-0.16850927187348366,-0.7143167444417495,-0.18912699141836176,-0.8425074240457879,-0.2027480870023096,-0.948848787878101,-0.039496016929931224,-0.4929870418716049,-0.051261684430018224,-0.7371831121509271,-0.06464423449890841,-0.8828978199820071,-0.07005291070197318,-1.0,0.04361769407691086,-0.43696818117511865,0.02016489642071055,-0.5687005083059575,-0.02054064894247266,-0.4085781980599809,-0.02838118266572813,-0.29865738477044895,0.12141206677621004,-0.3527553473730725,0.07700499905528509,-0.4369140450772353,0.04954573013528558,-0.3400301642070522,0.05367794115352824,-0.26962243538570035,0.0,0.0,0.2954746208063973,-0.09339136442069747,0.5498484109945206,-0.45073591416129505,0.6130708842466562,-0.7957678888291804,0.4926478812133155,-0.970802209641248,0.37989146352057923,-0.8247164989078205,0.4312385976612428,-1.0,0.37323928641842624,-0.6760149154425708,0.3406994110709914,-0.5722100001924775,0.1973288030034807,-0.826960682056887,0.23819866066899964,-0.9471646769525928,0.21222850924125905,-0.586999552099747,0.1977229916407559,-0.5374085146826488,0.02753396576918415,-0.7880079259097031,0.06832832805234139,-0.8906626582801983,0.06097978570495911,-0.5618682382538028,0.04372645727546594,-0.4930138484931876,-0.13990978529399373,-0.7419514509419171,-0.08754330092602466,-0.8302421626559393,-0.08164549241196627,-0.6099680955603773,-0.10427238837997964,-0.5409737694837911
2,0.0,0.0,-0.11106117258987314,-0.0952846286612155,-0.17383660517197333,-0.28419824018183015,-0.12642921635109122,-0.43630065116002054,-0.044268982539547516,-0.49403966132675287,-0.13169380878910927,-0.4896059937990143,-0.1679095613993123,-0.7103670393995172,-0.18719716633511932,-0.8429871081869197,-0.19983764772285628,-0.9540080235885064,-0.04139817626665038,-0.4878338503119174,-0.05222680844733677,-0.7367447348216268,-0.06575832479361643,-0.8816724738579883,-0.06979052337515715,-1.0,0.04316673520958485,-0.43347175648040775,0.023358406300635993,-0.5656268685298116,-0.018659344637790773,-0.4062020610301732,-0.027573003033213698,-0.29171351275263624,0.12139499980905409,-0.3485494935245899,0.07885266461915666,-0.43149501824188313,0.04554508026139047,-0.33244275793173456,0.04608055601243175,-0.2569122764157812,0.0,0.0,0.29267962804009806,-0.06598817737648587,0.5655665733101204,-0.4384459491304416,0.6410215615060634,-0.7962941116822316,0.5214011194216369,-0.9591923825628443,0.3914161012192527,-0.821836291369542,0.45291430954479045,-1.0,0.39125142998330437,-0.6738141314484928,0.3560447768654766,-0.5870362462384834,0.20332655891388393,-0.8262974108197428,0.26590819828530543,-0.9581632230431187,0.23228841602838116,-0.582356612485593,0.21311457147631405,-0.5569912437177138,0.02638624473887541,-0.7912434320741863,0.0920419376077397,-0.9078777976614685,0.0752898885005777,-0.5612609846283043,0.04772980777882354,-0.516647790649016,-0.14930953764944307,-0.7472766405354029,-0.07391689029867905,-0.8344658467857688,-0.07182757936139553,-0.6089765104265599,-0.109074913272673,-0.5658457860302235
2,0.0,0.0,-0.10843318878201154,-0.10378540260553949,-0.1664163787715031,-0.28938209537850856,-0.11955279797402393,-0.43778327717089727,-0.03804573880305138,-0.5031374917685616,-0.11872429130030217,-0.49541407187757475,-0.15140517619022115,-0.7095036501648446,-0.17029947258082728,-0.8355954583101675,-0.1803179139710294,-0.941004550513206,-0.03184846571114299,-0.48873299729861763,-0.04321995928026636,-0.7378176397583907,-0.0551510759861098,-0.8836823715069256,-0.0571027414383259,-1.0,0.04988632823677833,-0.43203297405294105,0.03247514108965424,-0.5646511104566284,-0.00784983427842816,-0.40983746779434954,-0.0166245038032922,-0.30296172585185016,0.1278896716747181,-0.34851353814442837,0.09028321274947784,-0.43322993077159594,0.06012494922175553,-0.3378039324993042,0.06011280696469072,-0.2684408842747113,0.0,0.0,0.2840024322115118,-0.08997751569124907,0.5334362169226323,-0.4329667746604265,0.6094877449320867,-0.771805002781885,0.49823685865758516,-0.9400518693352798,0.3658522591834336,-0.7978472622581486,0.43353176430338725,-1.0,0.3941673299509039,-0.6952852117803521,0.3611782419096438,-0.5989661378545579,0.19790895531109476,-0.8051446918070274,0.2768124619966951,-0.9464345032708846,0.24375990537218495,-0.5901735527871121,0.20690890641776027,-0.5470045810006863,0.03827208570882284,-0.7791888238052503,0.11998636286724823,-0.9038307861319423,0.1024699614060663,-0.5684082013069758,0.06173850122186961,-0.5034354523845835,-0.1302391891073601,-0.7472099330055316,-0.03108874060708031,-0.8529745631433564,-0.02545805700538794,-0.6260933258478389,-0.06642974378965213,-0.5568852746394249
2,0.0,0.0,-0.10504437617540803,-0.09949228009004994,-0.15922746881679722,-0.2865121466667317,-0.11144291486817666,-0.4320217483694454,-0.03124732241123039,-0.4960170144716608,-0.1135152617097824,-0.5010638794391137,-0.14826614470850197,-0.7166377268070071,-0.16803652609466796,-0.842811884115003,-0.1782337340499619,-0.9472485010727454,-0.025327037090537505,-0.49359218374909986,-0.03515630912266408,-0.7413162847489674,-0.04684489246360205,-0.8850383891423312,-0.04979458599704271,-1.0,0.05649583272986987,-0.4343975631876119,0.039458183005755314,-0.561833848369743,-0.0022677771787648665,-0.39993368287457126,-0.011771796387933145,-0.2902816850300045,0.13349981853349607,-0.3481684548711392,0.09662326648193033,-0.4328633780456751,0.06793490358590604,-0.3321850903877975,0.07001459648036676,-0.2608270528275559,0.0,0.0,0.28156296342120135,-0.08462531580240548,0.5605214082730803,-0.42598377976312285,0.663690482979916,-0.7628135563789235,0.5768616121552609,-0.9958966990152641,0.4032688190858648,-0.812307326481616,0.4832491037028876,-1.0,0.40977736458791403,-0.6889514548280614,0.36706401152220014,-0.6170080202102805,0.2307896794559456,-0.8244146006017942,0.2987006660852606,-0.9656765541933501,0.2538790338066752,-0.5930046890459255,0.23110529734842056,-0.5668875768261856,0.05918251476875689,-0.7965291156834852,0.12752412121820456,-0.9324581735842048,0.10364236735426727,-0.5739320823038067,0.07574292654275354,-0.5199807462350288,-0.1209106381345587,-0.7694281129928158,-0.043575800427506584,-0.8625560567301691,-0.04193450687186839,-0.6207108944130668,-0.0739194012277697,-0.5627748824517927
2,0.0,0.0,-0.10389610062810786,-0.10145674420149577,-0.1591369298281152,-0.2865044757182878,-0.10924348496313159,-0.429092206616056,-0.022879094836209066,-0.4829918175621081,-0.11349273112549853,-0.5010532212011125,-0.14649299106517139,-0.717645248526736,-0.16451123918249602,-0.8482620403276397,-0.17485950550063048,-0.9564930061633131,-0.022602043936095606,-0.49309687798109664,-0.028423761556054746,-0.738533401744691,-0.038268882302184774,-0.8830972277547126,-0.03820370865719896,-1.0,0.06114445423866488,-0.4321353628926429,0.04395396173979913,-0.5514092982912174,-0.0016912435055972585,-0.39100576019269256,-0.011560269642745254,-0.2823804183141465,0.13767265668662726,-0.34270567254798,0.09835382444736397,-0.42478332279399167,0.06607487822719633,-0.32184117308534804,0.0671303641495632,-0.2493746223891853,0.0,0.0,0.283520568937668,-0.062075567910603445,0.5785174156224399,-0.41953783964917934,0.6789890372545295,-0.7755526048039909,0.5838557472475605,-1.0,0.4026400233567034,-0.8396652063384707,0.4910419670062524,-0.9987704608220951,0.4140724939291002,-0.6870092227458604,0.3680372970011585,-0.6317486087883069,0.22248635633557257,-0.8575649781939103,0.30707894560404353,-0.973829486983259,0.2583075365168862,-0.5897941570310916,0.22546404218951466,-0.5737772923372971,0.04745532402751411,-0.8278658506779026,0.12848016616809294,-0.9370306588786058,0.10493861786761098,-0.5646851666502389,0.07116515598693157,-0.5203456279237616,-0.1344705301923589,-0.790234953370735,-0.0435666359215093,-0.8619868316701298,-0.04220140134878017,-0.6091652088760815,-0.07901518800089431,-0.5552570078791478
2,0.0,0.0,0.27397030176067777,-0.07823964794725613,0.5672247496921443,-0.4356763122132788,0.6752493141049937,-0.7722593943255179,0.5913586752640824,-1.0,0.3916172712765473,-0.8814944022851849,0.47925338406614626,-0.9948137255740912,0.3978500203856912,-0.6942919236501346,0.3430159615683484,-0.651591560737904,0.21530464393498772,-0.891343851816314,0.30390069228537536,-0.9837745356354857,0.2523186825957541,-0.6010427757223394,0.21465442733874393,-0.5814490486079347,0.04491145819387469,-0.8546302847178535,0.12507870643472893,-0.9469041767617474,0.09866053448880774,-0.5803584072274384,0.06192377987428502,-0.5471919780027764,-0.131726898539987,-0.8105751083671323,-0.042045591625331696,-0.8748674654029839,-0.04335320190612424,-0.6279104818338234,-0.08083568359971832,-0.5847863946697421,0.0,0.0,-0.10733594902565702,-0.10619142490953688,-0.16183161164311918,-0.29073132503263266,-0.10967386251340018,-0.43408175551320277,-0.024374041988127582,-0.4940378477166856,-0.11375017060148007,-0.49475296183216333,-0.1535216283269259,-0.7080189329220595,-0.17489426648982348,-0.8356790188487214,-0.1873382241499186,-0.9428415093531646,-0.02278447624393273,-0.4881040031284272,-0.0273590260366429,-0.7354741131711436,-0.03798695639209428,-0.8828750398507981,-0.03828080471618022,-1.0,0.05979662333202982,-0.42835742727582377,0.04256807409549033,-0.5616321573314106,-0.00156040422074958,-0.3993862418822266,-0.008982537370426615,-0.2871524704999008,0.13645819636502923,-0.33924467188097474,0.09444300899107566,-0.42840353400883857,0.06373408578821037,-0.3286185805405154,0.06741658195156534,-0.2570698632600403
2,0.0,0.0,0.26959472548270025,-0.05094860054205745,0.5577737472992842,-0.41920995383425935,0.659039519451154,-0.7677395815654752,0.5581456046546313,-0.9728645559226033,0.39248765285008735,-0.8156478946559398,0.4612946921683955,-1.0,0.395699654685517,-0.6891883938219393,0.355707488975708,-0.6067972038841165,0.217954695974112,-0.8326156186374963,0.290343023053156,-0.9641108366347638,0.24213170978954845,-0.5840114765779866,0.20950697686112962,-0.5540626023214871,0.04797502741430138,-0.808248176141815,0.11527163729807846,-0.9292539595736912,0.09528691159252091,-0.5694177539530022,0.06638560936320535,-0.5174385813934751,-0.12782550161457235,-0.7774004442288253,-0.0507974575985472,-0.8654499231142417,-0.05021974298271028,-0.618940639394651,-0.08222818984467992,-0.5603866059352034,0.0,0.0,-0.10863130020194321,-0.11088862216678538,-0.16505991831435568,-0.30531421943905646,-0.11803459288446477,-0.4599627906049324,-0.040050640890012396,-0.5364968334904495,-0.12102247739908654,-0.495998522258618,-0.15982094294079396,-0.709623956912872,-0.17881072281936217,-0.8351070753238237,-0.19136335489388287,-0.9427839085705677,-0.03190907791817921,-0.4953546413153892,-0.03747788649749814,-0.7410039447054432,-0.04816700250019663,-0.8841670645343176,-0.050166079742647016,-1.0,0.04985867851813778,-0.4399950040377566,0.028874529343800852,-0.5813274249525605,-0.01364030622700722,-0.4246560983418058,-0.021401356331745187,-0.3137849232715466,0.1259097414617233,-0.3538132706493311,0.08363791902110157,-0.44773389909928674,0.05544161093750173,-0.35619272228985666,0.061918776288343455,-0.2880526713997224
2,0.0,0.0,0.26333092168605793,-0.06996488582340078,0.5431049560739641,-0.4335126614258221,0.6402697250722106,-0.7747395587518365,0.5252541391307631,-0.9607691803693763,0.37567893515870787,-0.8388329255928155,0.45566168901188353,-1.0,0.3942111858974715,-0.6885996084358422,0.35572190616008376,-0.6249548857234554,0.2003931743904159,-0.848323303619914,0.2807217118216617,-0.9597261382956631,0.24198617754091933,-0.5842501479748271,0.211923828222603,-0.5703377379673978,0.03409084599401882,-0.8152360767625662,0.11187577110709601,-0.9208318017614835,0.09360546079860876,-0.5678618664706254,0.06046145935939393,-0.5282573618170532,-0.1342834076076274,-0.776214865001427,-0.04727615267670637,-0.8552994977184669,-0.04415091322400779,-0.6167807340661928,-0.07863460045686187,-0.5643243519368878,0.0,0.0,-0.1109820971314203,-0.1006932380614714,-0.17129746902740633,-0.3024760295116864,-0.12651007191059338,-0.45841774382648587,-0.04502460062550049,-0.5287804483508882,-0.11910697968883947,-0.4948543502823677,-0.16260098318832333,-0.707452422463493,-0.18597800951951649,-0.8314953547646216,-0.19999825688191736,-0.9348095451751711,-0.031437901592617265,-0.49026548734269665,-0.0373937874574287,-0.7367796172321864,-0.048475834979708365,-0.8825797310926596,-0.05036119149790669,-1.0,0.04882933932687055,-0.432987882191713,0.030492155445692632,-0.5756996091580635,-0.013260945125596887,-0.419798195733335,-0.023685906855439382,-0.3088558416941992,0.12426061288729033,-0.34621936862171304,0.08515954585498722,-0.44287401125984555,0.05250578453735728,-0.3490533997252149,0.051713293332259574,-0.27709162839650914
2,0.0,0.0,-0.10379792128141337,-0.09501226973980993,-0.1621373191173561,-0.2742335586993319,-0.11091763606969554,-0.42235826361025985,-0.02473210048191501,-0.4789701007772424,-0.11947868627406,-0.5000923436220877,-0.1584492323179184,-0.7141297918975129,-0.17769741931710492,-0.8447698485127941,-0.19054225417208362,-0.9543830502005514,-0.02580627544254366,-0.4920886146986815,-0.022545865997749926,-0.7359857406441274,-0.025258056296829486,-0.8801568593106941,-0.022091743250167082,-1.0,0.057414424092220376,-0.4289161060499617,0.04698669815185449,-0.549633051722699,0.0031110852260598314,-0.3949683396370745,-0.009086022004657955,-0.2843828085019601,0.1313750540362404,-0.33478071633927375,0.1000308673086419,-0.41911482841767805,0.06499576473957039,-0.32179578240263285,0.0604695434867119,-0.2467906209384412,0.0,0.0,0.2842012107313965,-0.07764028815396967,0.5584455562399085,-0.434477167014848,0.6485765985682673,-0.7814403642001633,0.5499039666485324,-0.9847078344780913,0.41510990626189825,-0.839242916754065,0.4678449376521341,-1.0,0.38905907854709154,-0.6813163847711464,0.35475562137211264,-0.6137929104511142,0.22036464175490583,-0.8561186505472014,0.25695526137220503,-0.972042369180393,0.2173184294432787,-0.5949174339108,0.20963511947750463,-0.5739875291431248,0.038158526788568216,-0.8264706478894357,0.07642616779815975,-0.9358421217350137,0.055991256484914896,-0.5854912489111043,0.042562120009725285,-0.5407320819686567,-0.1397978460082552,-0.79091532967514,-0.10345972953537111,-0.8649286611222949,-0.09855331230980428,-0.6342380913381024,-0.11071152484941596,-0.5843474751354364
2,0.0,0.0,-0.10763802856929582,-0.09083176142460342,-0.1663983447123452,-0.276871705389718,-0.1119533247606141,-0.4252249844856915,-0.024250295082117013,-0.4809891914462892,-0.11933783307449912,-0.5006679595925968,-0.15619011185182033,-0.719469998744778,-0.17562388636098566,-0.8496896736972472,-0.18815832392740112,-0.9601361147108615,-0.024670760472474674,-0.48847927917537415,-0.014996228468668136,-0.7339246233361749,-0.013740265624225326,-0.8783250955663499,-0.007217063065918785,-1.0,0.05820167137771073,-0.42304683793047304,0.049283483137763415,-0.5395673676625317,-0.0020576254917855203,-0.3817852911080708,-0.018599511902041566,-0.27115658668295345,0.1321904907028681,-0.3280090642706355,0.10245858647438782,-0.4117290950751278,0.05800471328736698,-0.3068915759295974,0.04737231049560027,-0.22759797754294966,0.0,0.0,0.28613080791016393,-0.09597323603731898,0.5468114869565239,-0.4454041516090401,0.6323136098267563,-0.7719555375153788,0.5316462744641551,-0.9595179443067495,0.3975136554815052,-0.8768717628150133,0.4498326874395774,-1.0,0.3756592160233051,-0.6834316850507657,0.3353387912426532,-0.6146741719848654,0.2093038431875279,-0.8952084937989412,0.24302750950573695,-0.9620481042822996,0.20842299880647602,-0.5948123405894653,0.19803163027514545,-0.5723001653598877,0.031281565584986744,-0.8591430059419202,0.06413622953756426,-0.9122068250825981,0.049497482815849855,-0.5759805125778581,0.03780122496831001,-0.5436873365266461,-0.14358790139078173,-0.8073024417983838,-0.1067167785485166,-0.8433724648953531,-0.09853148930477039,-0.6211560377019536,-0.11176821698805141,-0.5825616496582571
2,0.0,0.0,-0.10950037056406205,-0.09906479759625698,-0.1710528277792607,-0.2923118401699503,-0.11943863406741781,-0.4448743474156633,-0.028454779430087652,-0.5006481008944451,-0.1205350791913603,-0.49725008822474087,-0.16547535839663774,-0.7121081958399835,-0.18733937690160082,-0.8407294570689074,-0.20249294168489038,-0.9483909110314442,-0.027087379905876594,-0.4886383862992989,-0.02153852395273169,-0.7326268458180801,-0.026099209073761793,-0.8804986984919648,-0.021927693460702946,-1.0,0.054724863068619706,-0.42947078454665244,0.038200271706678224,-0.5536208279974213,-0.012444961128051544,-0.3957879419784131,-0.02379374580285992,-0.28675828247956725,0.12950908355484114,-0.3421411200908322,0.08947714935551944,-0.42781187731367454,0.053887147828126515,-0.3280756716398061,0.05514681040190853,-0.2577110841574695,0.0,0.0,0.27476313266357394,-0.0906814405691854,0.5374078774055548,-0.44428413577596826,0.6334648165181571,-0.772967374809908,0.5272035388935598,-0.9584807466281493,0.3606486221063909,-0.8470893509989276,0.4308991890667202,-1.0,0.38186165464171196,-0.7002546110698158,0.34994607854017934,-0.6059830082435951,0.17943637998604323,-0.8495217718721628,0.2503261815215055,-0.9592505891569142,0.22207953848427642,-0.6054632833296609,0.19477381409331554,-0.5437892602094816,0.008983932379457656,-0.810517229151587,0.07600543762191203,-0.9072166511200342,0.0686854370372215,-0.5704484413937073,0.041007649159696846,-0.4880955925703158,-0.1615089157184845,-0.7608301739291907,-0.08399729093388612,-0.8550736249892401,-0.07423322980340864,-0.6254902873699808,-0.1022158146877509,-0.5442432074389959
2,0.0,0.0,0.2623270394186716,-0.07994958431753779,0.5261421071935288,-0.4406134222460447,0.6104561770308459,-0.7983999707027511,0.4980472662282067,-0.9891012014646405,0.35012764833535587,-0.8387741320828734,0.4186256427500129,-1.0,0.3690106407829912,-0.6848473297055793,0.33413429126459243,-0.6073533320349326,0.1723428699207698,-0.8457017107262887,0.24877692308972782,-0.9662901304337935,0.2176721782116138,-0.59521328452678,0.1834339316519598,-0.5668299100496778,0.005137977280205436,-0.8108144024831638,0.07951761635807453,-0.9195707287191276,0.06706628558048226,-0.5762494194650256,0.0295871695805777,-0.5323232440932474,-0.16663753587941962,-0.7695879574990138,-0.0853085394267172,-0.8521046577631883,-0.0798155826962014,-0.6265377587715575,-0.12023774051626414,-0.5802209167930388,0.0,0.0,-0.1093690468155702,-0.0917715697138988,-0.1681156150598829,-0.2947740701874321,-0.12596393962287156,-0.45459999499252146,-0.04296579892143266,-0.5233189295752569,-0.11759287784147193,-0.4990140165856399,-0.16139130614635336,-0.7149298245423056,-0.1810286503974414,-0.8416556356994033,-0.1934462447176544,-0.9459420917761961,-0.025781030582631016,-0.49196735123978635,-0.021520319477132153,-0.7351148617609342,-0.02588281302728205,-0.8813015307644243,-0.022663058742077843,-1.0,0.05528065828748588,-0.4332794303666563,0.031406007450257234,-0.5651535554186361,-0.014380036053845635,-0.40624775479901504,-0.02229620650841583,-0.29752695874055385,0.12908272790014652,-0.34695281322322685,0.08220415598948864,-0.43357715762453924,0.053867678467624476,-0.33662325581901664,0.061335625161926616,-0.2679769841045213
2,0.0,0.0,-0.10824078582560559,-0.0924153906560249,-0.16908085724685376,-0.28670884136952424,-0.11826181348237555,-0.43945928663305045,-0.0320901856672314,-0.494907523273082,-0.11722095182749762,-0.4942018044885224,-0.15519826738811074,-0.7131950289102299,-0.17425817500764146,-0.8421788559002702,-0.18676514409256645,-0.9504541793499162,-0.023376598956081126,-0.4866485540280048,-0.016337703259513853,-0.7301886911922599,-0.018979319830103033,-0.8779457635222953,-0.015578643033380678,-1.0,0.05922805979844226,-0.4274542643508465,0.03621487339754219,-0.5524541124492592,-0.011756095554860681,-0.3950752418129362,-0.023106565902935333,-0.2820944868805957,0.13381564059329754,-0.33827300239339336,0.0900780889283698,-0.42404872670333327,0.05349929130714226,-0.326382210104775,0.052372469343541464,-0.2509716105207487,0.0,0.0,0.277959610731047,-0.09489401674790678,0.537748814540054,-0.45777939803439166,0.6231147471372638,-0.8039572638906078,0.5060869232000091,-0.9799436281883914,0.36331156171045936,-0.8392846693632202,0.42587632378734064,-1.0,0.3715446632423786,-0.6937782318638999,0.33669975304320265,-0.6088443053647468,0.18465224868430388,-0.8401326285907513,0.24572745062805945,-0.9639305331087299,0.21712740412623432,-0.6021199239607127,0.19269284405265996,-0.5637709355307603,0.014044793996396885,-0.7966262356254729,0.07606492027629748,-0.9072169486206616,0.06841710480051079,-0.5648573590173926,0.04261156942624101,-0.5102790782696143,-0.15986316397796704,-0.742192431594935,-0.08708126996587967,-0.8249643857124437,-0.07854452135484984,-0.60080720540084,-0.10798553627530738,-0.5495335059113762
2,0.0,0.0,-0.10594332655766109,-0.08869511399075242,-0.16645076342366427,-0.2805396296176109,-0.11949826960943666,-0.435134437791829,-0.03494260470693413,-0.4958811579814166,-0.11769678624334264,-0.4973512771271116,-0.15309039683246795,-0.7136451124761805,-0.17180212412212773,-0.8407507882601047,-0.18435255984575624,-0.9477927351728641,-0.02387041664954703,-0.48765052289566096,-0.015125398622965115,-0.733081929200205,-0.016961301193247767,-0.8792667668041128,-0.012596031643568439,-1.0,0.059451237227506434,-0.4255426565389534,0.03674599319503121,-0.5515154197717245,-0.013328614557811974,-0.3909895857775784,-0.026344789107122027,-0.2754641305851906,0.13459750455689307,-0.3346716392044388,0.08998475457869085,-0.420342562527533,0.0538473843595707,-0.31828797100251904,0.05262670918814306,-0.23962332435788022,0.0,0.0,0.28053329811047056,-0.09003479560318632,0.5398614949500002,-0.4555452040633428,0.6314070699997082,-0.7938037461286114,0.5238034387101346,-0.9752676624941121,0.3639023232500073,-0.8328388585291433,0.4320628613469723,-1.0,0.3780448758029354,-0.6956421607246323,0.3405792910408877,-0.5996431861476192,0.18778527392549427,-0.8342553282395655,0.25625205814064966,-0.9547628500923298,0.22331112625624736,-0.5960594161758392,0.19141776191012125,-0.543865229823969,0.018577324604732784,-0.7965619151233218,0.08523060033096985,-0.8978646399973322,0.06947214684390644,-0.5532454012280066,0.03879295521902785,-0.4841194909566863,-0.15390599924552212,-0.7482341674273971,-0.08089925635991513,-0.8258294567342362,-0.0760966242324959,-0.5965004835327906,-0.10539725240828508,-0.5337886774127661
2,0.0,0.0,-0.10768443169756424,-0.09476708063280222,-0.17092551706234924,-0.2814843219303222,-0.11937629014394267,-0.4309513314713752,-0.03177517876708854,-0.49065469637102643,-0.1212772532098353,-0.49375255722754036,-0.1581498224024004,-0.7110067026539821,-0.17652852202295888,-0.8402136837451581,-0.18815014524722995,-0.949935595750835,-0.02749412455353525,-0.4863022209747674,-0.017225550598679498,-0.7339083924501748,-0.01851548040957808,-0.8788317233918209,-0.013068890474562134,-1.0,0.055835156747753426,-0.42495630064628265,0.03801491279565833,-0.5500246745691174,-0.008667527146967531,-0.3948057561256512,-0.018425347404096966,-0.28550209289102274,0.1299250143468289,-0.33233106485425534,0.08940100424508007,-0.41966638928366,0.05376157052808849,-0.32237887883238225,0.05439039319205907,-0.2504092552365102,0.0,0.0,0.2714303976137847,-0.07699699059895071,0.541700045274175,-0.4385626781006152,0.6303171855442222,-0.7799717702202456,0.521562092199526,-0.9521278862286612,0.36910423713014995,-0.8343601693786785,0.44067698207675304,-1.0,0.38623705025433436,-0.6812410450344882,0.3511860502277025,-0.6007374364164159,0.18948267597006577,-0.8387371168340035,0.26236903779062026,-0.9539276678473462,0.228256677940824,-0.5835910410397082,0.1998585847825508,-0.5647069162960399,0.01989733415004394,-0.8016522410716663,0.09015246744254174,-0.9060550214386535,0.07526125862206716,-0.5628267064369225,0.04650470052464779,-0.5318740845295481,-0.15147027883565475,-0.7545908013528989,-0.07755839036991664,-0.8265908546166343,-0.07043143625662468,-0.5995869397320834,-0.1022173693041093,-0.5613491704173214
2,0.0,0.0,-0.1097231129736866,-0.10299615152218179,-0.16958113194466717,-0.3021871326474239,-0.12347390242439575,-0.4607122869813519,-0.03459387030987891,-0.5339833809388951,-0.11255801590738684,-0.5015298551524253,-0.15829833333309362,-0.7242243534414873,-0.1806972307845432,-0.8498791606443558,-0.19221735003744633,-0.9510670727102981,-0.02348726429565607,-0.49391905410033254,-0.018200767221675747,-0.737574862077154,-0.025000507003188295,-0.8847908248675787,-0.025961296023843675,-1.0,0.055516201880183566,-0.4368011536372121,0.03560658221024336,-0.5714892474332335,-0.008122550653214279,-0.41136210685498514,-0.013334255767502865,-0.3008909304536895,0.12925345110957467,-0.3517393948956501,0.08190783933363815,-0.43685034373377857,0.0542916273709231,-0.33781701542972514,0.06340315786036888,-0.267131709647832,0.0,0.0,0.2538462173190143,-0.07714006343024295,0.5320606518544888,-0.43289726269208983,0.6331868598847034,-0.7733500445284784,0.5201945932820052,-0.9707016756971167,0.3558249792092379,-0.8766475684385917,0.44374691674913225,-1.0,0.3807881864856215,-0.6830338540208538,0.3352911914948543,-0.6165134348696591,0.17544603625814612,-0.8810061137512547,0.2725246026474258,-0.9717336990700002,0.229695485325052,-0.5958806294930001,0.1863823307696796,-0.5733865278219002,0.005896708075302932,-0.8429756693564501,0.09725759385901889,-0.9249749656237789,0.07716864888631653,-0.576605780627548,0.033237812723415965,-0.5401531355298359,-0.16526033099011178,-0.8014203730018914,-0.06697041906278604,-0.8746960953445785,-0.061915803159960085,-0.6386580277685604,-0.10422551979852264,-0.5870704151138674
2,0.0,0.0,-0.11018147862072648,-0.10678867802834702,-0.16742673411340026,-0.3109382660360879,-0.12399331338029293,-0.46996013745943865,-0.04137890196740926,-0.5515918456678478,-0.11724776921583158,-0.5028302606986351,-0.16453334006755704,-0.7196520902653023,-0.1870022806377426,-0.8430770583865903,-0.1998245908886534,-0.9439339593258693,-0.02910069957554072,-0.49679239055943114,-0.025012706493213962,-0.7391764044412206,-0.029302145750080767,-0.884318445764391,-0.029731597645227745,-1.0,0.05053454351977554,-0.4425543142717068,0.028195643131425634,-0.5823688444623637,-0.011571254037268703,-0.4287130172834432,-0.018884127521814384,-0.32131695291471424,0.12475831538749797,-0.36130126101241505,0.08084522634974016,-0.4513903704664814,0.057188217778989164,-0.3603641299252356,0.06492531832994736,-0.29187533326424947,0.0,0.0,0.2654787450639017,-0.08590796895111842,0.5301256654671107,-0.421392274277129,0.626773237864942,-0.7619017809079557,0.5066634559081254,-0.9527241888528408,0.3624824340896333,-0.843052964818571,0.4295076584268681,-1.0,0.3814369335464521,-0.6866117569867218,0.35046084031122116,-0.5840333367685103,0.1885486948148415,-0.854270048022593,0.2630858834600953,-0.9588065191194175,0.22738474858195598,-0.6015285257982284,0.19082698489988723,-0.5443738740321585,0.023528796872079424,-0.8233617232501341,0.09585782619441546,-0.9200459112879817,0.08178531364396192,-0.5936632500927941,0.046109721127608166,-0.5176506578560776,-0.1447944814324747,-0.7845860557603046,-0.06428229949762751,-0.8750780666115267,-0.05390265141526831,-0.6558687931691752,-0.08268032981242457,-0.5795585512136165
2,0.0,0.0,-0.10911470168834547,-0.09773395526399226,-0.17252103052731635,-0.28408879019571504,-0.1252454086151118,-0.4356033684276063,-0.043161039491702594,-0.5066565060165723,-0.12220695748490502,-0.4876709634937265,-0.16509035915312364,-0.7045348291524524,-0.18762837506642777,-0.8335660585356452,-0.20216386667740605,-0.943630094294992,-0.03153568326206473,-0.4834326209130754,-0.028055972746949764,-0.7317328326910059,-0.03432749988089034,-0.8783025724586949,-0.0328759121538235,-1.0,0.05167859840732822,-0.4264137336320703,0.030531049405802542,-0.5570981355430639,-0.01239094822238081,-0.3998964109743373,-0.019933484608405706,-0.2857479102976742,0.12684758385810657,-0.3378006997004637,0.08401821653383856,-0.42675565587411846,0.0493481616902449,-0.32746875103410283,0.05069104800875533,-0.2514314197561836,0.0,0.0,0.2923936276495475,-0.08588844965618045,0.5455699114631803,-0.4539082483473408,0.6183128224935185,-0.8007108430210507,0.4991075417187061,-0.9692106851055159,0.37812168272017316,-0.7941306985320549,0.4183294073432459,-1.0,0.37031812667057035,-0.685827415425943,0.35058971659987276,-0.5753601688927716,0.20509187114290686,-0.7988832867850232,0.2388021276205426,-0.9521907619660063,0.21514504182406574,-0.5994773665142712,0.2065057977560624,-0.5459893668553886,0.04008352417892599,-0.7714853133594559,0.08104810300555158,-0.8977860093281723,0.0700582229866513,-0.5694084637768537,0.05277651208462884,-0.49731221314283647,-0.12510399618027856,-0.737268710759725,-0.07005537207825273,-0.839262809627245,-0.06587525862697277,-0.6232507197923943,-0.08791067335481513,-0.5561093479551054
2,0.0,0.0,-0.10890445399487643,-0.09448011563538265,-0.1701085910648343,-0.2781609107357657,-0.12114472634482167,-0.4259743552639693,-0.03731773292527245,-0.4876853768210472,-0.12254271065193993,-0.4898378041799542,-0.16344515820130165,-0.7023988036371571,-0.18549918491620115,-0.8302237257797109,-0.2014617167609193,-0.9411457820766378,-0.030205253248248676,-0.48655892984539967,-0.025027060759919315,-0.7306162615226439,-0.02747733548609373,-0.8765423772804737,-0.02422743549475828,-1.0,0.05287495700335131,-0.4300217712770897,0.026954687180057616,-0.5498134735025468,-0.012619381093597176,-0.39494816229118007,-0.02023930032178728,-0.2817035515051422,0.12674054902161913,-0.3445499010626091,0.08357310712475215,-0.42521613777666545,0.050480965771476025,-0.32736234286761295,0.051873843489367945,-0.25137973657659474,0.0,0.0,0.29930746941310205,-0.0677576520596366,0.5482717796523247,-0.434125125669352,0.6139328010025392,-0.7799615958482577,0.4974830375704156,-0.9438214700794653,0.3998241802246551,-0.7851018885430444,0.4215689166368904,-1.0,0.3678028807359582,-0.6941719141093136,0.3491645990859964,-0.5729601788767333,0.221646212087185,-0.7880153840068809,0.2364026263916924,-0.9533311121226483,0.20883369232477855,-0.602809764477925,0.2101727873981824,-0.5537507287649241,0.04881328355497396,-0.7596781881356511,0.06610481656352786,-0.8959177320768521,0.05593076660595209,-0.5646203595635075,0.058755380123114063,-0.5013451285430712,-0.11937007448206574,-0.7224903391860223,-0.09288761187896323,-0.8310293300368243,-0.0913770098437175,-0.6109665685445729,-0.10127190009825617,-0.5480884292129875
2,0.0,0.0,-0.11090399818361647,-0.09358399203636991,-0.17187090004082417,-0.27482905402156926,-0.12244525907503949,-0.42636034925920396,-0.034036514978077505,-0.4863579203742595,-0.12428520889661093,-0.4953108903252844,-0.16335446240911483,-0.710314562832669,-0.18385569644385122,-0.8363711347311371,-0.19843189631718236,-0.945367541148618,-0.0317027845192767,-0.4912254725001035,-0.024780518008347695,-0.7337791476614757,-0.02765060406702055,-0.8790482550518167,-0.0259184811743353,-1.0,0.051641317611722456,-0.4338274196654642,0.02625052141823537,-0.5492581479502184,-0.015161022010310811,-0.39263653237489643,-0.02512834322534244,-0.27755207304218393,0.12615172638416566,-0.34849563370414127,0.08393381538640253,-0.4293887296959531,0.05012440392968017,-0.32849018121871665,0.04891451909050765,-0.24796714280037094,0.0,0.0,0.3013787978651646,-0.09777877009550534,0.5393968112888807,-0.45390536545814364,0.6111120634313871,-0.7783556933372531,0.4959046180771911,-0.9229756218389514,0.3974365347579283,-0.804743940600356,0.4102988581013267,-1.0,0.35286816011436983,-0.6900786035632587,0.3316445123639265,-0.5731284835280495,0.22494473923518588,-0.8034212391610477,0.2306174849431022,-0.9465787608389523,0.20450886272103236,-0.6023048388631239,0.20870066707178372,-0.5569320868984633,0.059001740746232455,-0.773446720394672,0.06785160545485244,-0.878504740983646,0.06347006319311656,-0.575541829763418,0.06919000232270915,-0.5312297245061244,-0.09977819627492306,-0.7339868059835045,-0.08081779718035108,-0.8091457315719598,-0.07445064928720256,-0.616184097413222,-0.08073294544376172,-0.5752131364201652
2,0.0,0.0,-0.10838418352496063,-0.08742472195997758,-0.171282691779758,-0.27764725578646116,-0.1249762372312887,-0.4333301401570221,-0.043969025673792454,-0.4989321117419602,-0.11990831515614245,-0.4931779643685581,-0.16056028753590165,-0.7117562610616321,-0.18088293964485966,-0.8418913931474992,-0.1947431903332134,-0.9511460099416339,-0.02773717178131549,-0.487380235794538,-0.023346306281890706,-0.7350393388803311,-0.02763905454276563,-0.8794839295215778,-0.026567504749428043,-1.0,0.055867169739786296,-0.4294591531327292,0.03091490812255343,-0.5589406862836447,-0.011463284654362678,-0.4017450817692277,-0.020042351162906587,-0.287129501001802,0.13045698996911986,-0.34114518416123424,0.08493928370724554,-0.42911490927757434,0.051700044885064404,-0.3289086308816983,0.05302331778798258,-0.2491343148192812,0.0,0.0,0.2896476049867558,-0.12602716448262777,0.5246887882728716,-0.47245582801292374,0.589831417003452,-0.7881057069912577,0.46363697276367805,-0.9380254403383449,0.3688484106926418,-0.8254423645828345,0.40256581589233675,-1.0,0.3449373063561242,-0.6899851347816637,0.31573426718341874,-0.590285017996677,0.19331207932537328,-0.8258655720069703,0.21827659713600478,-0.9463825205663151,0.19258482108318997,-0.595556690453472,0.1841610822321037,-0.5513400340407973,0.02654452289464668,-0.7885742745147161,0.054766793828447645,-0.8829186760192897,0.05198727890981031,-0.5644555498657157,0.04422747836530491,-0.5133142252955545,-0.13806578089368146,-0.7409224540320293,-0.09603285636920265,-0.8165156351887533,-0.08428597217054293,-0.6079056896761335,-0.10071663200571768,-0.5565364133378033
3,0.0,0.0,0.3062398580567611,-0.11335639315440989,0.5662961016135827,-0.4551778100911794,0.6250087583958471,-0.7912450656384193,0.47534668592071466,-0.9138346922920813,0.37442009649170066,-0.876182104287301,0.40689245973999216,-1.0,0.3562884723878137,-0.6837536572409113,0.32461601936422,-0.5822126541303199,0.18584981005098153,-0.8755207930598332,0.2152562462366813,-0.9798745323156194,0.20307307335529887,-0.6349662519118426,0.18901357991020795,-0.5695561789331199,0.014921724366931982,-0.8317888315169374,0.047274191805937955,-0.9263482416351387,0.05240465770793269,-0.6122455075361286,0.03747253492680772,-0.5320476333907177,-0.15288083528995663,-0.7789662831768732,-0.10431493711960298,-0.8681776981512038,-0.08687002708054123,-0.6557480060866315,-0.10053459015034293,-0.574515036106923,0.0,0.0,-0.10928652860175055,-0.06328055726587194,-0.16092779138449892,-0.23633902885915947,-0.08241841170625526,-0.35483907427615713,0.016973000525293408,-0.3844486135272632,-0.1416019284925568,-0.48404526372389334,-0.1953472594666873,-0.6836027271149676,-0.21518091058116803,-0.8095285550241055,-0.22501882496647482,-0.9179420297166379,-0.048563658159284234,-0.49697456634348236,-0.0614094320973156,-0.733945298086435,-0.06575168301333992,-0.8802433027847166,-0.060900265513695186,-1.0,0.037664267904875995,-0.45424468362684844,0.046466757445527515,-0.6585620413417352,0.04568109162889613,-0.8099631522732,0.0596154951493406,-0.9406399151591187,0.11549576960308576,-0.36716231152807455,0.08915501365749078,-0.43299669620632303,0.05577896491423217,-0.35729421103507614,0.04752561442857354,-0.2685092873280512
3,0.0,0.0,-0.11310779511942981,-0.06197087126123555,-0.1614698013655006,-0.24215430393058626,-0.07453991462256754,-0.3593134485523106,0.03009097203549895,-0.3821723593652199,-0.13121046940559608,-0.4910497337413887,-0.18239669278488463,-0.6887702007877486,-0.20247217186225028,-0.8145634218426815,-0.21047970493893314,-0.9238962331595445,-0.03831547793482521,-0.5011984315336765,-0.04890388900439411,-0.7319774546011834,-0.051464854934442625,-0.8782503696090836,-0.04408516979771267,-1.0,0.04476272923247374,-0.4554395498610413,0.057697605251731045,-0.6618327502074287,0.05936925725808423,-0.8111307881963489,0.0761282106141457,-0.9421100716861727,0.1193491968847097,-0.3647193676258422,0.09916523139602236,-0.44005809927962275,0.06951919097151367,-0.358139323467753,0.06373713989720982,-0.2659408422225817,0.0,0.0,0.2947786831056361,-0.11465425436789925,0.5674364934044519,-0.4534025366871231,0.6335282634204087,-0.7862469583637641,0.4877939383030987,-0.9282906494708216,0.3635839849270988,-0.8827725415675863,0.4156449999480802,-1.0,0.36169266119085614,-0.6815491951850711,0.3195731382994066,-0.6133819302866782,0.1769565984901716,-0.8868984367518498,0.2332379739270192,-0.9792381285327112,0.20845577758009787,-0.611873082572131,0.1826369154549157,-0.5861603676384903,0.005972942850121319,-0.8449878911437475,0.06051500425165653,-0.9503366712009977,0.0540420446718148,-0.6102964506455941,0.02687759382777157,-0.5649822722652388,-0.16809157733572858,-0.7926385768892181,-0.10309142157626272,-0.8917829382234883,-0.08849084653539029,-0.67348143174101,-0.11576468955984683,-0.6170425661775819
3,0.0,0.0,-0.10938822999355251,-0.06283000602124986,-0.1591530068703596,-0.2374929929688347,-0.07432661625477197,-0.3528141691183115,0.0280013015832189,-0.37943554284897074,-0.12946756123844808,-0.49135350778470127,-0.182262947562808,-0.6894896092773856,-0.20429505199859485,-0.8172284098622083,-0.21462021077760568,-0.9278730753196677,-0.0370682986606321,-0.5004764084057949,-0.04532090991050985,-0.7325224575224359,-0.047098536369537564,-0.8785118396999746,-0.03968713402516071,-1.0,0.046085234845010745,-0.4538569693892246,0.059174896892154695,-0.6595358000783048,0.06072505833853473,-0.8058313902646966,0.07683842488246811,-0.9325120071450306,0.12188698760036827,-0.36323785623321525,0.10029109015030684,-0.4406505871166765,0.06735606845913435,-0.36387284612841736,0.05879353114999233,-0.2744713944820281,0.0,0.0,0.29388684374501217,-0.10185375047073651,0.577254891825742,-0.4294088344535395,0.6545303739366183,-0.7701297727570932,0.5348920131845986,-0.9452906183844834,0.3775072577205049,-0.8956089583928558,0.434241587377502,-1.0,0.3760196451200456,-0.699703045487774,0.33556569891379856,-0.6485246847698347,0.19097361660264273,-0.9093627008546814,0.25354039302736264,-0.9891308854845022,0.21950039164142346,-0.6175265075070759,0.19011194867026518,-0.6024532827730599,0.01498859156201595,-0.8683508289222789,0.07870103985199987,-0.9701310223743979,0.06418133878317947,-0.6084846742957697,0.033417748768984956,-0.568396099149181,-0.16941644007886222,-0.8102592444700174,-0.09702369558413645,-0.9057476147929696,-0.08266729677672577,-0.6645743150251144,-0.11016753960008838,-0.6057235880602475
3,0.0,0.0,-0.10576408083818534,-0.06726974913750025,-0.15261929114444464,-0.24596461840928993,-0.06840205844676558,-0.3530871153434379,0.03658909986482416,-0.37116373789899115,-0.12566160488010222,-0.48168062650982235,-0.17434849573995412,-0.6838994784770244,-0.19311662716138528,-0.8099832423548357,-0.2032379176642852,-0.9224682618291228,-0.03154956890388743,-0.4924207622842213,-0.03505441431652883,-0.7326973303230568,-0.033833209405763336,-0.8776142170570623,-0.023263382893582263,-1.0,0.05423887135810984,-0.44736286632897754,0.06940983782639729,-0.6483035745479339,0.07125102932166252,-0.7978024525421448,0.08783823841128216,-0.9312947961389888,0.13271580691241291,-0.35639425998184426,0.11176396328294627,-0.4238130138722157,0.07343677053058817,-0.3412619713430255,0.05908919798603908,-0.2468452047956197,0.0,0.0,0.294518214365307,-0.11158854020531946,0.5788424713796401,-0.45351933828327545,0.6684976428719925,-0.7739067719932254,0.5411611574377663,-0.9510497115918537,0.38841052453246244,-0.9182465917708682,0.45025500592421813,-1.0,0.381736760561649,-0.6939228798807995,0.3359365689130596,-0.6513753966179849,0.20600366195241065,-0.9285863164189825,0.2591837405465031,-0.9888166688311306,0.2262452749216651,-0.6223250832516983,0.20473638164684177,-0.6083458524861675,0.032714269910262925,-0.881769227521507,0.08813430151678155,-0.9562719486001262,0.07707148556516293,-0.6106345727428248,0.05364477030761576,-0.5786926958158506,-0.14123742139121057,-0.8188292868545421,-0.07790734277039633,-0.8924109082571896,-0.06489664283618535,-0.6658046221193256,-0.08898792870415946,-0.616010192754871
3,0.0,0.0,-0.10217690983100329,-0.07429602706704613,-0.1446719004153285,-0.2534124160207612,-0.06059781919452989,-0.35958933410420874,0.042723146394840865,-0.38442664262778214,-0.11600715681088176,-0.49351606672004056,-0.16545920058330219,-0.6957265567174107,-0.182035691093052,-0.8227050953867259,-0.19014966414372456,-0.9357563601769566,-0.022449439519474736,-0.5023498228091005,-0.024354540537280235,-0.7365677817539187,-0.023724927587836044,-0.8795736593145884,-0.01678462200710851,-1.0,0.0614816802413306,-0.45758274015856587,0.08124956083040463,-0.649825855223245,0.085206850548114,-0.7983539529147087,0.10181950618102004,-0.9301995525961644,0.13765295389565732,-0.36836410948906084,0.11030884408378026,-0.43306363617497756,0.06876057875362121,-0.3534807049966001,0.051000712016032075,-0.26047226068306206,0.0,0.0,0.30853444128082747,-0.13092741427240734,0.5931137367320259,-0.46486353440116407,0.6607733839995176,-0.7928165620654286,0.5277155105143462,-0.9455936388781695,0.41156724307992215,-0.9259395282423343,0.44677566004377645,-1.0,0.3799217127737743,-0.6984546762046224,0.3415778468476373,-0.6452782175524578,0.22335968357963734,-0.9365394136895495,0.25442132079412566,-0.9844114003055604,0.22692709954988985,-0.6285785127859905,0.21586897708193734,-0.6118643142193756,0.04857118306420158,-0.8899866217048281,0.08648748188598504,-0.9550021857168258,0.07862084244695722,-0.6187511986502131,0.06383626043391849,-0.5869142725367592,-0.12660774419270956,-0.8260117643069984,-0.07610681516600189,-0.8862785382277861,-0.0636179475691956,-0.6663509088777373,-0.08134735919079043,-0.6210839240203938
3,0.0,0.0,0.31222030388686917,-0.09553527638715772,0.5904719292878974,-0.4225428502678763,0.6805636365308677,-0.7488404191907249,0.5724936424441142,-0.9206007953361012,0.41229079999133633,-0.8399159862081611,0.45589483619001786,-1.0,0.40398940896908647,-0.7134164233967552,0.37044471589268807,-0.5951488236259268,0.23652600181758895,-0.8576174512275846,0.29140511256975804,-0.9872878552361308,0.25680520318217515,-0.634117800296048,0.22819731432391238,-0.537286534917676,0.06466830781756107,-0.8277346391332302,0.11813512287417602,-0.9555963552089827,0.10635743720550593,-0.6155084309009111,0.07907298216027242,-0.5098874050223727,-0.11537565730348247,-0.7745139373706199,-0.049506601443924,-0.9027714522820592,-0.03642580596540647,-0.6762386293136213,-0.0585895023111507,-0.5789537084481688,0.0,0.0,-0.1083359372210738,-0.07050479258338968,-0.1583359787356702,-0.2520896372094774,-0.07552044773768975,-0.3699302028929031,0.025030118839683636,-0.39856724824926026,-0.12300927131643062,-0.49290460194836305,-0.1714154290934845,-0.6965929247503658,-0.18914852732504572,-0.8208241090206513,-0.1994316928517677,-0.9294144615266245,-0.0301639522117178,-0.4997583850489886,-0.03684697193917724,-0.7361936982503258,-0.03882029908775826,-0.8810342503723168,-0.03233253634533723,-1.0,0.053877504817768915,-0.45142197179387616,0.06608860820101478,-0.6626926588632142,0.06209296668010817,-0.8131243276365159,0.07424456580852305,-0.9422708401198167,0.1305137265245336,-0.3595922380989415,0.09955504655585222,-0.45010277630247203,0.06270738270673508,-0.3773781982499107,0.05269627616837988,-0.2874517704176396
3,0.0,0.0,-0.11005986321272586,-0.0679099403092877,-0.15940333215179814,-0.24810221707565033,-0.07474554795873567,-0.36951539065503974,0.02578144084598661,-0.3931593564509873,-0.12316099242277963,-0.4916550136136224,-0.1693796995932885,-0.6936971126210772,-0.18499738745320926,-0.818348564379107,-0.1934373881877272,-0.9260921920185722,-0.029524700113572055,-0.4995764001609262,-0.03580260275321811,-0.7345079314027011,-0.037899456734945304,-0.8808108994673075,-0.03144209800583942,-1.0,0.05524632226307206,-0.4508277794687766,0.06524745186264291,-0.657173068565581,0.06349448582908991,-0.8086991130695783,0.07771714604164383,-0.9377685929028873,0.13095773350019504,-0.35888366070390193,0.10106688731882586,-0.4386658037935626,0.06812612229612536,-0.3689706231772687,0.06125156293733727,-0.2840251527880799,0.0,0.0,0.29443902316567716,-0.14243267486932254,0.5564810974134224,-0.471715665912877,0.6533009360438624,-0.7701036925378911,0.5601727887872062,-0.9492063315995296,0.36961355898956183,-0.90138627433409,0.42942964287768026,-1.0,0.389069592775529,-0.7316081698849408,0.356318566081334,-0.6663953919098045,0.20289590667992682,-0.9116647464344835,0.26817188155412414,-0.9859241678077624,0.23307877486170386,-0.6370066445774287,0.19664393816219913,-0.5897093847541057,0.03584533952789435,-0.8695388319403258,0.09563077364972454,-0.9679050242556413,0.08582343224256167,-0.6281150014259439,0.053441224402701736,-0.559691587456481,-0.1408807750362616,-0.806654268592951,-0.06905990744938191,-0.909961787039002,-0.05253982937129156,-0.68292700013807,-0.07875778540551538,-0.606590692220593
3,0.0,0.0,-0.10668691650168924,-0.06491069021632265,-0.16028768985556585,-0.2392197894178975,-0.08274680225302891,-0.3560488951517043,0.01845261185834011,-0.3844639781179035,-0.1272941336118105,-0.49249834037417967,-0.17806481812720762,-0.6911877311756427,-0.1987386906648005,-0.8194561659131564,-0.2096848952701749,-0.9298916327379012,-0.03551287987226808,-0.5033804048512324,-0.042857930684769445,-0.7328288858966611,-0.045099187992263694,-0.8802280571433206,-0.03775514329942228,-1.0,0.04754594524030256,-0.458461438043057,0.06037598314397428,-0.6631899363384074,0.060241037344583595,-0.8100158709088109,0.07594166040304776,-0.9329039549997891,0.12322387652748615,-0.3688852213032507,0.09451223979151692,-0.4447253893856011,0.05941853452257516,-0.3667961395943237,0.05105114037060795,-0.2738421276261531,0.0,0.0,0.29009706184960227,-0.1336849003519747,0.5533297458107775,-0.4702393601164314,0.6279913644663025,-0.7946762490209478,0.49743153259065503,-0.9506037892187813,0.3621565800718218,-0.8689050972886178,0.4195993644377654,-1.0,0.3664432618529656,-0.7044918432273026,0.3252881611246068,-0.6380174453476101,0.1905620384058558,-0.8684413692309809,0.2509363739625359,-0.9927337380507216,0.22092093844290311,-0.6413455859458804,0.18933099329021172,-0.5989748552378593,0.02639287856389026,-0.8273321317171136,0.08713564861031912,-0.9471602261973738,0.07471741889982302,-0.6166141023269466,0.03931407485997706,-0.5616416890504633,-0.14751890201426143,-0.7744391056265502,-0.07037340810056478,-0.8887903679096107,-0.06264507426528404,-0.6696521071344307,-0.099576809928061,-0.6053931573103161
3,0.0,0.0,-0.10175063901349982,-0.05403004513882594,-0.1560977296718406,-0.222742549723129,-0.07768005678260712,-0.33341252034175545,0.028884274759768576,-0.3654767326573898,-0.12362298691573667,-0.4790771989664227,-0.17171818981733905,-0.6804605638379019,-0.191546475420466,-0.8099405260757947,-0.20266125242462568,-0.925364004122038,-0.029501520663876808,-0.4881954370322442,-0.03159388722405285,-0.7206550637897928,-0.031515462523060964,-0.8693431652398967,-0.023161168059504602,-1.0,0.05375717626453555,-0.4409855519500893,0.07028850082482593,-0.6379726712786267,0.07351529239835397,-0.7835993646818319,0.0924317095720248,-0.9167349443120477,0.12863134673228088,-0.34607537640091424,0.10828766693486873,-0.4231427611239944,0.06580546379202394,-0.3376750088199899,0.04936438899432592,-0.24224765416157107,0.0,0.0,0.309567183919117,-0.08489162736573587,0.573824887155629,-0.44449318083232514,0.6513358389842135,-0.7801619341555232,0.5251291514278837,-0.9312253344217023,0.3939542395344959,-0.8182439932979383,0.41004810350777265,-1.0,0.3571273156136142,-0.6855863172244557,0.3304810997516061,-0.5738834401145282,0.20210737527064865,-0.821660390990559,0.2218041517858999,-0.9833099814432161,0.20421470434566896,-0.6136266940514351,0.19676496634417498,-0.5527406249436991,0.021376449561072236,-0.7855758308168265,0.0426897266004129,-0.9308273590837005,0.04378502494794908,-0.5827460714082784,0.03990643999395761,-0.5116900347252538,-0.15873516600630017,-0.742229086892591,-0.12877054492825127,-0.874686273939152,-0.1127275538906651,-0.646267832089978,-0.12198019177653142,-0.5693812141781774
3,0.0,0.0,-0.09747978198036988,-0.06487456038595679,-0.14367590923787407,-0.2331286327794588,-0.05781052850030236,-0.3343392682344271,0.047420313553856806,-0.3645682965320498,-0.10941480344364135,-0.4878883724400794,-0.1587182440907706,-0.6927092604711782,-0.17574365475360282,-0.8214119934326379,-0.18404035214805214,-0.93735547248636,-0.014618904181560713,-0.49475430872505133,-0.01695365532753952,-0.7307984127126288,-0.014240201355857867,-0.8751773546521225,-0.0057380950399945905,-1.0,0.06809358739950874,-0.4470490936331343,0.08953581982351898,-0.6438388955995378,0.09432010945391381,-0.7918179521567857,0.11121366836326875,-0.9264323920329955,0.14252739991256871,-0.35228361354569027,0.1181122496161434,-0.4171212893575232,0.075257885972293,-0.330329236690167,0.05565415878607779,-0.2319855289520854,0.0,0.0,0.32249960497864405,-0.11659204651266582,0.6091190989951694,-0.5037393476659028,0.6655191324451946,-0.8471354133208189,0.5118233667360236,-0.9682299143755991,0.423641639330738,-0.9328774753075024,0.44266521416018006,-1.0,0.3700794483180205,-0.6974578206226618,0.3303862824241531,-0.6695730320667179,0.21386867574190194,-0.9460812190956367,0.22109384738178042,-0.9913534840432786,0.2005913937412839,-0.6257325363932442,0.20354379800692848,-0.6341265993293315,0.01890715341412281,-0.8897857733255884,0.02584397636949565,-0.9471852502519459,0.03193913898643268,-0.6036906828380859,0.03565549539509912,-0.5986700233902231,-0.16149211230823432,-0.8166859725606107,-0.1507698464702447,-0.8586346484107068,-0.1302107599534675,-0.650607048082608,-0.13731697437759624,-0.6377864919150793
3,0.0,0.0,-0.10811391643917986,-0.06228284884238555,-0.16340656285141744,-0.23865458395598285,-0.08191894301849525,-0.35514430630109894,0.02253441065966834,-0.3771706897472739,-0.12037464438779913,-0.485095037660308,-0.1664228117779035,-0.6895049713798096,-0.18194263908426347,-0.8158378750792722,-0.19049322059667514,-0.9273169068004969,-0.026516034566122296,-0.49198511393972433,-0.03590679912721774,-0.7337523747430073,-0.0397625462449954,-0.8802867908815347,-0.034388881203267045,-1.0,0.058115217668224944,-0.44168726945988035,0.06679400448444621,-0.6461017232381702,0.06406429989083373,-0.8005214504183794,0.077893488238944,-0.9319232576200658,0.13375100502822299,-0.3478392064420426,0.1027057345848874,-0.4278246600710334,0.06363585310630768,-0.3553418191729936,0.0511251522095554,-0.26523663877470793,0.0,0.0,0.2777034880543339,-0.17279821482575344,0.5104835263333501,-0.5117213220991309,0.5815982244033153,-0.8127607478201938,0.46103025416454774,-0.9757323321311064,0.32808666860646996,-0.8833255168630154,0.3831619435579705,-1.0,0.3344704519203792,-0.7064097312192601,0.2926506006536686,-0.6437146990069005,0.16688042674284298,-0.8773827438361362,0.2132379081980286,-0.9737652883132404,0.19525122100900655,-0.6323533162568181,0.17335803372655123,-0.5997966329664884,0.011230732313912918,-0.8307618794299477,0.0557947632598481,-0.9335894984116342,0.05420470581009256,-0.620508110477176,0.02872578867838495,-0.5751234802777702,-0.15064450745045824,-0.7740705210453909,-0.09227850717041866,-0.8681596558740384,-0.07930793787285474,-0.665782390507387,-0.10829749989199217,-0.6125178733440317
3,0.0,0.0,-0.10825180491357635,-0.06756683051043384,-0.16179734821657768,-0.25026334941379313,-0.08177752306647802,-0.36658116290542375,0.020280075697014396,-0.39118486341920616,-0.11902294518261877,-0.4889252141935701,-0.16073106122894223,-0.691881457216371,-0.17562665220890597,-0.8203101553286671,-0.18417919916813605,-0.9327991586929186,-0.02625733403017135,-0.4960835424118736,-0.031792420421261375,-0.7353345175237938,-0.0364576803868862,-0.8806426783978587,-0.03408862108021832,-1.0,0.05749917643949422,-0.4473162781686185,0.06772638687860529,-0.6527148461773497,0.06654192506386325,-0.8026279585088317,0.08126249247670016,-0.9324567773195507,0.13076526273343939,-0.3534975407153661,0.0972493350461221,-0.43320137370435075,0.06118823906753956,-0.3605043175193435,0.05186043267996629,-0.27085344747583456,0.0,0.0,0.2670641361828534,-0.16223722095120016,0.5132076098734819,-0.5031562139458523,0.5854760514760007,-0.8105659308927442,0.4627057008108577,-0.95006135011065,0.3095210556876878,-0.8903325885141183,0.3818768973198807,-1.0,0.3327667159752862,-0.7012088680152264,0.291734495457161,-0.6626458291737636,0.14594391901209705,-0.8788572786299862,0.22601189739445857,-0.9612378251627826,0.20073654150755632,-0.611332329715827,0.1682594493431783,-0.6136554957740515,-0.008340291753859535,-0.8307187030044938,0.06955197541076051,-0.9284306277965065,0.06400730706116353,-0.603807553508313,0.028948250547100634,-0.576147275853596,-0.16726049840521112,-0.7794737628512716,-0.08522902863764026,-0.8667853457887971,-0.0731946464080027,-0.660218777451525,-0.11225290847149647,-0.6193569084882438
3,0.0,0.0,-0.10909978188383515,-0.06085456986138726,-0.16533010786438535,-0.23983958629870245,-0.08488811488055302,-0.3567074584217726,0.0224564260603254,-0.37553110193693334,-0.12531820819675538,-0.4880591658082528,-0.16763396984742526,-0.6929652607508674,-0.18131379151760996,-0.8177034733920128,-0.1882176504098271,-0.9268552796848213,-0.030633250964683088,-0.49479023172111397,-0.037605720793190384,-0.7347950171673888,-0.040063591013805855,-0.880656671940605,-0.033814267131284825,-1.0,0.05519037070155815,-0.4447904448813044,0.06393020495885209,-0.6481186215143646,0.06025612262679434,-0.8009725300462611,0.07322092508325238,-0.9295077918043104,0.13192644054988933,-0.35111613340204195,0.0982304773242854,-0.41613998336284713,0.05727387833775552,-0.3361873262411385,0.04424299622226852,-0.24029042010143228,0.0,0.0,0.27996949662959786,-0.1725604430633988,0.5260630178381223,-0.49725910241824084,0.5882987049673586,-0.8016125061227029,0.461337949872881,-0.967462985183707,0.3462311362440684,-0.8950792906217038,0.41310245452354355,-1.0,0.3523578561080602,-0.7012154698996266,0.3060034883208633,-0.6569487818088992,0.17922544245436806,-0.8899103040229721,0.23785242795943595,-0.976135064881213,0.21356207837577976,-0.6291526179252006,0.18995086287996393,-0.6095226494652192,0.019053980858292796,-0.8422548132867187,0.07795477104330857,-0.9387545709702249,0.07118144192567752,-0.6155720094645972,0.04057855330574121,-0.5686810467035887,-0.14793726464848558,-0.7860640804024268,-0.08075540547194701,-0.8814947947307177,-0.06575109042422232,-0.67034901349975,-0.09450485799216812,-0.6101656304505013
3,0.0,0.0,-0.11562014428163082,-0.04466277056020956,-0.17624111550632707,-0.21611173171137604,-0.10050753469881396,-0.33892808116028217,0.008373087903147605,-0.37094196660178874,-0.12941491784712897,-0.4831464373415079,-0.1763055476176452,-0.6884028372763813,-0.19544831502955518,-0.8209657974804858,-0.20427217049791233,-0.9363651235283178,-0.034164580446641855,-0.4917866420015572,-0.042939693858732406,-0.7333390263369148,-0.0481545794512236,-0.8787610155118057,-0.038966251720440256,-1.0,0.05142055443510272,-0.44052864682534887,0.05983286747587911,-0.6447388287451068,0.06068900433225569,-0.7966620951162003,0.08243824998784664,-0.9278126288481467,0.12645245540359065,-0.34344938915529116,0.09692544368774939,-0.3991234917934582,0.06358767769951898,-0.30920828753852103,0.059845213748706536,-0.21241106503836477,0.0,0.0,0.3036933569057063,-0.11878424087214835,0.5661774000242007,-0.4658032462819638,0.6363466896205225,-0.7859999641652805,0.5095940098093863,-0.9399729177880357,0.38143015383648715,-0.8779084108750028,0.41820344842905255,-1.0,0.3682754983050914,-0.7089356818328526,0.3360949384440516,-0.6157131317802174,0.20620524801921133,-0.8754203523043811,0.24939909347977463,-0.9736310462191794,0.22315237045442107,-0.6280758645555599,0.20008389251449527,-0.5687414232912422,0.03636696323578681,-0.8256500994904352,0.08397743787155511,-0.9230206410438605,0.07737550441662917,-0.5871103986710718,0.054739252099951376,-0.5157379460962368,-0.1378114337790338,-0.7547687789270251,-0.07987074220331,-0.8568236055569342,-0.0651529197564908,-0.6338717622655986,-0.08496350626530799,-0.5577188108469241
3,0.0,0.0,-0.10350124794683943,-0.055168243015705755,-0.1612342437632874,-0.22270925050782217,-0.08227378808222688,-0.33681435968833984,0.026353749822723798,-0.3673400186928676,-0.11451427207869057,-0.48352576002008335,-0.1574456614484167,-0.6858038104930435,-0.17443068974552398,-0.8161989254650458,-0.18342972316747969,-0.9318616812071038,-0.018547498323707286,-0.49263567769628647,-0.020986175727370215,-0.7260932716210713,-0.021911504829064715,-0.8735906195469203,-0.01355826130384581,-1.0,0.06543224401011574,-0.44379604260749644,0.08331765245171185,-0.6371134256104705,0.08733742843668836,-0.7835215575068474,0.10839068913787825,-0.913046840946406,0.13945591092357382,-0.34778402807678027,0.11268845194825299,-0.4099904273623308,0.07020026694275368,-0.328778466898777,0.0555471345124691,-0.23774094178210733,0.0,0.0,0.301020356321429,-0.10016487915861501,0.5781495486935437,-0.4643881790991393,0.6598181339075276,-0.7931845883372495,0.5363452757446997,-0.9563756661664444,0.3920775925565482,-0.9022818896208321,0.4276687527575825,-1.0,0.35963419722907275,-0.6781966167031485,0.3170128669870919,-0.618440002005104,0.19383693582176975,-0.9069640783815017,0.22945903062254414,-0.9817454249533384,0.20213102135209943,-0.6099122134767374,0.18944749675864103,-0.6002188453581617,0.009527235769971219,-0.8546340256210742,0.04923111713645861,-0.9220560986547288,0.044827057523452715,-0.580575826123163,0.03415230616312063,-0.5616569474820816,-0.16558444490909066,-0.791504410551363,-0.12218529012364357,-0.8466321252882901,-0.11042178762245698,-0.6256771177443122,-0.12599600379163356,-0.5943990762070478
3,0.0,0.0,-0.0996868038109071,-0.06162666497007955,-0.1509069758179438,-0.2233864189235672,-0.06311676502216684,-0.3249360547004515,0.042819376059397105,-0.36296205489804184,-0.10578262063743053,-0.4791184781613547,-0.1523741098736715,-0.686580461419971,-0.16659864800627738,-0.8189070668543258,-0.17234035399704029,-0.9367594565334898,-0.0068409703030011485,-0.4851659836351758,-0.006315235197148078,-0.7246635662571581,-0.001090057223607596,-0.8720371925000504,0.00867690515612481,-1.0,0.07602344807538226,-0.434471132932256,0.10191522961082464,-0.6270853926435361,0.10709644114989296,-0.7734524461631009,0.12353068055385294,-0.9082163438237246,0.14839613033306384,-0.3339699673044903,0.13003512659488242,-0.3982138248056554,0.08733182192249184,-0.3186818552593942,0.06605403319620978,-0.2286346663439013,0.0,0.0,0.3126168072285133,-0.09577314832468677,0.5952823829223981,-0.4585903227008729,0.6704048211345385,-0.7967660326572276,0.5527303511256259,-0.9620861105850859,0.4215813762500999,-0.8959564420930218,0.42250010717988923,-1.0,0.3525556963795172,-0.6760364510724345,0.3213226149135376,-0.6087119691821733,0.22142751117094514,-0.9046443685100961,0.22170628660139358,-0.9809743309012654,0.19612422440000268,-0.6041276860411282,0.20423973480571572,-0.5949151706185346,0.033327074889550855,-0.85831098713432,0.034991917882323594,-0.9269270136192785,0.03366321041146521,-0.5842040756795582,0.04583302902862274,-0.5718293765103477,-0.14569964123282508,-0.7981204848451945,-0.13371283631595038,-0.8585596013899132,-0.12098724419284279,-0.6381983954685851,-0.12348981381722199,-0.6101192034261371
3,0.0,0.0,-0.10328676152945303,-0.05538349668632272,-0.161318966460055,-0.21980961901862764,-0.08175517757315717,-0.3301186159912827,0.02750144294247571,-0.36232647957513725,-0.1123090649952731,-0.48163950528041083,-0.1556404879421449,-0.6860828938513814,-0.17134423691905595,-0.8159108851812614,-0.17945979775849116,-0.93116240783598,-0.01351642134247431,-0.4922168531732918,-0.010865795379278833,-0.7263613082836377,-0.009725655080090993,-0.874051272020137,-0.002574142820536987,-1.0,0.07166538151297532,-0.44557556018402655,0.0903083167464748,-0.6339605345855812,0.09444720539564883,-0.7823543011643318,0.1137682234765232,-0.9110135556217732,0.14579661113121895,-0.3515202462892562,0.10472290738370854,-0.3980103779051256,0.05846730151059283,-0.3143704210583135,0.040872117647317616,-0.2195907734481889,0.0,0.0,0.3141621882479228,-0.10481918552286355,0.598696958668015,-0.458994423188112,0.6668804521340923,-0.792500673778388,0.5252749246174436,-0.954891400744957,0.39695112400056204,-0.892530158781348,0.4328253888910644,-1.0,0.3621425807209544,-0.6752390473579825,0.31747130395122075,-0.6106535304835771,0.20122391556232277,-0.895057576378827,0.24401644479969778,-0.9756820134571397,0.21224382024283664,-0.6018271487771786,0.19847973712277048,-0.5911448243453984,0.02095203158580942,-0.843812641234316,0.06778469728346376,-0.9213171964369217,0.0607104849131229,-0.5789288190565259,0.05005177151886925,-0.5595355190627455,-0.1537302559897171,-0.7805279197639357,-0.09790737102038842,-0.8474190256588631,-0.0915207581331386,-0.6303435233196427,-0.11489666427868857,-0.6019183680050861
3,0.0,0.0,-0.1092972579184051,-0.0478470828524854,-0.17046289150875912,-0.21163942516985024,-0.0935354737869842,-0.3266487122874555,0.015936896004195823,-0.357786029589495,-0.12132887731415885,-0.48388802275841636,-0.16575202676062337,-0.682979438447227,-0.18328686455697094,-0.8191105382974506,-0.1935084227401577,-0.9378991905824369,-0.02361963838601752,-0.49319419557447325,-0.024961958508044394,-0.7243676013625395,-0.024867969140361847,-0.8717005305129988,-0.015858959579363882,-1.0,0.06189830950870336,-0.44171204022793953,0.07924136978168304,-0.6416295084950396,0.08345802446480745,-0.7858905048374808,0.10630601872005965,-0.9140761944967203,0.1354155184778869,-0.3420150548419382,0.10706369311429849,-0.40147760599154647,0.06696184883335851,-0.32163026825264024,0.05759906182190486,-0.23554029640962454,0.0,0.0,0.31560313469549445,-0.10509497245757467,0.5946521770579631,-0.4612624416662257,0.6694751186093781,-0.7847853283124093,0.5302246988100954,-0.9298186379716037,0.4113926170668373,-0.8888771030621196,0.45602581274063514,-1.0,0.388067602855072,-0.6907187342378052,0.3425750262268358,-0.6056811622626781,0.2275259926026002,-0.8939236754173598,0.27499001171408693,-0.978046645659307,0.23835921711256738,-0.6139543271973137,0.21823215349386116,-0.5703704476839556,0.049705618635350134,-0.8503563014554498,0.10210394807936063,-0.9421490130893878,0.08989615095394805,-0.5886627250762532,0.07046960235699275,-0.5284961063889592,-0.12637408715804987,-0.7848285340206116,-0.06198987530055881,-0.8623682165217658,-0.0562171800459534,-0.633822642024202,-0.0791904803746566,-0.5796892878485644
3,0.0,0.0,-0.1072727804139081,-0.05190818158692761,-0.16696814904515994,-0.21767799700441362,-0.08885155896071432,-0.33305030400470814,0.01906472512510301,-0.36240340943007815,-0.12297805969524478,-0.48519755785650365,-0.16792869840607758,-0.6893834031040259,-0.18587918131867723,-0.8183341825038832,-0.19565805928903,-0.9316506463645139,-0.026536476478058332,-0.49386008823282446,-0.026877919823603706,-0.7290738079887092,-0.026622425582812952,-0.8754696548883367,-0.016809118432169437,-1.0,0.058784729197158575,-0.44361614882124645,0.07366494661123982,-0.6369797137820504,0.07783508818947839,-0.7855115321653998,0.10024538840945361,-0.9155137638698201,0.13367389324427653,-0.34640956903335496,0.09864244999037716,-0.406353744222895,0.05733152055855524,-0.32814947119008303,0.045377659623215966,-0.23810081706141745,0.0,0.0,0.31576619793774197,-0.11997030488589742,0.5928791096916199,-0.468004147193746,0.6599892402659323,-0.7975162582209648,0.5110717955543466,-0.9488837201719709,0.4041613551327849,-0.8744196447146517,0.4535101381659836,-1.0,0.38626849162008453,-0.6896291200936695,0.341979241158927,-0.6152042196066103,0.2249081273950567,-0.8706396250687691,0.2708872546789149,-0.9755728244447921,0.23689214011402593,-0.6153565396773102,0.21710257540147654,-0.5849183177537802,0.05219383483297228,-0.8268622041103547,0.10477357962142379,-0.9377736012771527,0.0899035152114463,-0.5928353115882239,0.06721743592763288,-0.5422857305535813,-0.1213009155993515,-0.7709967499374052,-0.0567664784889265,-0.8658583321146917,-0.05457341012276365,-0.6414636158205562,-0.08495700607844678,-0.58854188084142
3,0.0,0.0,-0.10605274527294255,-0.04945568445590266,-0.16299918552028747,-0.22012246901806962,-0.08572514568507852,-0.3366802860882951,0.020792003138080946,-0.3632257754358011,-0.11767170152659683,-0.4835948432457501,-0.16316703459394744,-0.6869528001437548,-0.1812434297380294,-0.8167706306938444,-0.19106849109953367,-0.930624177499952,-0.021440723972958438,-0.49192877144042313,-0.024443638909644818,-0.7282083289497278,-0.027208524858099443,-0.8753302588872443,-0.020072088960262396,-1.0,0.0644417564664489,-0.44047055252684747,0.07710783758264904,-0.6413690454511856,0.07814824848224851,-0.7876281678108168,0.10017967451594385,-0.9156348118472056,0.13894052271241822,-0.34196632846239544,0.10088932773152356,-0.4102888821904089,0.06073045509964439,-0.3291011086716342,0.052971267468892344,-0.23687710021153416,0.0,0.0,0.30930150864797634,-0.10911842030133238,0.5819087611808019,-0.4537564763623635,0.6536018132573341,-0.7789831955929704,0.5224868486709648,-0.9359290088900254,0.4142126208072769,-0.8676227809071748,0.4568924383892198,-1.0,0.3909024331510311,-0.7007507242850866,0.3548629506145562,-0.6095287864532002,0.2328390982371385,-0.8692597769177108,0.2706307672829193,-0.9739835803888176,0.23746794402337573,-0.6214740908267152,0.2221117347838068,-0.5674571945651931,0.05638413548785907,-0.8264178485691801,0.09921799553636818,-0.9317756962942919,0.08859514760023932,-0.5923544788995335,0.07209423277914456,-0.5214567129497457,-0.11879591173031522,-0.7642641337997225,-0.0663610229114895,-0.8571838902115384,-0.05992649158041861,-0.6336733604593717,-0.07883089091410116,-0.5671347108197144
3,0.0,0.0,-0.10664205913888061,-0.05153397677507949,-0.16970348492835907,-0.22128256715151892,-0.09469989058796517,-0.3366767120258329,0.010772183344875943,-0.3640175046726425,-0.12605419106354573,-0.4846524014422467,-0.17168311292744068,-0.685350596190657,-0.18890550064071662,-0.8121297320391828,-0.19833291516824175,-0.9227637486260849,-0.029955655706356017,-0.4939010229852978,-0.03283526268755174,-0.7299553737973055,-0.03484496098535357,-0.8768274206042314,-0.026966918599388132,-1.0,0.055526560687657614,-0.443911156049502,0.0666702375146397,-0.645149739124497,0.06815007209040885,-0.7904426567234212,0.0898817516826055,-0.9164146556371316,0.13068075710747531,-0.3461507355163744,0.0927594792701312,-0.4183491468649051,0.05164799332439368,-0.33953414216172245,0.042304149168728516,-0.24783852500173062,0.0,0.0,0.2913436130683401,-0.14457467614378403,0.5418124256231008,-0.4679790303564365,0.6091660611096297,-0.7664229344515354,0.4985103656270732,-0.9403257381746271,0.3868140224728146,-0.8818606737244309,0.42720461694414474,-1.0,0.3646811823060906,-0.70519279234988,0.3266954458996182,-0.6241123588021878,0.2149501071314853,-0.8829613380282871,0.25522234544998457,-0.9769253419450612,0.2273995452152848,-0.6292804976133506,0.21163601505854437,-0.5833995193398506,0.048417250001976594,-0.8413349519854963,0.08995786377206809,-0.9392061464698122,0.084596617553655,-0.6064003844897855,0.07037363408254695,-0.5464903687081666,-0.12282703254530657,-0.7838260806647495,-0.0652015420800447,-0.8732115702483298,-0.052869621593337364,-0.6497443722727472,-0.0713052695082206,-0.5841901576077491
4,0.0,0.0,-0.11055495177764584,-0.07125666538409853,-0.16734615716309317,-0.22637690739281244,-0.09677656659003304,-0.3542295087664351,-0.0025038920352518945,-0.39466095585579947,-0.1680396412540853,-0.4771904052509379,-0.2238742972135513,-0.6753523804314998,-0.25133663753079216,-0.8054379749409972,-0.267915878058179,-0.9157720202029049,-0.07509311793594979,-0.5016359687081862,-0.09165156391059795,-0.7347179799316899,-0.09591245322382864,-0.8810516688376322,-0.10021948935272611,-1.0,0.012635539357643447,-0.4679798426721171,0.028680245936890385,-0.6886173110805982,0.040969256891702895,-0.8328514623021465,0.052195039516415555,-0.9587218870287497,0.09637833666224213,-0.39438208096359106,0.15209776801098465,-0.5392023252297958,0.19280096857038662,-0.6416757446995789,0.22424859916284834,-0.7389552261233135,0.0,0.0,0.25785781292626936,-0.11797404303107456,0.51055838371393,-0.46918522415989955,0.5802802725146805,-0.805935630587394,0.46986954529072267,-1.0,0.3305077831688205,-0.8777977941986859,0.4151652203983519,-0.9744529653390847,0.3529337924673434,-0.6638994195365167,0.30961258635600214,-0.5938994223991861,0.15371518671904588,-0.8805430941964244,0.2358609177775494,-0.9559312077631015,0.2095824710734409,-0.600321248765116,0.17849788863815086,-0.556078119959018,-0.005279191856965003,-0.8279615818309806,0.06643812068041073,-0.8966833970611263,0.06428897159458989,-0.5649498188359642,0.03552243574237464,-0.5037556791783452,-0.1621589165139671,-0.763697515460562,-0.08960956910240714,-0.8233008697076041,-0.07445173439122328,-0.6032431754676099,-0.10017095861925437,-0.5399438287001506
4,0.0,0.0,-0.11305766020363722,-0.06887550269755506,-0.1655598306666827,-0.2371517744572698,-0.0948486627830115,-0.3676858829191855,-0.006137960754823236,-0.4053251745670377,-0.16096236929291263,-0.4821456880038779,-0.21360947575233658,-0.6765575111184366,-0.24218175460404287,-0.8021181544568463,-0.25893323672841256,-0.9075328373746583,-0.0714485816302996,-0.5042512174337543,-0.08678475588085317,-0.7398978322840138,-0.093136901420058,-0.8851222698951482,-0.10080878005955396,-1.0,0.012350893337980442,-0.46965272018968446,0.03045859294475034,-0.6872342720836389,0.042527912698453574,-0.8319785466110158,0.052534934868939516,-0.9578317088483355,0.09245514424064698,-0.397159683699007,0.14454768809201277,-0.545310025679282,0.18079556555943005,-0.6518550090624343,0.20909027695509072,-0.7551248395402568,0.0,0.0,0.2603591347441775,-0.13804017638126898,0.5037424322763614,-0.47154763282449935,0.5877950679823456,-0.7887462057534668,0.4903973825565373,-1.0,0.3475503589394387,-0.8520980620156169,0.4438801313968745,-0.9870296744840364,0.38050291457016905,-0.6780450094635716,0.3339869751638453,-0.6175393664464572,0.18244594191614516,-0.8614867179144404,0.27746643879081995,-0.9686406416747534,0.24109078994660582,-0.6162095400613842,0.20024599747618657,-0.5894745495074658,0.01997902360660459,-0.8258455051897334,0.1149209610313063,-0.9312889025959016,0.10182820520369634,-0.6007871103035892,0.06125771493151336,-0.5465653487820953,-0.14760344122455965,-0.7814703472327689,-0.044462753929940126,-0.8685990445188678,-0.03175200982474101,-0.6463711218376906,-0.07207326696250105,-0.5749050509208071
4,0.0,0.0,-0.11617109512701357,-0.0719788044621261,-0.17757357197380388,-0.2443665985365075,-0.10709177468451937,-0.38031090923651123,-0.007961493688804543,-0.4100462808768522,-0.16812831004899342,-0.4810806598775384,-0.22242953629832274,-0.6701926848110613,-0.24872638189857435,-0.7981696018612794,-0.26669233869200887,-0.9076702154931968,-0.07919503234797509,-0.5101674675144191,-0.09053072811202616,-0.7347794137698038,-0.09423388898734149,-0.8825914240325701,-0.0987374299352652,-1.0,0.004919847950810442,-0.4810439649982656,0.01911587357880193,-0.6958609687145935,0.029114436722450798,-0.8392493033549121,0.03730156794341103,-0.9608549820529663,0.08608892090217311,-0.4115381075961494,0.13906999490660685,-0.5560087253227837,0.17597281182858715,-0.6613004363021145,0.20338805978847777,-0.7580249722324093,0.0,0.0,0.26129308724579936,-0.11519061759951885,0.5080866067736721,-0.45115483216178626,0.5952088110363493,-0.7886481975717025,0.49817915272713603,-1.0,0.34139984212306884,-0.8040978836973274,0.4142586926286509,-0.975851144607751,0.36721196857497274,-0.6775464421305868,0.32320911175431344,-0.605059279028681,0.18804044656617674,-0.818427094688569,0.25723865729429013,-0.9708189301958425,0.2303331203247754,-0.6237374732173063,0.19116716159831598,-0.5881911062662106,0.029615907980302975,-0.7932789535014848,0.09982347855505018,-0.9450305604631056,0.09501860692403112,-0.6157254444987408,0.05732150509341052,-0.5538025034770515,-0.1419878961019434,-0.7623266548885465,-0.05730827350298839,-0.8848617073262414,-0.043622749313987144,-0.6652494831409992,-0.08087238281396834,-0.5904079990978461
4,0.0,0.0,-0.11161751901466678,-0.07738265685839267,-0.1691657835781137,-0.25358850767715013,-0.10192256738381987,-0.3878285282349372,-0.004232190889558895,-0.41882808428746837,-0.16408428421898755,-0.4854047700185581,-0.21893217297731427,-0.6782258185713015,-0.2442290552313164,-0.8050187861942762,-0.2604918298908111,-0.9129773603037852,-0.07563340364193978,-0.5129446768884252,-0.09025821658218938,-0.7419262554378149,-0.09325753597105013,-0.886717644129597,-0.09729652373832742,-1.0,0.00888192798032063,-0.4837516444943406,0.022432953980965904,-0.7014466134552503,0.0310679285660226,-0.8446871646108203,0.03792399928026083,-0.9661640000709449,0.09302818342084337,-0.4142606649951279,0.1458640248069018,-0.559221766450596,0.18126663533716247,-0.6654167358853746,0.20657651513828373,-0.762638523727767,0.0,0.0,0.2651399866778435,-0.151474971361924,0.4956772823028804,-0.45528883056605485,0.5925445233367185,-0.7589370891515633,0.5135387769097443,-0.962979283391113,0.3415846240538176,-0.8182614443281218,0.39671252844212,-0.9791505685858761,0.34919070892171195,-0.7210436202290419,0.31834338955678604,-0.6673924401179897,0.18840419434158934,-0.842603310131195,0.2451415030208574,-0.9921851329408133,0.20573482638015003,-0.6613900590034149,0.17780817747825886,-0.6486145840844979,0.02649581395269295,-0.8255099629721577,0.08377709643685044,-1.0,0.06942998328887388,-0.675605489731764,0.03965792783746399,-0.6354754148637529,-0.15490612497117665,-0.7956166285823247,-0.10166182073462258,-0.9340792676861318,-0.08413409260694422,-0.7301453836618601,-0.10903945655634512,-0.6715789149653649
4,0.0,0.0,-0.10689146789406728,-0.0676959750995773,-0.1581771534737725,-0.2241326815336892,-0.08556525405930394,-0.35058293059277024,0.006776167375974706,-0.3918222696138085,-0.15181598473622146,-0.47152659790080803,-0.20401476820131886,-0.670220152931601,-0.22969411725243663,-0.7998763957261067,-0.24419485819082914,-0.9105639473369124,-0.061559518478000376,-0.49360664396300874,-0.07552281663396761,-0.731617253224767,-0.07701736657702352,-0.879506135227136,-0.07977065745254518,-1.0,0.02449273793365608,-0.4583895139894326,0.04263389081147492,-0.6776580987501303,0.05801633046753928,-0.8215507746294473,0.07173146170754853,-0.9474326861426835,0.10829308134471412,-0.38352885410124515,0.16583766768999791,-0.5324167718717429,0.2068907554229925,-0.6360597499680491,0.23813343170898546,-0.7360729086152443,0.0,0.0,0.2614069997983191,-0.1692885600058036,0.4860984766235874,-0.4730232466537548,0.5730305510425956,-0.7536109981659252,0.5190049976478871,-0.9448815305411954,0.33752471463647454,-0.847032386363778,0.38598596909171545,-1.0,0.3505560684139529,-0.7570841976652382,0.3208341861352728,-0.6922586192411563,0.18387502564638233,-0.8558841588746954,0.22697116910358198,-0.9858798435514586,0.20048166585936134,-0.6596538716875656,0.1737500956675501,-0.6076570935961451,0.02744642804167341,-0.8163706561011466,0.06562569569317778,-0.9629026793645032,0.06203308314762818,-0.6497074380367199,0.03868147554637701,-0.5804723022810385,-0.14179750788213358,-0.7556121015524444,-0.1059172529913716,-0.8945221321735393,-0.08134783175574323,-0.7013287755276548,-0.0938852044244154,-0.6261666143559411
4,0.0,0.0,-0.10559959709585792,-0.07021619452903531,-0.15426618295619013,-0.22634969285762832,-0.07870273886493409,-0.3474336628540484,0.01401307120760682,-0.3881532902428857,-0.13835923677477488,-0.47072120279915647,-0.1925140134783713,-0.6660516615567622,-0.21846274405157323,-0.7942132015626316,-0.23345150476741713,-0.9052742419786401,-0.04723775447339796,-0.4916595647921163,-0.05938250805949225,-0.7317561064376026,-0.0639470010670821,-0.8798841400029254,-0.07054693673521738,-1.0,0.03643401019600547,-0.45799188741986313,0.05653211159166868,-0.6782515388438869,0.07106209277757368,-0.8221832806682746,0.08302581511823877,-0.9478439585833084,0.1164503218002649,-0.3847395044943043,0.174436696850025,-0.5309969653776178,0.216262681974769,-0.6335460920271396,0.24798236292129305,-0.734026701795498,0.0,0.0,0.2821651824835794,-0.18640321700918494,0.501291163190754,-0.4948542482951,0.5820426201677726,-0.7639576950135081,0.5355998974924433,-0.9504988652001082,0.3615009011140824,-0.8474510327587248,0.39495417843482544,-1.0,0.3608988901396862,-0.7638887184248006,0.34385614969245276,-0.6823340892120124,0.20972503624339262,-0.8557922906265971,0.23770878918839838,-0.9832421255000803,0.212912687421174,-0.6682653197985393,0.19602348738759393,-0.5952326131130141,0.05332737172686449,-0.8185881351430565,0.07662390772748896,-0.9681151423004207,0.0741729068796415,-0.6674326913683041,0.06313567081328061,-0.5768234734449952,-0.11783189644380274,-0.7612838089608689,-0.09582296434376754,-0.9043252985017106,-0.07213662470304474,-0.7122586371698881,-0.07395640385031736,-0.6176085203024365
4,0.0,0.0,-0.10690566707876077,-0.07385448712898889,-0.15292219125164552,-0.23397639810596885,-0.07584678704761572,-0.3566249060936229,0.017353557099167517,-0.3869937920501372,-0.13968991877561351,-0.4742064150253811,-0.18933020010407883,-0.6714361197340689,-0.21388966059467157,-0.8013921107113271,-0.22804123809620122,-0.9133886097257087,-0.04855169844373228,-0.4940890915556822,-0.059212467610633354,-0.7332680140660368,-0.06385575671293316,-0.8809237830303583,-0.06998467159354557,-1.0,0.03651802657829864,-0.4592324099337762,0.05770713139665635,-0.6775877080570142,0.07420476604775685,-0.8226288168759462,0.08832967648926995,-0.9491762551602211,0.11800470357984669,-0.3859081721720726,0.17641703056360702,-0.5346888530594107,0.21801751536302855,-0.6385091284116203,0.2497045528078965,-0.7399399321252468,0.0,0.0,0.26529887486648973,-0.19976232421628548,0.5016791643108541,-0.506334138980697,0.5820607253181019,-0.8022932155414265,0.4817450869630763,-0.9945264951165894,0.3311535721881964,-0.873799175480541,0.39788912370940077,-0.995762224907429,0.3441964339418219,-0.7230915870809416,0.29609178697840777,-0.6881353815187754,0.17766904709312994,-0.8819074364672871,0.23499214103495697,-1.0,0.20676462239726973,-0.6686649587932233,0.1720903464880882,-0.6465218992665221,0.022258877200759763,-0.8436950265971129,0.07551862642542122,-0.9902083515164949,0.06951146441402783,-0.672473248676799,0.037442382306847474,-0.6180105313458936,-0.14833466982236768,-0.7939743071607572,-0.09680258755880146,-0.9212329757617284,-0.07314621974951133,-0.7187596221451583,-0.09300325594835734,-0.644451002469156
4,0.0,0.0,0.27932828288872663,-0.18664732429587558,0.5100467488119032,-0.48275656708822096,0.6017392176541021,-0.769371293163435,0.5357272509156852,-0.9912833953668354,0.36143533612925766,-0.8291431512107218,0.42503135869041775,-0.9853179779756847,0.37617164102976186,-0.7278723905038875,0.32362054531352136,-0.641494229488054,0.21564178886725172,-0.8535787090306759,0.27973504827329165,-0.9978993524238088,0.23821776637219988,-0.6736687302708103,0.19310185747168884,-0.6015571349355473,0.05822899908075297,-0.8365085254035312,0.12349112125911198,-1.0,0.10707247462097445,-0.6803941079286053,0.0651497096079836,-0.5903979433486237,-0.12301212118103581,-0.8012901942614594,-0.04612106819581956,-0.943809671983254,-0.03016745911117418,-0.7337346561828053,-0.05924569883005442,-0.6429708377001842,0.0,0.0,-0.10907333015553713,-0.08148740553288168,-0.16342377206283934,-0.25628190249754246,-0.09694252216217478,-0.3864466945316916,-0.0027982703749457258,-0.4184583731436933,-0.14758073737905517,-0.48588480409083357,-0.20223653465122327,-0.6790948597482134,-0.228909909477817,-0.8038942021722567,-0.24625651341559315,-0.9108052900320391,-0.062248892330798174,-0.5086626827473094,-0.07739724707581097,-0.7380800644298413,-0.0828175509430783,-0.8847403755041141,-0.08897304250825169,-1.0,0.0189158576484205,-0.4749683849598629,0.0347913829306773,-0.692673398174816,0.0436201052948564,-0.8329557766385283,0.05038096281598689,-0.9519441544279552,0.10052886536500796,-0.40098265072367534,0.15445228797809882,-0.5478983857236029,0.1904148796251457,-0.6523082601087605,0.21636263108585127,-0.7478996797214641
4,0.0,0.0,0.26367943394400306,-0.16651274570508043,0.5083073591710656,-0.4611708137871203,0.5930915724775327,-0.7713853936003862,0.5234951019318247,-1.0,0.3689209965682622,-0.8091604544399784,0.42737233597214497,-0.9635545480728979,0.37397007053544673,-0.7113302735711878,0.32732035849591234,-0.6447378854291654,0.21581074368311873,-0.8386654702810107,0.27573774200281487,-0.9817758164515854,0.2311027037616184,-0.657173999484598,0.1913230264592465,-0.6025320581214879,0.05543340994399376,-0.8244572245485277,0.11732085990510539,-0.9874490282573232,0.09722382556557208,-0.6643231617231219,0.059137861874594064,-0.5868344521754746,-0.12721873567922873,-0.7914545880690266,-0.05948666193243103,-0.9295065317292903,-0.04412240564470145,-0.7226606637491648,-0.07049959012713639,-0.6432024655339483,0.0,0.0,-0.1093227506417873,-0.08467599221351695,-0.16220139940659092,-0.2614843730249384,-0.0955714377644428,-0.39402623571348133,-0.0016614936809518446,-0.42427197072944267,-0.14768764091167122,-0.4890578711736951,-0.19770309666684285,-0.6827897293346786,-0.22226668704451488,-0.8087590177723948,-0.23806847301735412,-0.9149283490725397,-0.062210850974344596,-0.5125384095625733,-0.07636378366079616,-0.7399817691036581,-0.08073262003203766,-0.8861364748927291,-0.0853480877381278,-1.0,0.019119602264239404,-0.4805277594555897,0.03387482102350424,-0.6934827849317303,0.04329004764279624,-0.8362370809421921,0.05199769944818932,-0.955569874952024,0.10067873173175704,-0.4094321475111063,0.15210876255133723,-0.5554699296504586,0.18826000372317075,-0.6597777473897585,0.21644090155890539,-0.7534470930539883
4,0.0,0.0,-0.11010027793847924,-0.08161323412089035,-0.15796468539175743,-0.2567048804570547,-0.08537783361515541,-0.3829017849760236,0.009771163009989139,-0.40945691783437327,-0.15182813913923798,-0.48635252720126954,-0.1986672482089774,-0.6811475148219451,-0.22204494966367477,-0.805882487847805,-0.23858664802355806,-0.91401410578104,-0.06331438693165814,-0.5087588288732354,-0.07518092610181977,-0.7388258230646404,-0.07982137785920337,-0.8835106281984004,-0.08538069187428914,-1.0,0.02079914339334838,-0.47421241179973755,0.039849168304437806,-0.6903512453401018,0.049853619702769636,-0.8315074615194955,0.057979514312358316,-0.9535348465002557,0.10419770061219147,-0.3995925211335937,0.16113816967565361,-0.5430765852160357,0.19826872522119013,-0.6461229518276491,0.22498500945165048,-0.7432660605750858,0.0,0.0,0.2790778789907952,-0.171753747696639,0.5202016910593479,-0.481386290677776,0.6129954364533047,-0.7840581079664656,0.5333586139591415,-0.9930688724623655,0.35959273482062704,-0.84768816687494,0.4198506406507032,-0.9916210067608703,0.3754221810201425,-0.7142561549227162,0.33733329314501304,-0.6445386516601306,0.20529796109444745,-0.8624250610020686,0.2691596459300365,-1.0,0.23439376190375333,-0.6621834966119616,0.19313298369494675,-0.61130644083003,0.043727472138360785,-0.8368465528468265,0.10863690450006001,-0.988103171021397,0.09876211827205429,-0.6639194691231506,0.05919522345520713,-0.591182682526933,-0.1379613442667288,-0.799665024919474,-0.06495138570957638,-0.9301304328227787,-0.0478857413468844,-0.7243249584132347,-0.08041452080044273,-0.6483416072395457
4,0.0,0.0,-0.10924062874111849,-0.07260125312893546,-0.1633128624512197,-0.23866428271583826,-0.08996744352368663,-0.3651683639360065,0.0070507315101291995,-0.39641225765325955,-0.15237587649061707,-0.48461474836362506,-0.2019171939862249,-0.6826285234534119,-0.2258308742362288,-0.8082159237550335,-0.24139554408495156,-0.9153623657084221,-0.05838287286804832,-0.5038013650709744,-0.06949237394859994,-0.7310735552480605,-0.07493014505822541,-0.8791489917442746,-0.0801522411729038,-1.0,0.02810230258555015,-0.46457650150033425,0.04854988417108475,-0.6802944075623066,0.058485983923879416,-0.8231423374119623,0.06900890872059579,-0.9475282886860803,0.10923092709774716,-0.38515847572257034,0.16662323730157497,-0.5301655809325394,0.20738531382639655,-0.6321569676145462,0.23921006234549666,-0.7288767549246723,0.0,0.0,0.28162129893769544,-0.1737396448545998,0.5218271540904353,-0.48292483620153936,0.6154744895213023,-0.7638197458493788,0.5408141970083232,-0.955931241345227,0.3791540463969232,-0.8640993898232102,0.4271998414616841,-0.9965733215245123,0.3681647477332446,-0.7271954376195765,0.329747831107762,-0.6641588416916625,0.21954474058923407,-0.874336610118072,0.2563184124638518,-1.0,0.2212374062348618,-0.666136900771651,0.19797533359103964,-0.6147851659025185,0.055585295081887,-0.8370549061247657,0.09212568565375036,-0.9841899621758895,0.08070444347668655,-0.6652818214290956,0.0577992043725259,-0.5908886953373098,-0.12109697260320894,-0.784922712571012,-0.08398285926788572,-0.9213192443006943,-0.06617396644272314,-0.7183899553254683,-0.08063704022665108,-0.6346597053340314
4,0.0,0.0,-0.10837209410742132,-0.07722495562766554,-0.16000820496457335,-0.24241953734670404,-0.08742573639427548,-0.3680080713231049,0.005861965456788352,-0.3978924792227661,-0.14405333019776606,-0.4843758619680467,-0.19563090816370665,-0.6854625017838287,-0.22049132923275033,-0.8153068431424704,-0.23687419339215457,-0.9258945107802823,-0.05247952838029389,-0.5039760926808764,-0.06393488138154199,-0.7364930821115455,-0.06891717000204865,-0.8835517913784159,-0.07530683796256847,-1.0,0.033073932480497024,-0.46700868695444303,0.052828653766811694,-0.6840204171012388,0.06270815111949335,-0.828738846700027,0.07083062575545632,-0.9519052585586871,0.11594044874007951,-0.3899524666304246,0.1741598263904087,-0.5343926060008646,0.21334254665213878,-0.6378646424300785,0.24117739687657097,-0.73443199915464,0.0,0.0,0.28825042316619537,-0.1929321109658325,0.5355452002310943,-0.5122723264511814,0.6207024558842906,-0.8036488582114514,0.530283622708061,-0.9937822442505144,0.38015008463323907,-0.8733869005990209,0.44711233415432644,-1.0,0.37383236537233555,-0.7169684576479054,0.3292319153464895,-0.6870209606632813,0.21961654047698687,-0.8817584962649881,0.2698587841193582,-0.9964489514600501,0.2287524959203738,-0.6584047901399742,0.20764993259748027,-0.6533229949017342,0.05757606855799151,-0.8448594176016866,0.10652765530452762,-0.9785160803154235,0.08713017301669353,-0.6637270552700661,0.06092212221647865,-0.6331698948926121,-0.11593163712105087,-0.8015117422284388,-0.06553159303068082,-0.907694529753398,-0.05482016703662035,-0.7156437194028036,-0.08091178378487954,-0.6694767942753469
4,0.0,0.0,-0.10617591998723755,-0.07152976874566581,-0.15756119954029127,-0.24052391169164353,-0.08841566525910709,-0.3690703269727268,0.003022096623484866,-0.4001153829875208,-0.14266715719629758,-0.48315401870741104,-0.19154578692564894,-0.6819088982292097,-0.21541326578783726,-0.8121079208597726,-0.23160061337908716,-0.9236191970724497,-0.05329925671738005,-0.5032551416078737,-0.06357863070606966,-0.734939492301832,-0.06848253790480903,-0.8825333467903409,-0.07494893391198466,-1.0,0.030512679431289495,-0.46668602739369236,0.05089574834527643,-0.6817558790301839,0.061403283726896546,-0.8251676862520388,0.06921716028923884,-0.9469006449596452,0.11161103170753148,-0.3911067846108266,0.17000107439012083,-0.5334171140579064,0.20878642752261917,-0.6365713281089758,0.23600261760502164,-0.7334072166458843,0.0,0.0,0.29343511430897756,-0.18480381021417142,0.539171467294896,-0.5106261278392196,0.6193950059853646,-0.8144317477009309,0.5217098999716684,-1.0,0.37111340542996357,-0.8682836935187053,0.4282825704652249,-0.9870688048924293,0.36126269497101754,-0.7064917595950881,0.3117690899948697,-0.6575444946131719,0.21262771542845765,-0.875809938512822,0.2605108872377734,-0.9936629154978828,0.22124293943934106,-0.6547794858967454,0.1933437385939881,-0.6193323447059514,0.0522929433955522,-0.8378101478091524,0.09790218714665291,-0.9748093999576303,0.08252656404340092,-0.6560868222436056,0.05273246568943998,-0.599762372093142,-0.12223582081171243,-0.7877181339955945,-0.07321453639586614,-0.90585136387188,-0.058593018180704406,-0.7064823157362764,-0.08060984356375497,-0.6428179453736578
4,0.0,0.0,-0.11007485127633408,-0.08104703800034371,-0.16571961201262173,-0.2574141201323311,-0.09848677266820603,-0.3901853212708967,-0.00034530180214844706,-0.41461535731758714,-0.15306971042629355,-0.49060634225575644,-0.20300556111343482,-0.6865297607489141,-0.2278570567500455,-0.8138898380922647,-0.24473963008049202,-0.9220645326270994,-0.06584339167711012,-0.512365672216084,-0.07427019108427557,-0.7399493318117725,-0.07861610268036869,-0.8859277287847065,-0.08464811845739145,-1.0,0.017714859660336268,-0.4774624118785947,0.03980646618162263,-0.6933090000562212,0.050893073003951565,-0.8352784803211865,0.05909365852841623,-0.9538933044013486,0.09827119163545593,-0.4036451802022182,0.15441450012380625,-0.5497027919072848,0.1933113259921479,-0.6530717705409715,0.2217098074616822,-0.7463843326019262,0.0,0.0,0.27481671455384016,-0.18464802266430377,0.5197865781586892,-0.48303429631239675,0.6091348948095169,-0.7842647137372991,0.5220361647318768,-0.9889544836514618,0.36819564514943387,-0.8342746825194101,0.43162896245867716,-0.9924538699235234,0.3755078922609991,-0.7260779638088257,0.33475236434655825,-0.6749000345337651,0.21277982001192022,-0.8543685212832176,0.2694426948394497,-1.0,0.23353299984187448,-0.6729858697140996,0.20573847521528074,-0.6446385668646144,0.052704713039219885,-0.8308747196445296,0.11289222662399923,-0.9935274310739366,0.09677519153547273,-0.6779892992924544,0.06446258745160381,-0.6223174853495922,-0.12704776500962767,-0.7968658360582219,-0.06099017242026693,-0.933062933423872,-0.047960947758822106,-0.7329437311168262,-0.07703753180358802,-0.6650007959160253
4,0.0,0.0,-0.11380415509666694,-0.08948673497890276,-0.17012643692935214,-0.267450987221413,-0.09880216554736378,-0.4008736602330765,0.002477158191076066,-0.4226962311343527,-0.14601370750404924,-0.49281281360970586,-0.19059854682047356,-0.6877205072293407,-0.2145397562259625,-0.8141324203658532,-0.23113407627347396,-0.9219997852198946,-0.06068588381944263,-0.5132111187541869,-0.06605607750991077,-0.7397335040517286,-0.06955503062966091,-0.885156151632543,-0.07474872869941801,-1.0,0.01975327377262637,-0.4778285150858146,0.042656932179933764,-0.6924887914223957,0.05384761144205768,-0.831613986801113,0.0627562866371807,-0.9477888084085444,0.09802652465196017,-0.4038071915953255,0.15262890710788085,-0.5487366327372148,0.19092292835673733,-0.6527723011615125,0.22024483549903273,-0.7458475500763133,0.0,0.0,0.2738945651655241,-0.13157171195695397,0.5402258530699612,-0.45331462869841643,0.6451130685523544,-0.7751555374278267,0.5631101066380056,-1.0,0.38651562077498314,-0.8277849038940027,0.4457408421516655,-0.9560183554615338,0.3819435134416604,-0.6962850527282105,0.33102034370476746,-0.6551855087744014,0.23356944195125054,-0.8566857235046706,0.29120733514055175,-0.9889641139138398,0.24237593930291057,-0.6597365975363962,0.2073182404842679,-0.6398266138286294,0.06993361539877342,-0.842367815909127,0.12977178376093818,-0.9892509890089914,0.10925737411011914,-0.6649386939400619,0.0747262757136657,-0.6231529220358701,-0.11121039703513169,-0.8115384003617466,-0.03712845414656647,-0.9307810160263766,-0.029994637423963896,-0.7239091361480798,-0.06437974196011244,-0.6696215748249777
4,0.0,0.0,-0.111903940911881,-0.07709415257004187,-0.1682169269435391,-0.25115597346674934,-0.09770642914435325,-0.3843448297563935,-0.0008005012526669544,-0.4080034988901991,-0.1503873515225523,-0.4881705990455327,-0.19773589194547564,-0.6848316763218527,-0.22113445460159428,-0.813575885168633,-0.2367474820192601,-0.9217052947136511,-0.06316086330919968,-0.5096684857301922,-0.0705791425408725,-0.7397144086640551,-0.07372246094452775,-0.8855355571131553,-0.0785111287465988,-1.0,0.019690817179136618,-0.47408780498945036,0.042152385749988946,-0.6912197533277099,0.053755737047354646,-0.833251831533323,0.06264821853617811,-0.9525032161455619,0.10022543889150824,-0.3998248164948136,0.15687673595182705,-0.545194861443178,0.1960367686198198,-0.6465609714678198,0.22469455413514197,-0.7383393894282584,0.0,0.0,0.29080270237089734,-0.18641369437306396,0.5332237554461826,-0.48598785281963275,0.6165655631072207,-0.7913162993199286,0.5249287497846291,-1.0,0.3815711825085661,-0.8426857418953374,0.4461175021299981,-0.9823264163499551,0.3786904818985726,-0.7079386623769883,0.3341719405086388,-0.6565918765533706,0.22584539980999943,-0.8611683823448052,0.273422075790523,-0.9887954458875098,0.2385935110009068,-0.6639447828613791,0.2179142194301142,-0.6296732843701608,0.06545799043042032,-0.8336649298246631,0.11528558835632642,-0.9748594359311846,0.104002394239073,-0.671791132147349,0.07949187228547086,-0.6108336683546824,-0.10944343952675842,-0.7945409346911226,-0.05639278693327165,-0.9108651770467082,-0.03916865001061706,-0.7221520858174529,-0.05782898789128342,-0.6538174782613736
4,0.0,0.0,-0.10694104477018684,-0.07133040545797978,-0.1570087009980167,-0.2425713654561297,-0.08681437091993921,-0.371976277319951,0.007443510000763647,-0.4012783979699036,-0.14308322571211282,-0.48278373639196814,-0.1886014011114556,-0.6808998892591492,-0.21199441212796602,-0.809248583459022,-0.22692997309409263,-0.9192976953520882,-0.054787331555023654,-0.502005717475205,-0.06442987974608377,-0.7365039255547823,-0.06782353155150654,-0.8831576824929483,-0.07257452363005473,-1.0,0.028572560792439076,-0.46398417010488463,0.053017694205413315,-0.6845640696166565,0.0666654139966125,-0.8259519750391038,0.07764892139085883,-0.9480941106921893,0.10974293042405531,-0.387201759134193,0.17113737382059308,-0.5341595896831058,0.21159584624245958,-0.6361206687427264,0.23991329596040406,-0.7338697049697035,0.0,0.0,0.29080950669960703,-0.11994702397235457,0.5495877984634244,-0.4456287380407144,0.6248912108387228,-0.7847974246148469,0.5404269424522575,-0.9975028954026848,0.4142311392629141,-0.8074819863202096,0.44706847843611397,-0.983479342533597,0.37387227231002107,-0.7054524839282897,0.3418772890856796,-0.6343310134172672,0.24831359561749242,-0.829149051243174,0.2707882892087922,-1.0,0.2273452134900315,-0.6557210123115105,0.2273413270434748,-0.621110826662227,0.07772755207274225,-0.8095335286251834,0.10408417892798766,-0.9868605510379445,0.08304145283897399,-0.6557455846832885,0.08203423633456437,-0.6027161497400217,-0.10526521988887771,-0.7788729756314786,-0.07993994311746672,-0.9180100190084848,-0.07152114766014604,-0.7054158761091104,-0.07791197023032086,-0.6394428189625494
4,0.0,0.0,-0.10672924363764821,-0.06913940552485583,-0.15959207013825363,-0.2368016674221261,-0.093500768683789,-0.36544428159758546,-0.001185387316611079,-0.39495602374787536,-0.14007051157525,-0.48299012369774447,-0.1874186361053679,-0.6801691134736573,-0.211363751748425,-0.8081016869698293,-0.2261071585026885,-0.9180751197258822,-0.05104802138026241,-0.5013458730481557,-0.0601942792415248,-0.735451963875358,-0.06409810454160332,-0.8828725334705017,-0.06933494335878183,-1.0,0.0319774888284724,-0.46259581946677636,0.05643759372941297,-0.6824280132267725,0.07001446165230078,-0.8253074963161852,0.080861825706841,-0.948350651139163,0.11251840387378932,-0.384441001049131,0.17440187220179795,-0.5310137536180731,0.21517990119137628,-0.6332307914934963,0.24337662708788774,-0.7313821503020774,0.0,0.0,0.28742535799471164,-0.13690000116796744,0.5422116123384079,-0.462442737857836,0.6255278070192811,-0.785315399447399,0.5334217687800276,-0.9785106688746329,0.3944922972548195,-0.8231872510769421,0.4281986946186663,-1.0,0.360490607256734,-0.7116212251165809,0.3414999647070712,-0.6558716007704523,0.22006626437805987,-0.8379986014859593,0.24658229879348964,-0.9988833215774873,0.2085534063262194,-0.6462406937117141,0.2125549642932045,-0.6351323078579325,0.04804446705900216,-0.8085196114426276,0.07713904347530232,-0.9751712976575144,0.06113827058555285,-0.6494716470828998,0.05900825346721287,-0.6183572487359291,-0.13079622878552208,-0.7685992465086661,-0.10516810352050773,-0.8943576001417811,-0.0950843551778789,-0.6869161749777706,-0.10606413766171906,-0.639576931729257
4,0.0,0.0,-0.11283664041985395,-0.0731542755257181,-0.17117213683546006,-0.25292506221593236,-0.10081788060880656,-0.38695859344954614,-0.003135970693937586,-0.4108853598645399,-0.15201132279684182,-0.4880553939166955,-0.19591898619314876,-0.6776114174080873,-0.2200583478447617,-0.8019634634080951,-0.23750325098853603,-0.9104850570372651,-0.06210454262553589,-0.5082567788919155,-0.07017488695216467,-0.7319356108860473,-0.07546099749430417,-0.8794763231921162,-0.08147222328661288,-1.0,0.02018509025049702,-0.46998670834212253,0.041211395664813945,-0.682999242677208,0.052285188744469815,-0.8249667772204331,0.06216730277622645,-0.9476686004346363,0.09755842645407822,-0.39147375982823324,0.15368382352660362,-0.5347784802190316,0.1920894712781926,-0.6369157243202458,0.22111050331222107,-0.7331454941967229,0.0,0.0,0.275759333041545,-0.17328716995714402,0.5173448353975479,-0.48337139565372034,0.5844413346549227,-0.801446146087559,0.4912382776424185,-1.0,0.36712735228727555,-0.8165984688287021,0.4088774724705897,-0.9794973416168423,0.34946271139706825,-0.6996088532820551,0.3135582666132291,-0.644349129196294,0.2024589147318605,-0.8374624459175086,0.24191978622232838,-0.9888465271891045,0.20517892707307248,-0.6429989247565326,0.1833961498288733,-0.6180953532876927,0.03989394142844403,-0.8102103028619516,0.07911290876420803,-0.9662138822234272,0.06596628922101737,-0.6392781108515538,0.043283674647112066,-0.5935620694285424,-0.137964807045561,-0.7691504039081871,-0.09427804422540957,-0.8997086899967507,-0.0779990990095255,-0.6953668179250979,-0.09908204548413119,-0.63400465152989
4,0.0,0.0,-0.15022707264866897,-0.08553514823052503,-0.2611656622101834,-0.24060968028246127,-0.3221625589874305,-0.37505548170824915,-0.3874970969083391,-0.4680528565483716,-0.15121221127319026,-0.5009372890341874,-0.188381166805404,-0.6966584242198893,-0.2040989272598178,-0.8193984693038744,-0.21475747763518807,-0.9291118784045922,-0.061371754653859814,-0.5264404711402016,-0.06581245645362509,-0.7471003364771645,-0.06832329694791785,-0.8847877130912581,-0.06963335089021168,-1.0,0.02380296996561325,-0.5005938978564971,0.040656129749035756,-0.7110059398446209,0.0476137344346293,-0.8479264961007996,0.05142207106017804,-0.9622502096216216,0.10553656567540311,-0.4360388102758691,0.1553222240489587,-0.5850479195965219,0.1845576742010165,-0.6880548802324032,0.20333347815713113,-0.7833153313984681,0.0,0.0,0.29434788502357323,-0.1058202352692239,0.5669188195541919,-0.4462021675450139,0.6651941400903254,-0.7777879535280465,0.5546762899141049,-0.9583617115538481,0.3860255172550601,-0.9208908887728046,0.4731154657444572,-1.0,0.4211419946968545,-0.6809817431611244,0.3812034239011843,-0.5668040943986352,0.20406100601067242,-0.9412385688119499,0.3035072174355787,-0.9831539168556711,0.2640143224603421,-0.622085088374738,0.21226964048376326,-0.5255840403091959,0.03170679291944112,-0.9098610734571616,0.12341765246543368,-0.9475256395844768,0.11329109111227195,-0.6126015830087747,0.07054373772573083,-0.5019936388703374,-0.1432317117522201,-0.8592044620481251,-0.038574928420760296,-0.9247839398007023,-0.026484484001296032,-0.693471245974701,-0.05800579907558635,-0.5893844516005317
5,0.0,0.0,-0.16096851291514228,-0.06436947608124458,-0.29056417361243425,-0.1935607169690157,-0.3736400966865064,-0.3122628630122908,-0.44840234955144287,-0.4009596121979571,-0.19627575483659185,-0.479691648752692,-0.24266624638725678,-0.6759880017287931,-0.2698727622460472,-0.79612897133399,-0.29457921518622493,-0.9055768955020843,-0.10785533984645537,-0.514609411768631,-0.1307945594511263,-0.7394418760031167,-0.14945009132446255,-0.88087145796315,-0.1674081876008919,-1.0,-0.017703085507011235,-0.4958994834001117,-0.015038382529644458,-0.7109910584491791,-0.019799744017346535,-0.8503867917186486,-0.02870394257818934,-0.9681955297250373,0.07177523252144509,-0.4395660378165885,0.1143952491406623,-0.6005455750880879,0.1346290046609093,-0.7111474302406653,0.1418969566466461,-0.8139615204995369,0.0,0.0,0.27546702578831017,-0.11366616255515165,0.5482335574085894,-0.4237412821082036,0.6302694684167198,-0.7054899015826327,0.5307178501725078,-0.8735295783962779,0.3563270620010915,-0.9701591419929517,0.47938042266744363,-0.8862705344507035,0.40085320295807086,-0.6127001415212143,0.33999069821757266,-0.5915268797809659,0.17745794831238265,-1.0,0.3124197873019397,-0.8602564725143602,0.26526266984858154,-0.5557514383365245,0.2203642263506951,-0.5610573276539853,0.01235680226803933,-0.9432741580412723,0.13777968939330873,-0.8176998062176837,0.12227219015641332,-0.5378791820443803,0.08609062676323408,-0.5298764117434859,-0.1344609070769857,-0.8582183473467084,-0.017674253776211485,-0.7882977333481329,-0.01642423643292542,-0.5873829906300007,-0.04909017121292005,-0.5619635143509911
5,0.0,0.0,-0.15459374516626712,-0.0646068554577584,-0.2810719615168165,-0.18706172550426098,-0.36542148890421755,-0.30115578251522795,-0.4426446279139904,-0.3884101185990173,-0.19068720460618466,-0.472611618660602,-0.2374970301755174,-0.6722394216655007,-0.2672835732311977,-0.7917609138817772,-0.2932153838903836,-0.8984859549446553,-0.10010694519144715,-0.5051048070578644,-0.11800200642147302,-0.7333892718841141,-0.13754119329490833,-0.8790408781591562,-0.157308373059951,-1.0,-0.007724729673323858,-0.48367417547063973,0.001084086593324752,-0.7083335813292868,-0.0006681536153923771,-0.8533070908100029,-0.007049433774472037,-0.9747970523656118,0.08359538628094788,-0.4248064948844795,0.13109381200263537,-0.5900391614202977,0.15464892280711065,-0.7026085509798338,0.16330817125543207,-0.806460993644278,0.0,0.0,0.28261969595220354,-0.11705814478159354,0.5520520671933815,-0.4248398265111847,0.6330749228635758,-0.706631292315868,0.5193082936889263,-0.8834578580118995,0.375262603468121,-0.962002444734474,0.46986706363872727,-0.8963753372355093,0.3916733759397144,-0.6176034010520407,0.33584104602442394,-0.5833157574638462,0.19527523526216967,-1.0,0.2904312304982766,-0.8702367134275172,0.24552628717439096,-0.5591555248972775,0.20873340435982404,-0.551462288558009,0.02182766020416929,-0.9484051432464281,0.10668143705636389,-0.8357139004245893,0.09525674135673916,-0.5533293738871192,0.07154615613593819,-0.5364631033743672,-0.1385798564267891,-0.866228273585366,-0.0598624601403539,-0.8155643908983728,-0.05256906888608753,-0.6128497823969414,-0.06704996807803515,-0.5731446802766209
5,0.0,0.0,-0.15547412982202893,-0.061426817710691466,-0.2859510706877433,-0.1833519238837434,-0.375373297072458,-0.29582157754410343,-0.45653690852714107,-0.38560073160644953,-0.19922826300914262,-0.47029019499794855,-0.24596999792813148,-0.6719584167004037,-0.2743506489086752,-0.7964533477011925,-0.2990069732941321,-0.9079381151114903,-0.1079355014534389,-0.5036592573998513,-0.1308994822506754,-0.7349244339728719,-0.14901961958751575,-0.8785527031894523,-0.1657279731925806,-1.0,-0.014593060247812898,-0.48195092149142954,-0.008742550053593603,-0.7022200847097465,-0.00905319420323315,-0.8450202190953313,-0.013226743275888214,-0.9673575889875696,0.07757622965124272,-0.4236856771266532,0.12397029359819854,-0.5887523403810441,0.1490182583072807,-0.699730847671925,0.1607466404284439,-0.8036036082638423,0.0,0.0,0.2930796050622366,-0.07105851989637973,0.5871241235054124,-0.4002695806972987,0.6924652165935933,-0.713421892624509,0.569202345077877,-0.9037169291835835,0.42742468760637603,-0.9587204921874978,0.5071042768589678,-0.9060157448895031,0.4147513029101706,-0.608718289921468,0.35927432563259726,-0.5555340028416524,0.23747968008512707,-1.0,0.32724637698069037,-0.8779367071659987,0.26884899076419216,-0.5422139394980642,0.22755839869882538,-0.5070788997537254,0.0511428885621303,-0.9518625482638997,0.13488966938882305,-0.840182283455265,0.11706604493731126,-0.5319545883993959,0.08928992817695834,-0.48968449840984724,-0.12406451093505298,-0.8711292257620205,-0.04193610394929013,-0.8014749056890511,-0.04181971929421312,-0.5894039793051166,-0.06500316338742936,-0.5466178881756399
5,0.0,0.0,-0.15311554825821078,-0.06350477575067481,-0.28132653528057217,-0.18278848939879933,-0.3682718848329885,-0.2952384825363582,-0.44694481580699763,-0.38640829999542503,-0.18962271823833513,-0.46723311458243316,-0.23845445118262734,-0.6703050736314513,-0.2664229652862146,-0.7948187934303564,-0.288218459458223,-0.9046263019575749,-0.09686259359607163,-0.4997038983748723,-0.11655792662779645,-0.7313518881879597,-0.13112599950183762,-0.8769273292904236,-0.1430741448635899,-1.0,-0.0031914163570096023,-0.4777566680052663,0.005303269063607204,-0.6981049495991826,0.007758370907316379,-0.8414108289320517,0.0074151217702048055,-0.9630954438474403,0.08864354955953295,-0.4202558928035868,0.13697737427753745,-0.5834829938543028,0.1632600153515349,-0.694548680123829,0.17679440126472248,-0.7986589010944323,0.0,0.0,0.3040188309676753,-0.10346813783489586,0.5864783713315808,-0.42951402184809595,0.6872376819419764,-0.7185067742865379,0.5622323038167479,-0.8883291455664887,0.43622363643012957,-0.959228163735947,0.5002340829005735,-0.9096929413182,0.4072743984029119,-0.6228484810023105,0.35593320153341107,-0.5882448165629047,0.2534329917865272,-1.0,0.31478180408135165,-0.8725311716138248,0.2605022684932214,-0.5586062373345151,0.23028029713066261,-0.5487613101973556,0.07291191598938143,-0.9510915980776429,0.12852267202471357,-0.835275553624211,0.10883268329726405,-0.5492109214664641,0.0898573129595608,-0.5299053342397267,-0.0947264658618123,-0.8707055670049866,-0.037984757317477184,-0.7933665127805768,-0.04012336881461818,-0.6055376404228497,-0.06074034465177715,-0.586203011319878
5,0.0,0.0,-0.1539668581860203,-0.058292762176705884,-0.2836973525132843,-0.17479399750741859,-0.37179028067639036,-0.2860541753160808,-0.4511531791918015,-0.379121366867608,-0.19347406774342663,-0.46395378733225606,-0.24165287382575157,-0.6675640944749152,-0.26989114968894806,-0.7955873122253113,-0.29385587521736817,-0.9083409558786931,-0.10045531815896788,-0.4958830988762311,-0.12176699825596808,-0.7295470445979759,-0.13728889444895023,-0.8759184445575026,-0.15134542113811253,-1.0,-0.005555324783406882,-0.4732901287502711,-6.539665554237262e-05,-0.6957254687153905,0.0005459409688611403,-0.8426900405616701,-0.0018094285749233132,-0.9688556905323688,0.0866196868396376,-0.4155900540406474,0.1343128622021016,-0.5823608507523582,0.16089950919810014,-0.6960004979834215,0.1747232722354987,-0.8028339277364535,0.0,0.0,0.31681260424587226,-0.07953106560203702,0.6037531702169376,-0.40164875191886795,0.6763411087005152,-0.724850940690309,0.5623174451863978,-0.9004975639875046,0.482008470915302,-0.9456290193940495,0.5192847225432512,-0.9151412695958329,0.42492756256877773,-0.6179743130731696,0.3750098965498369,-0.554571568394591,0.28268611225795964,-1.0,0.3111981387578648,-0.8890823918991226,0.2622682679682822,-0.5578056811775327,0.2466933567981194,-0.5289159917086839,0.08485115854724494,-0.9572976494299321,0.11455701448854896,-0.8632028476558328,0.09892199340159163,-0.55374929130076,0.09327066492593661,-0.5161556858800543,-0.10281558835453719,-0.8739354899044565,-0.06436915273312153,-0.8162368774405955,-0.06100239961444636,-0.6122422845434755,-0.07056040774316687,-0.5809760947178195
5,0.0,0.0,-0.1547919356760759,-0.05957671016822396,-0.2832720075582421,-0.1784801400839179,-0.3680408327607486,-0.29043145544150156,-0.4458932563223954,-0.38032074415799294,-0.1904628158469622,-0.4619561328813169,-0.23794896748128078,-0.6666542663481769,-0.2654610581018163,-0.7928533616457405,-0.2880398060143777,-0.9035184539679717,-0.09873852800035317,-0.4938621523555211,-0.11939225047056108,-0.727965781073121,-0.13492898151596125,-0.8754005457876181,-0.14849517795015046,-1.0,-0.005624288454224659,-0.4732136380190789,0.0017418727382594095,-0.6972520522217093,0.0030229496414385906,-0.8438780061627102,0.0012232914190168061,-0.9679637771816532,0.08611810385737947,-0.41787572872021644,0.13404446679808524,-0.5848523413475352,0.16056775602224568,-0.6977248763657246,0.17381551227761735,-0.8026985325091089,0.0,0.0,0.30625838677695666,-0.08282574609106952,0.6009069871814438,-0.40140626536751467,0.7045147002465585,-0.7086745981412584,0.6242008892385852,-0.9220938369412724,0.4795893969660075,-0.9429232842364204,0.527810750222988,-0.9385463334452512,0.4181362956531766,-0.6352728479261839,0.36605730761708705,-0.5732850277590306,0.2848611539752899,-1.0,0.3164853087973122,-0.9052496277881971,0.24723893454159446,-0.5586545885773653,0.23000598025949126,-0.5353267720051504,0.08979447238623658,-0.9665071553974386,0.12253399082273222,-0.8837628041425449,0.0893915962092616,-0.5682286561825596,0.07955454980176965,-0.5483505110352179,-0.09560480602593104,-0.9007748901452333,-0.05450232144855677,-0.8447365237848147,-0.0649864285415515,-0.6329612911029792,-0.08221415433591422,-0.6108527013476498
5,0.0,0.0,-0.1562108797009077,-0.06002256272191445,-0.28501295721530234,-0.1817623447791006,-0.3678774146608643,-0.2951351174596773,-0.4433982238668908,-0.3831139281208359,-0.19371295748779896,-0.4690655000177123,-0.23991122059420616,-0.6731536308814994,-0.2676663660120389,-0.7961560942511383,-0.290788251034806,-0.9058849055935385,-0.10216294209173872,-0.5021573559105884,-0.12262117244404963,-0.7331098406712138,-0.14164511672393637,-0.878147676829883,-0.15970455914130857,-1.0,-0.009112696436016426,-0.48220678680135265,-0.002866119675075005,-0.7081032326276578,-0.003857734953416699,-0.8524301250487087,-0.008873444384797957,-0.9740505535769272,0.0833943271649177,-0.42598705095959694,0.13049823285928,-0.590732797968265,0.154831774198383,-0.7019498497181023,0.16493853838251443,-0.8053569433506732,0.0,0.0,0.27868120759397347,-0.09563810316701092,0.5722225106861206,-0.4475647437663196,0.6716721509031902,-0.7815827632748886,0.536025962924273,-0.9634217998328474,0.38790933393881416,-0.9712552081179021,0.4812796708343344,-0.9852138294873273,0.3955536761399189,-0.6777398667766155,0.3360751582420052,-0.6463546034877925,0.20141287661773244,-1.0,0.29425605796188226,-0.9713526013527686,0.24510855678773644,-0.6124611710480421,0.20630835343535567,-0.6067683604582293,0.025427261481180956,-0.9511872147324282,0.11012153326286991,-0.9329333170229,0.09273566742674459,-0.6007804366326465,0.05651433132650466,-0.5826198252143457,-0.14377441614662492,-0.8803051811147478,-0.05366499250042756,-0.8761955972977484,-0.05610495705163689,-0.6594064703723619,-0.09576358496283656,-0.6328269178473396
5,0.0,0.0,0.28188672628997113,-0.11893251287878595,0.5684571518796306,-0.45460307213895645,0.6642485916403934,-0.7739532102482416,0.5485132643251922,-0.9712097942184333,0.3679249111611072,-0.9768096247840854,0.4600952624330062,-0.9877959077039363,0.3919513611817792,-0.674930818535306,0.3406911298075094,-0.6003086850322001,0.18611446837436874,-1.0,0.2820068902456037,-0.9670493946780367,0.24444836183871776,-0.6165878889951376,0.20208850661884628,-0.5616903993121168,0.01305062992545396,-0.9541379520257297,0.10567246793302777,-0.927964720623559,0.10051603919310696,-0.59824148452897,0.0666680088674024,-0.5251811653937953,-0.15820662747017777,-0.8905908769242086,-0.056617039058675524,-0.9030175420351906,-0.04175665752701945,-0.667751418505376,-0.06355880614732165,-0.5878699718201257,0.0,0.0,-0.1644833045636954,-0.059847306843506747,-0.29570316174107586,-0.18281301124452914,-0.378757158926064,-0.2990141775678131,-0.45493004836111417,-0.3822471091996275,-0.20111036984132755,-0.4765897134404176,-0.2504688832924113,-0.6701366058131693,-0.27894670849866493,-0.7907462914269491,-0.3042337303526371,-0.9008323584587362,-0.11282676573728824,-0.51524421674178,-0.13940610811968238,-0.7383368582302232,-0.15992499324442322,-0.8792800831899465,-0.17856550381375896,-1.0,-0.02313645711398117,-0.5015797740544615,-0.02415862742708075,-0.7155831867773272,-0.02976125729717041,-0.8539854843072815,-0.03885223460783085,-0.9710384835101634,0.06527624790201911,-0.44926549085266854,0.1061766116503956,-0.6104956272894557,0.12593065401341733,-0.7188490318560872,0.1328295386383657,-0.8188163413486397
5,0.0,0.0,0.27179910767098747,-0.11148977604673807,0.5701062955735853,-0.445779702374994,0.6723271405041191,-0.776634669010157,0.5472366270899336,-0.9667749144266357,0.3734222715649428,-0.9554199497414924,0.47037530079053796,-1.0,0.4026590793567015,-0.6803511465465801,0.35261881144999563,-0.6331668449851343,0.190454361089047,-0.9767993156730883,0.29198554905404545,-0.9870612943190726,0.2521687469043437,-0.6202944399738437,0.21277916156953186,-0.6075260360129637,0.019303244962774125,-0.9362314309374524,0.11629202454944795,-0.947039740101375,0.10022532477578024,-0.6062494231191735,0.05928563628492648,-0.5677521342965564,-0.15220439976443761,-0.8801241642540589,-0.04541937123564948,-0.9149141406328204,-0.042209638817352055,-0.6860117287184601,-0.08112179433012273,-0.6354863934125735,0.0,0.0,-0.1628869271837439,-0.059708539822704236,-0.2942765740857972,-0.183384411298392,-0.3806866327184522,-0.29982316518161933,-0.45597687019731686,-0.38609943037518135,-0.19865287666370046,-0.4756923960130154,-0.24898914118081242,-0.6662067704269208,-0.27755793151152763,-0.7862059413266382,-0.30152970498696335,-0.8944988597626259,-0.11188828038315807,-0.5167829951232741,-0.13949058522208066,-0.7384531323378742,-0.16102399571860995,-0.8799545102307084,-0.18047866922520428,-1.0,-0.02263728119759196,-0.5033397476362411,-0.02120880426678352,-0.7157851714366871,-0.026293553580680588,-0.8537757436386009,-0.035087853201958355,-0.9710204009552912,0.06599368866117065,-0.45056437185476916,0.10785382453185018,-0.6109934806378146,0.12748973277529196,-0.720728045828593,0.13465950467693374,-0.8226921155556274
5,0.0,0.0,0.28484562515861295,-0.14694503956672078,0.556081271773232,-0.4756315205130985,0.6511618131763074,-0.7862998866361856,0.5368957024463766,-0.9812929163576052,0.33361134384000246,-0.9765011066166606,0.46289792294863485,-1.0,0.40060850484601074,-0.681219500093074,0.34147064502967467,-0.6308896957760206,0.160718411174695,-0.9876143632932584,0.28743889747290663,-0.98863675509592,0.2544646285620557,-0.6414925466531444,0.20106527853144715,-0.6201604286018136,-0.00026199777570525283,-0.9388056630708604,0.11615239990278586,-0.9544639016683475,0.10886165600924609,-0.6396737321788576,0.057884758271497326,-0.5998216266048154,-0.16058298771644444,-0.87602891014298,-0.043751574277949616,-0.9106085080064181,-0.03279191340230817,-0.7021467699529953,-0.07587474546868685,-0.6524575802214119,0.0,0.0,-0.1645858136775753,-0.06003958104639066,-0.29736754111766495,-0.1817206993676434,-0.3824410696816221,-0.2955247814660893,-0.45768689169049326,-0.37975719801196006,-0.20307637090172234,-0.47827669303727766,-0.2536138991321912,-0.6709189880520703,-0.28262014228244986,-0.7892363974152288,-0.307267385223687,-0.8974872184972507,-0.11529871893761491,-0.5184197619046915,-0.14385720667437907,-0.7384215535176369,-0.1663101672260776,-0.8791815758329744,-0.18605250017221361,-1.0,-0.025985039736260384,-0.504776008469658,-0.02526957714091095,-0.7178261349025419,-0.03071167537392529,-0.8542973728627403,-0.039325460682521754,-0.971266637831356,0.0629515433740329,-0.45188395787994834,0.10342130074056291,-0.611761318130443,0.12281964991410015,-0.7200820594206467,0.12989430370559366,-0.8212294751667959
5,0.0,0.0,-0.16606277721170853,-0.058679506752724986,-0.3024233101853576,-0.17298659870464192,-0.39098794683713395,-0.28316700830154645,-0.46779473039161246,-0.37176868681739517,-0.20793826283088823,-0.4700812112115471,-0.25958295918430807,-0.6704168706418145,-0.2887929976934947,-0.7920062427159259,-0.3145436541443524,-0.9030035552671788,-0.11720264489844344,-0.5082806677076205,-0.14606577473229565,-0.7361531942149356,-0.1663079916181506,-0.8783778916659428,-0.18423475028487038,-1.0,-0.024964029411240072,-0.49265856907825833,-0.028404548822919592,-0.7114014379214239,-0.0319052100065247,-0.852349694606233,-0.03808176998328264,-0.9721518992532374,0.0660776281287988,-0.43857881439107854,0.10717660146091199,-0.6045757090253595,0.1267989480383975,-0.7158794028988197,0.1337930260558076,-0.8198199669725992,0.0,0.0,0.2880066039995503,-0.09644204024969082,0.5948200642313501,-0.4494645554398674,0.6989251697438078,-0.7927848494180562,0.579206597400439,-1.0,0.406912966276097,-0.9607621729162695,0.5111890071025991,-0.9829990394626857,0.4154808124728092,-0.6751202504729363,0.35482016199596234,-0.641856146705577,0.2137753088139686,-0.9886336417806847,0.31942188729695514,-0.9742084732589344,0.260810933016576,-0.6121048476582931,0.22119167118827998,-0.6079397696665738,0.03313792631481183,-0.9394030492782528,0.12946524590244068,-0.9448134040171479,0.10583370606091713,-0.600807841210717,0.07015848254657261,-0.5744315598832691,-0.14582531357999345,-0.8712342293460036,-0.054872832680754546,-0.8856737570451624,-0.0563250954427026,-0.6543083031485093,-0.09418337219476666,-0.6172387118534703
5,0.0,0.0,-0.16332612700741828,-0.052708698133202905,-0.2969310181788538,-0.16618257112578463,-0.3901300073367572,-0.27514508844868346,-0.4774003749898101,-0.36336238689166056,-0.21127943262411347,-0.4593271704573245,-0.26183445015081114,-0.6594890356240319,-0.29054080052172493,-0.7870177875601206,-0.31450754055596314,-0.9015590445911796,-0.11707181870057878,-0.49644320534768077,-0.14553126273742562,-0.7274934050705144,-0.16395180565745496,-0.8741738974484389,-0.1804525311812179,-1.0,-0.02090382326567213,-0.4783886524822695,-0.021874231678486997,-0.7031271541534198,-0.022799380451618164,-0.8481271704573246,-0.028335795222955897,-0.9727312627374256,0.07373473546914486,-0.4227850330154072,0.12123505339528817,-0.5909779408168256,0.14490206244395532,-0.7033993641477134,0.152759240238037,-0.8100955082742317,0.0,0.0,0.3028772768099984,-0.09313963479328512,0.6104960389223668,-0.4332251328527268,0.7123068541173598,-0.7712135898122264,0.6167759848813569,-0.983293314631827,0.4347256192103524,-0.9615783207736325,0.5300163189176207,-0.9771532287325296,0.4342861204367073,-0.672876491530155,0.37811038168612765,-0.6372689228081377,0.23924023315359788,-1.0,0.3240822686677355,-0.9576966309201932,0.2691046548752408,-0.5938816382657124,0.24261937256713711,-0.5889057154042672,0.05384726937563374,-0.9512816970757211,0.13504549177720293,-0.9217055934279529,0.10751641779409733,-0.5753607845002955,0.08045750862231536,-0.5554020661457835,-0.12714769738180823,-0.8781148239626138,-0.0444343720999816,-0.8684547354953941,-0.04886217536273337,-0.6405132176354364,-0.0821587572172663,-0.6158405274329202
5,0.0,0.0,-0.1668396198847838,-0.062022700727741006,-0.30195465727786075,-0.1920102009930587,-0.39932000163988146,-0.31320834374008694,-0.4875510027846001,-0.4080673444649494,-0.21858892853227993,-0.5075329873493614,-0.27537389442478105,-0.7120009083314991,-0.30772113757762176,-0.8376379252243134,-0.3369299267606846,-0.9511879400094148,-0.12531543730317424,-0.546247564528899,-0.15758010486518517,-0.7663847853892378,-0.18546666693804184,-0.8968217992581572,-0.2177951561274723,-1.0,-0.027688409730777404,-0.5327263930487635,-0.036515856694132744,-0.7478544157442576,-0.05742347292581892,-0.8855215913363086,-0.0859659875793518,-0.9998048279389278,0.06958927075576728,-0.4829314218440932,0.10019108689539911,-0.6568734148176083,0.10504414741138607,-0.7718229986395381,0.09421162553830417,-0.8733650977982848,0.0,0.0,0.28223000367151574,-0.12093978490290631,0.5694085781383624,-0.47235897125919557,0.6672516745693805,-0.7976667405447275,0.5578946543626114,-1.0,0.38588638001979036,-0.9406985842277056,0.4786581953156832,-0.9869770328779758,0.3980460372255878,-0.6835276550207978,0.3446421335536243,-0.6341219816334663,0.21018266350558115,-0.9655675066378319,0.30608184345910516,-0.9777680206500374,0.25670359450347224,-0.6228457829059599,0.219280858642166,-0.5994300755347205,0.04371244531904129,-0.9268898231851742,0.1399533113042388,-0.9450559906152476,0.12091529880317542,-0.6114439355066915,0.08415732556942075,-0.5682826373124504,-0.122514870758168,-0.8689929300934446,-0.01701364169588208,-0.8998873919253518,-0.014226843705365338,-0.6751934261958171,-0.047379483614741584,-0.6238288648300133
6,0.0,0.0,-0.1635236313738477,-0.06748868019940674,-0.2929159457579568,-0.183639573912586,-0.38595717276904806,-0.28855152008963736,-0.47152101963380494,-0.37010475724484376,-0.18826913799314218,-0.46833041641336437,-0.2265963187938423,-0.6789519595725773,-0.24600030731613606,-0.8079496216151445,-0.25967751478716716,-0.9228806401714055,-0.09339504296986022,-0.4955286396432152,-0.11423724716280288,-0.7285225590462052,-0.13025330629388515,-0.8739132715710367,-0.14108523134332474,-1.0,0.001998001998001998,-0.47046016790907136,0.0067734741761297035,-0.6978726182067969,0.007493476238814147,-0.8422727503736007,0.006360341135814804,-0.9660338915150194,0.09624136865670507,-0.411397046933374,0.1398276495993936,-0.5818294788904963,0.15983852042333319,-0.6962716531566301,0.16711604075471,-0.803078914223178,0.0,0.0,0.2907902979860431,-0.09887772741042113,0.6075926946716393,-0.4038556083607705,0.8234415727376412,-0.6746471914894066,1.0,-0.8152487134654202,0.4225446515570616,-0.8072191305062303,0.4337089892413701,-0.9870433849993763,0.36913689432200225,-0.6873156275596571,0.36688804526952407,-0.5783990403867346,0.23462911522146063,-0.8398123932590509,0.22377206807282937,-0.9837038200788332,0.20541695127157636,-0.6403341852293777,0.22673000282761469,-0.5794422029691609,0.05448763817728256,-0.8175562516995409,0.04288268017541143,-0.9478293806169497,0.03719569847424681,-0.6264814315705962,0.06037943007387162,-0.5505322130621954,-0.11518880535462035,-0.7861030639213974,-0.134181602687182,-0.8754147556942427,-0.11585229407734361,-0.6652313399628031,-0.09497918565600284,-0.590807137266622
6,0.0,0.0,0.28320699738782484,-0.09652380545712896,0.6148710262648681,-0.42235997749727483,0.8185389771796663,-0.7057835795540628,1.0,-0.8285512805262,0.4005788763972553,-0.8667518879924002,0.4386150589404626,-0.9664531211961007,0.36091337709161503,-0.6626220372684188,0.3315579915797661,-0.5695122301103308,0.20173394470322728,-0.9155132733696891,0.2321547366038569,-0.995361371585729,0.19728557941413385,-0.6394176539013084,0.19158439688015452,-0.5787780778625834,0.014656132957348343,-0.8848171536133131,0.04191593960370574,-0.9840140385328129,0.029546990881295775,-0.6612589882129142,0.022428398398903922,-0.594678303477067,-0.1578044709149928,-0.8426029002207488,-0.144564237881254,-0.9284444546604147,-0.12651977704651565,-0.7186835536655265,-0.12230127108854501,-0.6468818742830528,0.0,0.0,-0.16042175138353015,-0.07185298652519584,-0.288046774523559,-0.19442876403016485,-0.3769627920515219,-0.30313620464554347,-0.4593280500993803,-0.3770538297965626,-0.1810168337620328,-0.4816373214564091,-0.21737240709887368,-0.683376812229627,-0.23626517498733388,-0.8073234842063214,-0.249702833313847,-0.916971216848864,-0.09235246404770256,-0.5138159673506372,-0.10898588214661523,-0.7357874551814179,-0.12555201147745432,-0.8789461361023423,-0.13981007516855684,-1.0,-0.0022581318932928017,-0.4954051819049846,0.007080544350910012,-0.712001027904439,0.00805196885108539,-0.8519774220302818,0.004507890749834366,-0.9698458021551892,0.08785081501617366,-0.4394289954304533,0.1314222714252309,-0.5986952677423126,0.1531857730231108,-0.7075330232569469,0.16152394749405666,-0.8085197628025255
6,0.0,0.0,-0.1635709683455015,-0.06696146647053397,-0.2962357810317424,-0.18476091960401306,-0.39070546666530703,-0.2917365545512042,-0.47435797410387587,-0.36832853791581266,-0.19118337213380626,-0.47833216698724385,-0.23051314722228217,-0.6814662586866302,-0.24959505934057455,-0.8090726627685175,-0.26356243911859173,-0.9236468191793619,-0.10230740487876522,-0.5129671520421254,-0.12477508017591867,-0.7353772175100681,-0.14081888008800203,-0.8761479576612022,-0.15290303185954773,-1.0,-0.011979967146271657,-0.4977459205751118,-0.009899910826497898,-0.7122215916865412,-0.012365560926307242,-0.8488257373018664,-0.0178716946577871,-0.9661732757899041,0.07688082298581594,-0.44353829642644366,0.11660931374188094,-0.6028544532089695,0.13626305558644997,-0.7114595736382544,0.14464462173748177,-0.8131044812905993,0.0,0.0,0.28749386819437517,-0.12801613497174275,0.6116863382691254,-0.4153787043919355,0.8181095830100406,-0.6768137575297214,1.0,-0.7907447443121982,0.41620590365489585,-0.8923234549548387,0.46711823480093545,-0.9556247511607967,0.3819287704999341,-0.6661383009225225,0.3485715780448067,-0.6454651135929731,0.2266125120088271,-0.9385280541147982,0.2601791370494227,-0.9868585723661771,0.22209535857983984,-0.6346979346855691,0.220637823287137,-0.6404027220461003,0.04397625683331136,-0.9046295302323496,0.07613987039299269,-0.9850332985920967,0.05881488673315061,-0.6666872758748609,0.050885833592647,-0.6521788462557598,-0.12217325459256954,-0.8593431732111094,-0.10361766340497637,-0.9322494928096511,-0.0853122702696092,-0.7286378762822437,-0.08642567708043163,-0.6864153838000753
6,0.0,0.0,-0.16934912295431281,-0.06119156925190728,-0.3038427341979597,-0.17857710325968287,-0.3973942741653335,-0.2873160700811377,-0.4841895600926408,-0.36238555941521033,-0.19568700072968637,-0.4767836341535688,-0.23387960834932295,-0.6821495781948692,-0.2542064662755742,-0.8118147150305909,-0.27010241926560075,-0.9282912696186162,-0.10408493151786215,-0.5094776178322877,-0.12687092575666944,-0.7327341881001131,-0.1430045709871213,-0.8743984600212498,-0.15482380626580713,-1.0,-0.011950898880912471,-0.4931551233106236,-0.013586682621018835,-0.7129945073676631,-0.015470928320165835,-0.8499077406745803,-0.01963334872189606,-0.968353788593609,0.07870586207160694,-0.44034467043409625,0.11866606871975426,-0.6068398179553507,0.13850024994089927,-0.7159317585122681,0.14711268773724193,-0.8186030506972369,0.0,0.0,0.2891164319182739,-0.09999910421728106,0.6123084384651659,-0.3667337650579475,0.8179681536446519,-0.6318873693996784,1.0,-0.7381723089247472,0.4154203556385363,-0.833443919842803,0.47674324115942435,-0.9342729027647054,0.3927458555652741,-0.643599088605068,0.3614761603425473,-0.6091447258552966,0.22887344445731245,-0.8840757985742979,0.2753930406640565,-0.9668429225806988,0.22904284336791267,-0.606914866729926,0.22888896069369413,-0.6092202275416075,0.048097773404083104,-0.8582714976655262,0.09275334174942526,-0.9650875083739688,0.06705717461172618,-0.6405140769055058,0.060422943810749266,-0.6186579383304786,-0.11649398321943029,-0.8210725206493913,-0.10050506149228443,-0.907640002840911,-0.08457052657307443,-0.7007186736785126,-0.08395611560459895,-0.6595859308366163
6,0.0,0.0,-0.1670408519140694,-0.0652866414616151,-0.2984517095388754,-0.1882568636523426,-0.38921893519078166,-0.29964304422555604,-0.4730676937655708,-0.3804990155579362,-0.19359383184868076,-0.4811950028970525,-0.22757382620741784,-0.6863552995218821,-0.2469369748658116,-0.8139951952002024,-0.26225161422098464,-0.9302235524116399,-0.10264347357290637,-0.5121241300158261,-0.1243202347654638,-0.7350456511559725,-0.1386002720589359,-0.8756045252377042,-0.14950861265226895,-1.0,-0.010865544805661272,-0.4939574570965281,-0.010722984811663797,-0.7146689509613073,-0.010359776405904152,-0.8522241999063495,-0.013029511030336378,-0.9705980433432403,0.07956737349190006,-0.4400066972628759,0.118488336063649,-0.6097739743253063,0.13988428463645117,-0.7196415296993041,0.150251286305209,-0.8223566306376155,0.0,0.0,0.30274809532137453,-0.06785538644641137,0.6234980592290204,-0.36158053994161843,0.8250574249895244,-0.6237691920359726,1.0,-0.7466818508863461,0.4400618969202365,-0.7829399951407368,0.4724013798429777,-0.9260978237777603,0.38457753165856984,-0.6267997760513438,0.35709907263190144,-0.5341595059044744,0.25264266456646334,-0.8409632961298432,0.27228556153247546,-0.9300195661640341,0.22718009556551144,-0.5905967973464197,0.24009118161085752,-0.558319669100602,0.07531403282467566,-0.8200452826999663,0.09167722050139616,-0.9147577821571138,0.06807428804163473,-0.6160389727000954,0.07898914412410606,-0.5796842887341385,-0.08379030753033224,-0.7842985935132356,-0.0909122386532094,-0.8638666824729659,-0.08920650812635493,-0.6830296098152424,-0.08497607341008778,-0.64838535131652
6,0.0,0.0,-0.16629420933986372,-0.06406884226588491,-0.30015089521588467,-0.18318506203104754,-0.393322687741018,-0.2920048372279708,-0.47614973262032084,-0.3743559099472853,-0.19386073419985916,-0.4756963203504395,-0.22655139900729562,-0.682644351290706,-0.24425454614656664,-0.8116645012170922,-0.2573581053844437,-0.9273498876330627,-0.10178662565287871,-0.5052139296941094,-0.12264580453516073,-0.7320497494018342,-0.1354093045706268,-0.8751237420352689,-0.1443659961558224,-1.0,-0.00935543418273165,-0.4854152040510919,-0.009572452021307331,-0.7076647226638663,-0.008107996823622834,-0.844826640046919,-0.008807076608473453,-0.9629835800677142,0.08138099744471183,-0.42971912590806155,0.11867014291967191,-0.6023411768165988,0.13998301088030282,-0.7127577216587055,0.15096331076767638,-0.8159885954911361,0.0,0.0,0.30600427732614405,-0.07068248878549287,0.6241583937343272,-0.35942569404384406,0.8270513930627006,-0.6249811956376249,1.0,-0.7469779760938808,0.42933705590610965,-0.7915709667752088,0.470414371152509,-0.9102244204406676,0.37825700440288595,-0.6125948954003642,0.33981629766683763,-0.5406603618255452,0.23740581531569416,-0.8504449082524795,0.2719880741845422,-0.932888267143952,0.22082066383248897,-0.5799899078319725,0.22410935432630633,-0.5579748856635541,0.05754194113138889,-0.8275355683773997,0.08729962249132038,-0.9238935631631129,0.061256617062634224,-0.6138555280087276,0.061320433442033404,-0.5852586828773103,-0.10314029890348357,-0.7904607690658466,-0.09920278387480026,-0.8700814006792077,-0.09163099266896386,-0.6849472707911098,-0.09072823520911043,-0.6538401173155307
6,0.0,0.0,-0.16385255882974573,-0.06678849904818301,-0.2949107518795312,-0.19066899909119667,-0.3847666882011398,-0.3022570382501422,-0.468429378309447,-0.3773387732215185,-0.19011923185171398,-0.4802154822213683,-0.225076323109975,-0.6818292769370985,-0.24386546941822382,-0.8089250211661109,-0.25846646235958454,-0.9239709549256484,-0.10132259258519463,-0.5134103473780451,-0.12296931708943243,-0.7354390822348384,-0.1387374837635144,-0.8764261841214039,-0.1509470180571569,-1.0,-0.01113480568172616,-0.49739830441803307,-0.010799782256406565,-0.7144275033031824,-0.014630702293756702,-0.8512368356741827,-0.02132222915039833,-0.9682787043001475,0.0784145185855435,-0.444187556295437,0.11830826582688231,-0.6077239845404645,0.13824612568772282,-0.7172229226113915,0.1464919131791769,-0.8192777930450839,0.0,0.0,0.2983556662238654,-0.09354416923219941,0.619049569191371,-0.38355694252547456,0.8234572974464469,-0.6548197732386192,1.0,-0.7784785813376003,0.4154350526386435,-0.820425995481465,0.46487702493602845,-0.9603978079702049,0.38467497550993907,-0.6556092477833595,0.3466372510838925,-0.5648308866110567,0.23272510574209596,-0.8634132737298219,0.2673386595095946,-0.9795878008587053,0.22252640262921494,-0.6177468583350993,0.21650771030114793,-0.5749775809472231,0.057754500822408246,-0.8416922908511423,0.08874067598641107,-0.9735127397367141,0.06067104090583718,-0.641620443996124,0.05079809336447424,-0.5895895557656322,-0.11561862493465813,-0.8181466407702407,-0.10349263850022883,-0.9252012576158212,-0.09429253504324904,-0.7119266557905,-0.09768260413862176,-0.6506861654941075
6,0.0,0.0,-0.1699806652094934,-0.05983037458104195,-0.3049992821972634,-0.17591953019149856,-0.39580513903209086,-0.28496224264283304,-0.478445620337879,-0.365027966310088,-0.20177209397600968,-0.4742786315802408,-0.23889112775597757,-0.6812556119653284,-0.259354338382631,-0.8116711925308698,-0.27571697450268245,-0.9279721893823366,-0.11050647010122185,-0.5108814384300231,-0.13356870212088545,-0.7356441396889231,-0.1501201600225715,-0.8768693006423829,-0.16359260969588962,-1.0,-0.018098738860253684,-0.4977007759579789,-0.021113043743349828,-0.715114281505902,-0.02363974048359218,-0.8506591575531124,-0.030107586420572055,-0.9665139190738463,0.07290356106370433,-0.44722003476871586,0.11199946868599171,-0.6159587379301431,0.13129428621244815,-0.7237454122450769,0.13747796625565006,-0.8237253790939447,0.0,0.0,0.29406322221284165,-0.11598062463866216,0.6141707468117926,-0.4019079132186828,0.8242681453109312,-0.6675296809266443,1.0,-0.794655762800761,0.4245467323702924,-0.8625626750940568,0.4666361221497613,-0.9698631273207703,0.3866851908629106,-0.6686303367944418,0.3518183615006113,-0.5864369508343541,0.24097928749318878,-0.9063150624130135,0.26213959403769715,-0.993099341926941,0.22117949561062455,-0.6321339179580201,0.21598347172994697,-0.584087524523248,0.0605579607716901,-0.880198842171906,0.0827381184544672,-0.9862130015961814,0.0648759943630884,-0.6587856546754752,0.057849603472595594,-0.5979800134191805,-0.11041382060395528,-0.8409234647553961,-0.09662353076512534,-0.9292455027066293,-0.0823275119368005,-0.7081525718368034,-0.08150152632070064,-0.6355043474096489
6,0.0,0.0,-0.17028335712490666,-0.05880448983290439,-0.3027737032288993,-0.17518577217303138,-0.3948579548664018,-0.284427923462157,-0.48098953352478774,-0.35855650919354903,-0.2000917533895783,-0.4687907726458608,-0.2352223834661245,-0.6778410824024282,-0.2538949171671666,-0.807930703517179,-0.2690682764828099,-0.9241024714874406,-0.10916725701211494,-0.5057343498414383,-0.1298080565543434,-0.7316982048205212,-0.1475660584508751,-0.8743758316484096,-0.16249119221971706,-1.0,-0.01565590598650971,-0.4933973347591687,-0.01823154229358035,-0.7163826411814398,-0.02185854256526961,-0.8578164541936568,-0.027893536047176443,-0.9793826641711388,0.07821664402062815,-0.44376913191291756,0.11549771947716526,-0.6164972973673318,0.13370334898291913,-0.7282220201340781,0.1400421857025719,-0.83060455087016,0.0,0.0,0.28355558312176177,-0.11389513298284296,0.6161285730380839,-0.3969596380703751,0.8296896178977406,-0.6596783034730286,1.0,-0.794451098640702,0.4145762583812768,-0.8590695118730528,0.47333373692898567,-0.9563564088322785,0.39242149638421736,-0.6641199451087918,0.3565500357710016,-0.6196464535076779,0.2300668423682399,-0.9006717558208913,0.2718492197434814,-0.9810703191743291,0.2339039153122156,-0.6227730551404587,0.22930638897966124,-0.6087028529208915,0.052276634137626884,-0.8716240859506978,0.09184726334929735,-0.9795906517349472,0.07364306495377153,-0.6515214923757537,0.06346437160404363,-0.6143024951613885,-0.11233265695320803,-0.8345555298405374,-0.08835825041614616,-0.9225952476117062,-0.07221733856819988,-0.7061124781493369,-0.07544175991018402,-0.6490632979296368
6,0.0,0.0,-0.16774879467954662,-0.05931221134010632,-0.3021536425231946,-0.1790125848623937,-0.39405450117801455,-0.28957355339785107,-0.4767402845036405,-0.3720536650137119,-0.20171130093744183,-0.4767221741619615,-0.23770328858534645,-0.6818422906521716,-0.2578004330196734,-0.8103552406695941,-0.27397703945611696,-0.9265379260036709,-0.11153148630310647,-0.5108358807143393,-0.1350533103879516,-0.7346125973290475,-0.15101989301701726,-0.8754846622252809,-0.1635427029221668,-1.0,-0.01911525505678645,-0.49589948170729137,-0.022266314118681983,-0.7153009363187038,-0.024565765950929117,-0.8522910003394636,-0.029682709621589323,-0.9702963722318202,0.0726673950112607,-0.44521916461626715,0.10938267320435963,-0.6160774628450195,0.12936610153977213,-0.7250783447765422,0.13842815150129117,-0.8263275091036055,0.0,0.0,0.32523858289657476,-0.0915258478855441,0.6326463814261788,-0.3758564343578303,0.8295934491830707,-0.6551180771617702,1.0,-0.7657036383632897,0.44477747349128227,-0.7686995686546652,0.4834108642702774,-0.9561398526764294,0.3900412532028471,-0.6497269999934923,0.36017483359393904,-0.5586578776578972,0.2524124515690475,-0.818127685555108,0.2811614613561081,-0.9639674896600767,0.231916300901678,-0.6107837516927539,0.24290093492666656,-0.5756487188907485,0.0773814066555325,-0.7984450033219093,0.10757336154146056,-0.9375117213406197,0.07817638717074496,-0.6273036686538961,0.0831136968561072,-0.5767973363197978,-0.08024969635441903,-0.7689672737211832,-0.07012985322662994,-0.8871086255459852,-0.06444060290139048,-0.6921237915556652,-0.06400147785028987,-0.6316268836231351
6,0.0,0.0,-0.1654367724698149,-0.05577004758252576,-0.301136671002721,-0.1727261084743648,-0.3961124506534157,-0.2809037981651159,-0.4801362599484543,-0.36392333462805115,-0.19976184387124407,-0.4730392231061198,-0.23741891615664393,-0.6757715033174567,-0.2579105570660597,-0.8050170074854522,-0.2744012961042506,-0.9199601792001803,-0.10714511821396855,-0.5065832519144033,-0.13087307110185842,-0.7301440585284416,-0.14575473604143027,-0.8740577373956849,-0.15823193753449308,-1.0,-0.013474366758595582,-0.48986230669228725,-0.01694930870359697,-0.7117950198860499,-0.0187300173727354,-0.8502075738492619,-0.023714527484367632,-0.9710346919008095,0.07872103814696789,-0.4362629625890601,0.11929787245524438,-0.6029155238072549,0.13979569958000862,-0.7127209120534721,0.14829266379354256,-0.8170910520080389,0.0,0.0,0.3184642654100903,-0.05082714276457819,0.6345171437703959,-0.36064937328878816,0.8324613986939552,-0.6323744266364397,1.0,-0.7453329107633615,0.46530769212000084,-0.7361219517418947,0.49567701701024874,-0.916433354000945,0.38688169658409655,-0.6158247935972516,0.3574544786136307,-0.5332143522330374,0.27530655074730087,-0.7929159524050295,0.3015220652285009,-0.937579113259145,0.23680677536185718,-0.5842529607234948,0.24797257235313366,-0.5478884469496205,0.09643596207823094,-0.7834517767323177,0.125008912738126,-0.9146998772685461,0.0801856343741333,-0.5970604637443369,0.08707901037293607,-0.5510916104768796,-0.06568891331287899,-0.7619977655121632,-0.055082009390704886,-0.8785365270441619,-0.0592272120602699,-0.6745726833455288,-0.0568931591108788,-0.6170241838168533
6,0.0,0.0,-0.1667640776331089,-0.05522028144841037,-0.3008417382802281,-0.16994513469923747,-0.3956849193005766,-0.28035933959167647,-0.4790472879646074,-0.3651388771778629,-0.19773381484118252,-0.46924289714070727,-0.2334670073187392,-0.6760825501224992,-0.2532675073864701,-0.8087693998518444,-0.2684804033482796,-0.9252797784144204,-0.10280867485198537,-0.5012272208159521,-0.12562788766034944,-0.7288216385315733,-0.1406552285166856,-0.8738854727662149,-0.1518563313041167,-1.0,-0.008695125355915018,-0.48415208594755127,-0.011431899243708863,-0.7081247040461635,-0.012162579842788273,-0.8486725335300698,-0.014997966761900803,-0.970788905561893,0.0828694346417875,-0.43108293237912987,0.12275670106364382,-0.6013948498557588,0.14465036762859396,-0.7109140628083707,0.15497706656917265,-0.8138315136038119,0.0,0.0,0.3240581971783354,-0.07053526086113213,0.6356693123111159,-0.38431158445238583,0.8290073832323649,-0.670143967781455,1.0,-0.7934830720568333,0.4505813584020256,-0.7516946731423525,0.47012404670318586,-0.9675941250225873,0.37669833408946857,-0.6551860286100945,0.36058284488470366,-0.5527563201762118,0.25654162897502875,-0.8029473801709842,0.2722885367871307,-0.9798570545207586,0.22115947306675743,-0.6139043600360513,0.2444867517922063,-0.5709441817465453,0.07762782783988648,-0.7943407007246188,0.09255758462590094,-0.9577255930872477,0.05885504362467473,-0.6332040443380759,0.08120298445934857,-0.579986030378401,-0.08626192985238508,-0.7740969065135018,-0.09547978024370579,-0.923503335744493,-0.09115516558256583,-0.7176898622433953,-0.07733274168743966,-0.6499996408127358
6,0.0,0.0,0.3145135314813635,-0.09521771740470096,0.631327249088272,-0.402928281568073,0.8358661954805413,-0.673591508264466,1.0,-0.8066113284128502,0.438559403249767,-0.7935634496896711,0.4804453634396404,-0.9779754238529347,0.3895560156640522,-0.6757455368890384,0.3549942720615737,-0.5969649638935992,0.25417797401878606,-0.8381477491973938,0.2871997948602348,-0.9871511215106424,0.2314389519056296,-0.6207671023748532,0.23268289427284047,-0.5925057092296553,0.07479583385450624,-0.820745690377323,0.10517505987952162,-0.9772417345795055,0.07257995174206149,-0.6412474794703692,0.07136777610442457,-0.5980529743815072,-0.09969087001283346,-0.7986736168605583,-0.08804072739090839,-0.9287550145233516,-0.08000588295395764,-0.7209715854240194,-0.08394862281300194,-0.6676453262970027,0.0,0.0,-0.16759560783165822,-0.05756481279577768,-0.3016079110410437,-0.182167643124725,-0.39059464431032087,-0.29646353758758986,-0.47209528138214096,-0.37544606131131536,-0.2009136920492182,-0.4771292520833937,-0.23670462871646084,-0.6817258558663165,-0.25638339054747994,-0.8085492902111181,-0.2732390567149372,-0.923520714157757,-0.11138594299425095,-0.5097558738529412,-0.1338295676195355,-0.7348622211017447,-0.15015916396775647,-0.8762601582340749,-0.16429099824885443,-1.0,-0.02068267957772569,-0.4950703338146358,-0.022880159645481676,-0.7145947855920037,-0.02692727356173449,-0.8519454678083975,-0.034505583552217715,-0.9683771549774757,0.06959236779993047,-0.4451805567922403,0.10711294758498914,-0.615119297364737,0.12686517025112537,-0.7240438793835128,0.13483122937130568,-0.8240906278285859
6,0.0,0.0,0.29687867579404226,-0.08558258207338475,0.6247381714961182,-0.38257880470269057,0.8344843127619562,-0.6544486055535222,1.0,-0.7952228840430329,0.432254285862903,-0.8193039561581734,0.4856260492587242,-0.9537527062880171,0.4009827418302199,-0.6526659166508078,0.3640053046938117,-0.5886135775080731,0.2484434080347662,-0.865039418262598,0.2840772282707682,-0.9816804514427067,0.23663199401705468,-0.6147030033059262,0.23557061523982148,-0.5964496141305125,0.07062946173135488,-0.8434324870223108,0.10540556722555368,-0.9759039988081882,0.07809242858519026,-0.6424569425785281,0.07082401117260669,-0.6134049593764109,-0.10255489932223563,-0.8172377719468821,-0.08803330787009063,-0.9241356182468519,-0.07683618607035429,-0.7163693868439633,-0.0836608170353651,-0.6689653254122272,0.0,0.0,-0.1670817429999716,-0.057107424147514886,-0.3056441899878382,-0.17564340018334643,-0.4001940830553697,-0.28384676263256986,-0.4809468123299512,-0.36066885409663646,-0.21007225755097952,-0.4709527704267783,-0.24916228511471505,-0.675882915381641,-0.2694618784021711,-0.8064376714092686,-0.2843899186824943,-0.9221466033038537,-0.11792707648351979,-0.5067323846756749,-0.14373632825627788,-0.7336697625924178,-0.16049092011634983,-0.8766444516381531,-0.1740434945480693,-1.0,-0.02541802645653847,-0.4941718458672267,-0.030506455879564964,-0.714942497967761,-0.03476934105449342,-0.8523117077411577,-0.04137619535144903,-0.9690640787357128,0.0662084133739639,-0.44503424030441446,0.09965773667918244,-0.6159221938150807,0.11804915054835523,-0.725848418427536,0.12552714302123896,-0.8267123351136046
6,0.0,0.0,0.30978306872137845,-0.06961037529415559,0.6335188905392173,-0.3811299481395799,0.8357889139020722,-0.663620465733798,1.0,-0.8048642103138473,0.4388096557987775,-0.7852926519740167,0.4904920039496838,-0.9509785854880768,0.39506680195691357,-0.6455900775173139,0.35524758736010337,-0.5696666284579228,0.2514692069575851,-0.8324580906358848,0.2934404268396185,-0.9633742691820638,0.237606549776176,-0.604710153870195,0.23628766671719104,-0.5837994219627797,0.07457049611656322,-0.8154903799518872,0.116583054124326,-0.9505103895732224,0.0817778664772482,-0.6233592511772659,0.07740965310347114,-0.5838357631722121,-0.09150784674851414,-0.7913228699925031,-0.06979715396846764,-0.9053231240781258,-0.06576623244473524,-0.695254277171073,-0.072173944776201,-0.6386946358709239,0.0,0.0,-0.16934002150403105,-0.057118239389309565,-0.30600757236209514,-0.1758652394968154,-0.3978330200967209,-0.2864983401012387,-0.4790716477037912,-0.3671918515440258,-0.20591748790774023,-0.4715088766756274,-0.24367708910258676,-0.6795781276147288,-0.265144044226557,-0.8084410550918044,-0.28214986485900345,-0.9254426241617301,-0.11630285268393126,-0.5058470436681279,-0.1398058338595298,-0.7329109017077395,-0.1556290902500792,-0.8753410375845284,-0.16755007073769762,-1.0,-0.025437513697689856,-0.49229143043892587,-0.02893309973120677,-0.7127317978369138,-0.03192150441754524,-0.849853349723083,-0.03701307262427482,-0.9672911691897137,0.06506436679561164,-0.44316140463036674,0.10127722950435514,-0.6151733256108544,0.12151881846071391,-0.7246423999311734,0.13071149827210488,-0.825737613888552
6,0.0,0.0,-0.169434135596093,-0.052186595205273224,-0.3050323706242693,-0.1646868813659026,-0.396260245387258,-0.27271569851106775,-0.47727362485258545,-0.35921814088367204,-0.2013257504001898,-0.4685236025956476,-0.23715453383529814,-0.6730402280931153,-0.25713410163167116,-0.8030600377718643,-0.2736061099009436,-0.919943568454509,-0.10727616448633465,-0.5018440793399255,-0.12945063451350217,-0.7268988046317457,-0.1452764217966175,-0.872233127935824,-0.1586601711662274,-1.0,-0.01333180535829252,-0.4853616287178625,-0.01690188512581897,-0.7078425148612754,-0.019779824330173272,-0.8467458884239959,-0.02542753067407663,-0.9677044803450153,0.07916776054774692,-0.43364333287235257,0.12024248749695599,-0.6021606834439576,0.1416629661021147,-0.7121323137134465,0.150687033181647,-0.8168060564575175,0.0,0.0,0.31473088117697284,-0.06923448047336227,0.6338218314262168,-0.406504259243777,0.8299771657092893,-0.6990287163217821,1.0,-0.8225874770539127,0.44301884821960025,-0.7895087252766237,0.47788523526041116,-0.9686075026796475,0.38249589546611146,-0.6566784814655053,0.3550568329691494,-0.5738042550496669,0.24634605518948907,-0.8370241039117159,0.2743289632187656,-0.9751558695181801,0.22503081004375486,-0.6122409130161012,0.2340045390825787,-0.585768856760586,0.06552602611958436,-0.817791470513323,0.09270983118845803,-0.9497317852715631,0.06125095027146447,-0.6230817154299088,0.06870924456855801,-0.5879209074165477,-0.09845631751024293,-0.7876913701602122,-0.09162443160781349,-0.9024044472010148,-0.08748559489840671,-0.6982165588465586,-0.08638790463093636,-0.6509286620761067
6,0.0,0.0,-0.16292925980526257,-0.048316666109365226,-0.2983799735975998,-0.16190330370249567,-0.3963466576611968,-0.2714352637016796,-0.480165185450691,-0.3593070350931088,-0.2039767596825585,-0.46436924199247454,-0.239562835802635,-0.6698564515333187,-0.26005275656610277,-0.8024391161212184,-0.2766493890183718,-0.9197785759898766,-0.10961461008420988,-0.4982364831424136,-0.13221223837874949,-0.7250317058892813,-0.14741476987002883,-0.8711536667794958,-0.16051572088701271,-1.0,-0.014612769685826038,-0.4823112196773427,-0.01767329972707873,-0.7055704136682382,-0.017786454733076402,-0.8466200189065328,-0.022255295292523614,-0.9703372234277532,0.0780769541383934,-0.43049939358433276,0.12077836825657924,-0.6022464006311651,0.1443468091428984,-0.7129607522252785,0.15421280454486821,-0.8176559875326127,0.0,0.0,0.320521976067313,-0.06878785554619682,0.6414820851581363,-0.39409808881631825,0.8327982303808568,-0.6841912479079807,1.0,-0.8173761976017383,0.44404705651305754,-0.8073372787958735,0.46119221834696944,-0.9376754040386739,0.37154304514795067,-0.6247579970372277,0.3464117682058557,-0.5642848216934514,0.23863700824630427,-0.8562467381003335,0.2518425789017382,-0.9413788000480989,0.21018443611142587,-0.5747281709825567,0.2263737217826175,-0.5710441920745217,0.05354029929242696,-0.8265138855159381,0.060396893874029335,-0.9146483861129445,0.0391405769014994,-0.5915561405959026,0.058481951596217496,-0.5825407804204606,-0.11142143029420098,-0.7855668247172488,-0.12377653190874684,-0.8600408397119668,-0.11529292292423211,-0.6592693982737364,-0.1069666618077682,-0.6288189450993941
6,0.0,0.0,-0.16281849522983374,-0.053082139761731824,-0.29864629570739937,-0.16644324632794566,-0.3914230031048029,-0.27440050185545195,-0.4716953565505022,-0.3620586931887187,-0.1984794394124255,-0.46991302335240437,-0.2351412115110164,-0.6818520422298456,-0.2573346951634307,-0.8144157345398593,-0.2757309873176148,-0.9323286614334149,-0.10569303224251533,-0.5021510255926477,-0.13169852649004504,-0.7321423314979433,-0.14862382119978237,-0.8754968860025479,-0.16184299449760198,-1.0,-0.01151753681821461,-0.48495871770085214,-0.014352430052347112,-0.7083904177294598,-0.016620694909215854,-0.8499882356578591,-0.020566616252548128,-0.9719415893171556,0.08164972114164436,-0.4330580641180559,0.11976915349748536,-0.6090664986091268,0.14163338376092377,-0.7200618037171549,0.1524173752833226,-0.8228189707881247,0.0,0.0,0.3164042772006533,-0.08047901599705949,0.6362714852783685,-0.40325360085322065,0.8267796123101955,-0.6850888865853906,1.0,-0.8085701362549912,0.4510159324633931,-0.816596616240758,0.4741585908884435,-0.9498420915114232,0.3805904442762676,-0.6403864503322904,0.35725482569472905,-0.5802684575430375,0.249215357475253,-0.8665915161851198,0.2711656104697586,-0.9428535660154929,0.22338395523876473,-0.5831393954936488,0.2400420205937348,-0.5858822454433867,0.06592211835469307,-0.8365405252905479,0.08267749194308531,-0.9174402441180624,0.05934173533568373,-0.5971835270549325,0.07764824357258414,-0.5886455232208501,-0.09185614282032939,-0.7945359425558443,-0.09523204839076337,-0.8643604661354235,-0.08533642216811302,-0.6617465047365645,-0.07821711716698052,-0.6300703973309111
6,0.0,0.0,0.2847102084096142,-0.08443157328248214,0.6125976497706045,-0.4108723911937661,0.8122771471891365,-0.7019541012289311,0.9863304143864314,-0.8236885626592684,0.41392920683443957,-0.8308683856794261,0.46256149570328725,-0.9804316494609757,0.37073431153072084,-0.6761280560477123,0.339976783989738,-0.614350983808384,0.22047023632534607,-0.8804688786280007,0.25533495192154104,-1.0,0.2072611005580689,-0.6322394142611055,0.21630038531573528,-0.6252245422532615,0.03721411562912377,-0.8576684711959286,0.0724534266806573,-0.984927409267728,0.04846872012758669,-0.654791320074999,0.05283746458314391,-0.6400879492995265,-0.13161961927954804,-0.8237189726224323,-0.11663357407375552,-0.9248345575135339,-0.10475080417458145,-0.7122523277444531,-0.10454830146533019,-0.6720024377117947,0.0,0.0,-0.16683275491797728,-0.05566141029180027,-0.30298895194841197,-0.16892549581972655,-0.3970782356682332,-0.2769894855141531,-0.481580118484002,-0.3570813490995644,-0.2050603965168921,-0.47350284751651767,-0.24568329690387194,-0.6798985328099528,-0.2674028079909861,-0.8092430137320841,-0.2850634289295641,-0.9255466010647009,-0.11451553445983992,-0.5104752786029142,-0.1435595663649879,-0.7344132397220597,-0.16369632007462975,-0.8760725568389297,-0.18015555003857067,-1.0,-0.02166829572042081,-0.49707218820403043,-0.02777305168932585,-0.7155570871940171,-0.033835272862163535,-0.8553320694422502,-0.042625363354218786,-0.974825549465653,0.07015825258955889,-0.44679794004272,0.10777868827318567,-0.6140111933064699,0.1253235682700838,-0.7244132223609184,0.13088766936516671,-0.8274617953619132
6,0.0,0.0,0.2832604405288027,-0.11209462168618525,0.6059914350291195,-0.40757592597959424,0.8180408656181101,-0.6800142293038947,0.9804456944094568,-0.8215126820104083,0.41359885783403116,-0.8249891162385721,0.4628517397617006,-0.9862452185494327,0.3849725748320302,-0.6818912999653821,0.3645185874263017,-0.608623442236765,0.2324597874075756,-0.8678353082278052,0.2668938748069665,-1.0,0.22468574034577718,-0.6400482930090106,0.23269927792970635,-0.6270830022557332,0.0546547944760492,-0.8514598253056769,0.08739620617713573,-0.9928735646094154,0.06846483072128368,-0.6655976642030778,0.07508282645949887,-0.6323718574432667,-0.11252025876441361,-0.822886249326831,-0.09737757878266841,-0.9304547549218964,-0.07893234997845541,-0.7170139226158989,-0.07597215795291655,-0.6624263256134795,0.0,0.0,-0.17065652180338337,-0.053529253693261246,-0.3080163138956136,-0.1737169606065203,-0.400616641850396,-0.2849504524081031,-0.4840760671725225,-0.36248367992168173,-0.2137611322613227,-0.4785562690966405,-0.25568183017708773,-0.6820532068482653,-0.2787828275227471,-0.8099388334472861,-0.2979318702138703,-0.9252360209801789,-0.12582844472405685,-0.5165486875927594,-0.15495772990387252,-0.7388805564796102,-0.17598435443967958,-0.8782632239758651,-0.1944952213724941,-1.0,-0.03564872103968361,-0.5069375978111416,-0.04313899232771592,-0.7247484016200496,-0.050917739566987495,-0.859924492588445,-0.06234865568397151,-0.9741034399663903,0.05519903634254114,-0.46101186445943104,0.08804789696055224,-0.6329169910073315,0.10384681851590358,-0.7424150277724078,0.107291489793561,-0.8415407480951992
6,0.0,0.0,0.3053835628527564,-0.0625206615184139,0.6298796364685838,-0.38359290587411243,0.8317658273790263,-0.6790955124652859,1.0,-0.8182780199606765,0.434258009990674,-0.767181677456902,0.47825879550602535,-0.9605761930014398,0.38587296753865763,-0.6489447618926467,0.3579827202523826,-0.5464515457081683,0.25415078873532826,-0.8168844457624707,0.286852079031749,-0.9823874419310957,0.23104502958800993,-0.6209746909816,0.23317895995541327,-0.5729539431996076,0.07698686487943372,-0.8092442753978659,0.10918663383615326,-0.9777920181145564,0.07562509292217276,-0.6419568554898221,0.07654497274150424,-0.5819202670116149,-0.09369051490213258,-0.7953562367772246,-0.08206441066869777,-0.9250992031153475,-0.07899342727185271,-0.7140932425803385,-0.08025009282279076,-0.6517452672302554,0.0,0.0,-0.17186453063698467,-0.057545306780727036,-0.30990356943884556,-0.1734905513511342,-0.40525808075989117,-0.28387019408919784,-0.4890794866187702,-0.3647490883403282,-0.21125851568428994,-0.4758468585234149,-0.2528119049369093,-0.6814560745379461,-0.27684688028485266,-0.8112936383404271,-0.2963807381144886,-0.9283334984463398,-0.12086698176619785,-0.5141787941028634,-0.14978138885756562,-0.7364916636193045,-0.1706592817782047,-0.8775342373612841,-0.18750156933445153,-1.0,-0.029271720768187882,-0.503367468354989,-0.037965186873683374,-0.7206189774650421,-0.045830957456084884,-0.8581317090474471,-0.05590832925877043,-0.9750125432622708,0.06061093029841931,-0.45517836237420023,0.09365437997631199,-0.6272621813452129,0.11048342805645861,-0.7379678652044807,0.11594159230113812,-0.8390561349221314
6,0.0,0.0,0.31075529018053083,-0.07768071559553878,0.6346011546709454,-0.4087287186917148,0.8334677201628811,-0.7004323002590905,1.0,-0.844405691968494,0.42723021052126703,-0.8327618499470748,0.47219640567266263,-0.9869619134753942,0.38610165677392577,-0.6719947801802503,0.3526219911150849,-0.6004931438584615,0.23615280219917786,-0.8720380976858014,0.271212078706339,-0.990611926129777,0.22332270606508425,-0.6160029827541427,0.22645327063757878,-0.6057865671691316,0.05642497248161947,-0.8473775865694013,0.09017793660863146,-0.9787813603205012,0.06098809160747462,-0.6361112342864693,0.06017634085929744,-0.6140524883885857,-0.11720891978629629,-0.8170812749222713,-0.10416412146156159,-0.9151893919169414,-0.09749696611551475,-0.6993210071501033,-0.10415311109281077,-0.660073718189461,0.0,0.0,-0.16783162803041438,-0.05566545338323443,-0.30493869613171376,-0.17156893100264964,-0.3978711655653896,-0.28020612025631625,-0.48022367029890717,-0.360998668765062,-0.20801209383422772,-0.4753614524015735,-0.24913826437212938,-0.6802928716863593,-0.2695463956064967,-0.8098895203416409,-0.2858820608601233,-0.9255144802119702,-0.11670578566404081,-0.5106413185075901,-0.14381846121797295,-0.7341324072237687,-0.16236757208715666,-0.8762172666736106,-0.17792918058423093,-1.0,-0.023954666670471553,-0.4963321837817631,-0.029602784036024673,-0.7143223329285885,-0.03635156017024968,-0.8521459564273821,-0.04583314903410558,-0.9707547089047204,0.0679628966416638,-0.44569189259373937,0.10454317809868831,-0.611830298222309,0.12114509033991436,-0.7224333062710725,0.12618566232861955,-0.8260452619878919
6,0.0,0.0,-0.17649188482827424,-0.052995157195677094,-0.31682114954863455,-0.1798791106105097,-0.40999496256403223,-0.2978525036933888,-0.49395953809237697,-0.38366252596789924,-0.21218130958514725,-0.49716044982140617,-0.2569151322852462,-0.6979744849558207,-0.2865006545944637,-0.8199949912975307,-0.3183131742636776,-0.9294268982747954,-0.11781853464904526,-0.5341620880845055,-0.14528579320561646,-0.7572878360061284,-0.17641430438241806,-0.8914412889182004,-0.21254425903944518,-1.0,-0.024327897005833352,-0.5219942076291673,-0.035115208474385824,-0.7411280408548004,-0.05778321664256329,-0.8750703781676225,-0.08789335214218061,-0.9856902640774861,0.0667654594917407,-0.47504231007649006,0.0948873881265018,-0.6475830364079135,0.09810841330445667,-0.7638451228137777,0.08744949520536209,-0.8700651539639147,0.0,0.0,0.33395155108256347,-0.0548002955146866,0.6574929794567627,-0.3619741539946071,0.8588683821457808,-0.6367114619551448,1.0,-0.7932086018542689,0.4576084536830395,-0.7608654713438557,0.5162839057723219,-0.9508513193950285,0.4182639960763596,-0.6423627812319201,0.37012268471367804,-0.5403534528301385,0.2766939545724512,-0.7971437719156393,0.328892680217101,-0.9577803642375198,0.26362062252610663,-0.5916230041450694,0.24966556523687738,-0.5280211247473448,0.09832662887098076,-0.778932487192442,0.14639905775869436,-0.9308827924777973,0.10680937262846951,-0.5973730648237303,0.09421289651398507,-0.5247517200663518,-0.07543355309700633,-0.7544463933224796,-0.0422710758940014,-0.8751920505485026,-0.04494005007430734,-0.6624510394897613,-0.05401199028077147,-0.5933642821603554
7,0.0,0.0,0.164459242109994,-0.09323133368668696,0.31354958666774135,-0.26394893896400196,0.4278223170941975,-0.38944067551178313,0.5176544488123677,-0.4679276362627798,0.18018247130181236,-0.5095107755306475,0.21254297759736915,-0.7358215135052477,0.2366378742725026,-0.8688039210170094,0.2482952643999222,-1.0,0.08332083478670288,-0.503753792496281,0.087152466332885,-0.5855985331049824,0.07824179363262765,-0.3954563741465966,0.08128045064495089,-0.3368934486962132,-0.008999557646374952,-0.4619381716314806,-0.01588020173258334,-0.5436755599363273,-0.003175608866195709,-0.3726291666544414,0.008913779358568259,-0.32137603561749234,-0.09932746025332727,-0.41455283019161004,-0.11011136161899701,-0.48490621430039693,-0.08795942082914295,-0.37202198754678756,-0.0758305090069791,-0.3258403036102649,0.0,0.0,-0.15797255607217006,-0.07196050335799437,-0.28644081839537583,-0.19747894552153697,-0.3737960383951809,-0.31066641445156007,-0.45712221344952286,-0.38655833601388034,-0.1769805282627131,-0.4826731572457623,-0.21846458266319657,-0.6851749300620912,-0.23895157713639598,-0.8108416399830395,-0.25435680274098116,-0.9236184216939107,-0.08880134465986295,-0.5161635462662417,-0.10747805606729635,-0.7376649145636557,-0.12247921966839197,-0.8812832936125001,-0.13631647756625825,-1.0,-0.0006171350313380316,-0.49835511887007633,0.006278572194442007,-0.709319043580821,0.004575967921162675,-0.8511381054380989,1.4468861790995312e-05,-0.9711612738934214,0.08605622081859032,-0.442499981723543,0.12713255792418438,-0.5983581040247196,0.1482376012515718,-0.7058675346765311,0.1582573641937402,-0.8056422164224932
7,0.0,0.0,0.15437519598953967,-0.09397015567067799,0.2998733960783646,-0.26313644277389225,0.41619026132411596,-0.38232947668487155,0.5057722023335703,-0.4596763494367562,0.1720832499712667,-0.5115057388575069,0.20789532775126746,-0.7362058837301367,0.2375942168719147,-0.8721564666970317,0.25104326739571226,-1.0,0.0747105030528253,-0.5087505338719587,0.09336959405866135,-0.5823649144314991,0.08467643811980584,-0.38907825676084096,0.07828487336769979,-0.32729596868140365,-0.01815909597208683,-0.4687731019344256,-0.011298131838349957,-0.5469198957938693,0.004929181263896634,-0.37814647460046513,0.009345863184047835,-0.3256730688733847,-0.10876949430796715,-0.42022977423423963,-0.10901443689101349,-0.4909857227384758,-0.08254174843243842,-0.37838166204805346,-0.07468185842779852,-0.3271861790659759,0.0,0.0,-0.15963709101522716,-0.0674915891332271,-0.29078851807855477,-0.18718358499091123,-0.3807747077631666,-0.29555523401919737,-0.4605121077388385,-0.3747213445300669,-0.1878712193930657,-0.4810641995102299,-0.2305850748602576,-0.6805006040747517,-0.25235637435533304,-0.8058092413391162,-0.2690631647100106,-0.9190922976692231,-0.09955279622674834,-0.5140845125263938,-0.12351128709429375,-0.7358041654602564,-0.14020764222701343,-0.8772191784427628,-0.15363387914735827,-1.0,-0.01183073820784875,-0.4960916978775849,-0.009224424711664694,-0.7081520732683411,-0.012587369674590843,-0.8455119901479045,-0.019533333759048855,-0.9631734008372786,0.07376783001739878,-0.43964758230703443,0.1133120257522588,-0.5958634780158687,0.1308347881642155,-0.704322502559355,0.13587095088078724,-0.8060135069152036
7,0.0,0.0,0.15655359808743294,-0.09367353803173976,0.30080146697871446,-0.2598961277617977,0.40936193419540867,-0.3870098977599044,0.5001207785525909,-0.4659353058022625,0.16026075289083758,-0.5156837277886632,0.19930992116438215,-0.7381943995418911,0.22936066246566575,-0.8691870346884409,0.24303023685027422,-1.0,0.06076426664792162,-0.5085427238143736,0.07836216233764318,-0.5908951841597923,0.07695485296809827,-0.3966229941079205,0.07536206065292322,-0.3494346660470785,-0.030173084922123547,-0.4673191838643073,-0.02562928934901299,-0.5550891055956914,-0.007751201726475973,-0.38079147916031136,0.00010114812512425524,-0.3433178427349666,-0.11997330261864536,-0.4229630033069445,-0.11884949418335677,-0.5016594642225846,-0.09095344941489253,-0.3829455496658311,-0.08426479488081379,-0.3351506905841291,0.0,0.0,-0.1647248747833751,-0.06242893073219091,-0.2975068857523656,-0.1805002236559804,-0.38606409748785253,-0.2888659972165505,-0.4672541332239659,-0.3636307487819454,-0.19649820437098942,-0.47946926333439477,-0.23907871067644945,-0.6801108148813867,-0.261706803159576,-0.8054988647036515,-0.2796618327878879,-0.9189399510083899,-0.10738197085429337,-0.5144224625917845,-0.1308076304897538,-0.7375911896402613,-0.14748106959710885,-0.8778865132213851,-0.1605320538646162,-1.0,-0.01815985722571103,-0.4986275763175811,-0.018398087477455177,-0.7146031520446284,-0.02253749566120003,-0.8504103090675129,-0.02999731675847407,-0.966184539266317,0.06941103084845421,-0.4449380089276472,0.10681885252113624,-0.6047309502850333,0.12389233568218068,-0.7124751508673425,0.12904690095057336,-0.8136476155467928
7,0.0,0.0,0.15887191521502964,-0.09788939498759601,0.3005965370147172,-0.26680687597624053,0.41052122123975116,-0.3893424597748364,0.4981261417622864,-0.47231581144843016,0.17226929645823988,-0.5168989263380913,0.20975304830262512,-0.7381717818517898,0.23813453945768318,-0.8689931649650581,0.25179531985558395,-1.0,0.07413043654504084,-0.5088479821209484,0.08778285640548911,-0.5834158690094637,0.08216786878246253,-0.3940996900351852,0.08398565230433302,-0.3563570148793921,-0.016928737143351295,-0.4686625099313051,-0.017094765594175797,-0.5483358983574838,-0.0003069752892914858,-0.37656637624918254,0.014135135335988888,-0.3470146632003935,-0.10572575207679129,-0.4226150342393566,-0.11197977189075835,-0.4972867944719789,-0.08203806932726555,-0.3797712489393096,-0.07177234273406803,-0.33352987633836156,0.0,0.0,-0.16558569517164046,-0.05659842291262883,-0.30151405656602176,-0.17149829659362634,-0.39104671865080465,-0.2780015828105622,-0.47392155321954477,-0.35367624937790576,-0.2027667540740263,-0.4706242078566089,-0.24652433484180297,-0.6734186694428685,-0.26946161275587244,-0.8001096793544361,-0.2878239716008598,-0.914904930680498,-0.11164159136809551,-0.5076549194385156,-0.13685300498568673,-0.7340449773169347,-0.15533103890906894,-0.876566061143969,-0.17049280157318106,-1.0,-0.020564121920927,-0.49362901336879894,-0.023092621671180872,-0.7121055483611914,-0.029431888500125743,-0.8505714182324817,-0.03846150934477487,-0.9686163973663026,0.06846390006399981,-0.44207789989775476,0.10547947092883908,-0.6053697764336858,0.12252534442481702,-0.714172029130134,0.1275637208433319,-0.8155357232349596
7,0.0,0.0,0.16363215842208134,-0.09035507685302024,0.3114998287565129,-0.2649070297572986,0.4272961317865539,-0.3938830769644606,0.512568103110515,-0.4862640947640162,0.18253530986264815,-0.5116750591186316,0.2178952886505517,-0.7338035604234926,0.2450865768322853,-0.8666989139208066,0.2585677383674916,-1.0,0.08442319925744853,-0.502340647888005,0.08615164567472897,-0.5764164654415592,0.07768281863417348,-0.38879796999212074,0.09040575339688957,-0.354654308314812,-0.007184220685220526,-0.4586332896378236,-0.01496511164130678,-0.5356041548681585,0.0003323997000717157,-0.3630605302095447,0.019278542142309663,-0.3273515797712046,-0.09505306466599193,-0.4107059282589861,-0.10926631412444142,-0.48361402374480283,-0.08498616522346594,-0.36876064067320224,-0.07166231713012888,-0.32382727832694713,0.0,0.0,-0.16471918804038718,-0.05761915242686735,-0.29886788529725833,-0.17064231639383254,-0.3915541112851612,-0.27679595171511245,-0.47668216601800034,-0.35334124840351333,-0.20167047026314053,-0.468626952031152,-0.24472087205724855,-0.6725745682236615,-0.26989248497451707,-0.8012625257703984,-0.29053343382064334,-0.9176637473699767,-0.11035322396865781,-0.5036410420684883,-0.13554645989154415,-0.73020703813081,-0.1532787564852907,-0.8747569738847075,-0.16848760536382282,-1.0,-0.01855826676860506,-0.48819104655776785,-0.022023818814678384,-0.7070674149467666,-0.025451566400598685,-0.8463525068295046,-0.032178612327146625,-0.9646575553144408,0.07153591932069968,-0.43711220893608654,0.10639048599208713,-0.6062029672778053,0.12391872442023495,-0.7169174815986075,0.12989454989995422,-0.8185726009597464
7,0.0,0.0,0.16801395528241253,-0.09034691876209089,0.3146002787619058,-0.26105569916718474,0.42249772849039885,-0.3929381088414194,0.5085786877698089,-0.48400457309666667,0.179644844639981,-0.5116935231981533,0.21689123955840994,-0.7362581519017716,0.24519669504855526,-0.8681853472509363,0.2602400545228409,-1.0,0.08157586742911387,-0.5048961815171668,0.094809621218957,-0.573477758045639,0.08582001248710552,-0.38021897716128894,0.08879421098052204,-0.3405760528517237,-0.009872183997400778,-0.46351983674877817,-0.006932442379345574,-0.5351427076526655,0.006210252713499592,-0.3582582966702264,0.019610506752390747,-0.32403840528623,-0.10072116504892877,-0.4194616398299665,-0.1038491387103246,-0.4866652718655729,-0.07836964278218528,-0.36714949259978696,-0.06964461658008654,-0.32298751190290864,0.0,0.0,-0.16831858518234744,-0.05592093961600994,-0.3031302678014979,-0.17245498806195886,-0.39239718747656444,-0.2799280207972757,-0.4748633950436903,-0.353832087193694,-0.20522008073462822,-0.47245709379720585,-0.24743024567280641,-0.6775218673216857,-0.2720476945339177,-0.8056745501207473,-0.2923605772374453,-0.9210386963947227,-0.11467538613458308,-0.5078100981457339,-0.139256040042957,-0.7334791585777495,-0.15722985725701016,-0.8766083476517172,-0.17209280159947216,-1.0,-0.024112367943616538,-0.4943100447634982,-0.026856768996779704,-0.7120246718285503,-0.030645910274251696,-0.8512104468111595,-0.037365052848413294,-0.9686606748031784,0.0644046144417234,-0.44555451582312267,0.10055735487143377,-0.6149020297440645,0.11884577631993581,-0.7239902722420133,0.12537060016779386,-0.8240735041983558
7,0.0,0.0,0.14710723283451374,-0.07441891386815391,0.2960446929669167,-0.2534785083643018,0.40733470999000343,-0.38247093206827215,0.4997980777433569,-0.4622782830113162,0.1597464941062393,-0.5029009152217492,0.19820477916605522,-0.7308906460584352,0.22779064621157724,-0.8673428877738348,0.24244462587269555,-1.0,0.06068657891268626,-0.5015768673394646,0.08152073988855045,-0.5738202636979456,0.07533001879953412,-0.37564710385470174,0.06636607590781463,-0.3250351078079278,-0.031854711103436,-0.46527680374949315,-0.022801765673432572,-0.5397742704652013,-0.008137516488666095,-0.36645209668089895,-0.006154507505625492,-0.3278696765018976,-0.12491506248149346,-0.42149566243247,-0.11828428329580003,-0.4939251713861884,-0.09161234854366894,-0.37158793950746105,-0.09084907070269756,-0.32611538962888015,0.0,0.0,-0.17010726609866306,-0.05496685104584227,-0.30715604985850126,-0.1687548917554506,-0.40037422651576765,-0.2739776823957703,-0.485463171473271,-0.3475737570507239,-0.20812503890886044,-0.4709527670945306,-0.2502629063230874,-0.6740190363866496,-0.27405516134552876,-0.8024359318035386,-0.2940362810327306,-0.9177289134302665,-0.11734936222947431,-0.5060491371180524,-0.14212636513804366,-0.7314449672679336,-0.16020494617006487,-0.8751650712140752,-0.17543466129224206,-1.0,-0.025899331728116162,-0.49189982290639644,-0.03138901821974895,-0.7110273509460842,-0.03690453102796791,-0.8485660376125228,-0.045422273428474616,-0.9659058345395578,0.06367510238659875,-0.441494345750451,0.09962852350868366,-0.6108539240417739,0.11679489353140843,-0.7213603486170127,0.12218685451645284,-0.8231925583860082
7,0.0,0.0,0.15450733441421174,-0.08170473106964629,0.30092640698828754,-0.25009873232279084,0.40567448333444206,-0.3789917409381138,0.49346204179726366,-0.46251149739044284,0.16153560970210237,-0.5080815727825362,0.19870285428501946,-0.7307082539122282,0.2293638449656045,-0.8663684813071995,0.2417225661130876,-1.0,0.06237610353414984,-0.503749995647531,0.08667891588885755,-0.5764419088334595,0.07820708699238528,-0.3758169126132352,0.0667940886323956,-0.3277368828954933,-0.02951587899806347,-0.46426604636194985,-0.015502944743069633,-0.5377351730624137,-0.004166091682605866,-0.36212908488377443,-0.005864287634608121,-0.33136290190011386,-0.12116797176594603,-0.41645119654412127,-0.11346474307696283,-0.48126303335384035,-0.08737705191423419,-0.36554783473372876,-0.08875939606423182,-0.33034451578828344,0.0,0.0,-0.16899154152545207,-0.048060913994638674,-0.30653172085213115,-0.15861071649559794,-0.4004473069381077,-0.2628975266187522,-0.4873240411174099,-0.3306813625861234,-0.21417662714478727,-0.4670821689370807,-0.25765058412108377,-0.6686973869739691,-0.2802346019113921,-0.7972811644083918,-0.2978575550376905,-0.9104929248960693,-0.12243781784665625,-0.505751325681894,-0.14951758322488073,-0.7294046292013862,-0.16780979175446883,-0.8742745042990928,-0.18365689230434087,-1.0,-0.02973129470048379,-0.4950172503352898,-0.03790256713990732,-0.7151382162216385,-0.04388746179880888,-0.8514557587912813,-0.05341528828966923,-0.9670348261111246,0.062125209525111726,-0.4471745106225052,0.0950700226881389,-0.6148156228677105,0.11017470164915258,-0.7253959664574423,0.11421572635979024,-0.8274374685691641
7,0.0,0.0,0.16220080879581913,-0.08563962104034911,0.3109692373341779,-0.2567213474815395,0.42039527180917213,-0.3809193571735003,0.5086939800656682,-0.4601866847596845,0.17568603545993886,-0.5065080525370532,0.21019798704350076,-0.7350143348072682,0.2371838026992575,-0.869024219192147,0.251667317297814,-1.0,0.07762478752803735,-0.5012931129456754,0.09172231267463125,-0.5675266907272903,0.08290451224917379,-0.38078785564995243,0.08099054180997889,-0.33693675013736113,-0.015497515999425185,-0.459726166073081,-0.011920112736659947,-0.530445192350825,0.0005763945284480898,-0.35935416072839554,0.010890397869359294,-0.3213544340900406,-0.10723791232816249,-0.4116596378897499,-0.11289440910475115,-0.4760892394971937,-0.08775453072346993,-0.35943773179008953,-0.08005317647723922,-0.3157683406658454,0.0,0.0,-0.1687240506380675,-0.05238552592443237,-0.307794731445768,-0.1633234421922848,-0.40090509384755674,-0.26940532285484947,-0.4854291906865824,-0.34564082052839074,-0.21304532386064856,-0.4703918676286931,-0.25733620377740224,-0.6722615416033049,-0.28150640190337295,-0.7997545662221176,-0.3018539368221872,-0.9152127817324325,-0.12346105493441195,-0.5089446794050652,-0.14914089169415967,-0.734442171996501,-0.16692191560233305,-0.8771403095213532,-0.18206686856281729,-1.0,-0.03204128100264069,-0.49776072619320944,-0.038560645102616184,-0.7130548413520352,-0.04464792292696308,-0.8517525774972508,-0.05413815433830366,-0.969734299057126,0.058957059977194054,-0.44983455623305996,0.09583651660128581,-0.6154608396746067,0.11204445193310433,-0.7248157190417742,0.11592946841716442,-0.8259567291758267
7,0.0,0.0,-0.15982092664101802,-0.051929102573730616,-0.2973495558766607,-0.16333129009893899,-0.3900089248534025,-0.2687979594289792,-0.4743557843427461,-0.3476220308227952,-0.1989072326808741,-0.46326705593216694,-0.23915614303513086,-0.6707125816490453,-0.25915385596749607,-0.7975594357443615,-0.2749717892364862,-0.9126626916976452,-0.10870698341416603,-0.49721588143663203,-0.12933485795228938,-0.7278542635402094,-0.14186041607230865,-0.8734973196555645,-0.15061878542788523,-1.0,-0.017414008588544493,-0.48177601729095515,-0.016602050857953125,-0.70091990091972,-0.017355961893249342,-0.8424216663675012,-0.020289199215214247,-0.9639106156060837,0.07366654595645258,-0.4314243371418879,0.11581749478675948,-0.594351388384383,0.1387807396053785,-0.704625562971164,0.1505345689994594,-0.8080038736773062,0.0,0.0,0.16317857513020398,-0.08791146543553321,0.3142615656442484,-0.2662889492391685,0.4331992292555865,-0.39813792901784434,0.5229756285607162,-0.4936239516205704,0.1933530260184416,-0.5036544681635434,0.2076560576019077,-0.7337135002901927,0.2230262419611422,-0.8651137569090124,0.23101385101686853,-1.0,0.09166234554377792,-0.49544027764190546,0.08766494326966547,-0.5677920263838807,0.08590005736491572,-0.38077244989832154,0.1071258416621159,-0.34358874729078226,-0.0037301356564669796,-0.4496898053802994,-0.017299303552873933,-0.515367964473251,0.00016075036432921857,-0.34704809513114704,0.025799782818603012,-0.3128079613378533,-0.0908518575163885,-0.4006144032020248,-0.1086202459419336,-0.46018190511227497,-0.08826553724991645,-0.3463897841153226,-0.07111576980976496,-0.30723359798967126
7,0.0,0.0,-0.15723344654992946,-0.05208652920563375,-0.29427518102114836,-0.16467309020224336,-0.3889152502560631,-0.2680659508653115,-0.4712329151269793,-0.34846741119558783,-0.1999217858698691,-0.464043851000555,-0.23891348717574246,-0.6722475331452159,-0.2600846111963652,-0.8010186161846331,-0.2779032449285064,-0.9159245995794706,-0.11027873050442699,-0.49840753587729625,-0.1299206947036234,-0.7318061216925238,-0.14297817861863907,-0.8763569818397174,-0.15379099751752737,-1.0,-0.018689345525149437,-0.4827509661541332,-0.01810503016533251,-0.7044289549431636,-0.01932044498481391,-0.8447364833516628,-0.0236803899100718,-0.9640657853856468,0.07231780647264269,-0.431421173234164,0.11510235167149732,-0.5969559515899792,0.13804932793321728,-0.7071539552277553,0.14900472033520182,-0.8094819570247089,0.0,0.0,0.16315722142085076,-0.08441467411163313,0.31064002555536574,-0.2633590751041251,0.42267548439138625,-0.4028072599913743,0.5107907072232977,-0.502413741065006,0.18736955157840388,-0.5045959057791437,0.19913582110018302,-0.7356295881495418,0.2149446032291993,-0.8664998724529858,0.22371761627270087,-1.0,0.08859009607009646,-0.4928410503745592,0.07979471442108593,-0.5637823166980874,0.07689407316219307,-0.3723828923066552,0.09946851580472207,-0.33431780732510546,-0.004802432356034659,-0.4453975445093117,-0.023037174017792234,-0.5135623459764471,-0.005427834052524856,-0.33925943062706404,0.022416100493258394,-0.3034365685333472,-0.09220170660203263,-0.3955252064308209,-0.11362094865868802,-0.45889623188583434,-0.09133086308345098,-0.34241049302091847,-0.07285883801222766,-0.301850542476986
7,0.0,0.0,0.16257880307127573,-0.09275092882664303,0.3039432846738715,-0.2661855506239127,0.40702591976618824,-0.39725377720060867,0.4904667372085311,-0.48982362176023725,0.16912205337575276,-0.5124240367727555,0.19595847544689574,-0.73696070529659,0.21945415909201552,-0.8708214243659034,0.22918885316487614,-1.0,0.06992257732177534,-0.5038777914210496,0.0882958064761759,-0.5686320606532432,0.08416498807265507,-0.37954812984307834,0.08282216834262542,-0.3422858809612279,-0.021638155187386016,-0.4591118632247896,-0.01523521190229605,-0.5238308476549546,0.0009668368631311683,-0.35388725756782025,0.009939662156342463,-0.32632383542469295,-0.11239066600479923,-0.40866125383378943,-0.1131787903387882,-0.4718854608723585,-0.08663284374283538,-0.35602315315476507,-0.0824996952108787,-0.3173661559663147,0.0,0.0,-0.16542960355026418,-0.05364358599247286,-0.30356867436857965,-0.16639106680864868,-0.39673015004121365,-0.27164565055908996,-0.4770209300776826,-0.3512902259204853,-0.21023493778583036,-0.4716674169770669,-0.2507272630871342,-0.6804661935324173,-0.27372907235463545,-0.8102222520217842,-0.29341342610885607,-0.9257140663477527,-0.12075746229511114,-0.5066148114063572,-0.14426926642872437,-0.7337467042090867,-0.16225574907588886,-0.8764108670086191,-0.17741048560606992,-1.0,-0.02880754496752648,-0.4929141862365192,-0.03180657422752031,-0.7135393832259959,-0.03747413918002751,-0.8518030490633615,-0.046397767184854735,-0.9690768285921736,0.062203233632932065,-0.44273090258909503,0.0994394958819159,-0.6089377920148621,0.11636571413573481,-0.7188752478796032,0.12141060567584615,-0.8207308463252426
7,0.0,0.0,0.16625342130250706,-0.0903491425004227,0.3067314051271868,-0.2629654087599206,0.41429452867221145,-0.3979880863481064,0.49769492740576743,-0.4967960925465451,0.17414161794787772,-0.5156472054238596,0.2003527320372854,-0.7375260370368639,0.22320907174447785,-0.8690986813166621,0.23199852098831378,-1.0,0.0752464925453846,-0.5029141011095328,0.08534184334564822,-0.5660744763620051,0.0799821184005591,-0.373980258030803,0.08701822314540461,-0.34441356364609904,-0.015040352873877987,-0.4544647020547399,-0.016499136141768494,-0.5161512234647073,-0.0009531534008806696,-0.34324579559175217,0.014799304271355448,-0.32027114784427113,-0.10250074023116489,-0.4030376153483245,-0.11201099813463358,-0.4615478721235149,-0.08496866529349824,-0.3475345426435206,-0.07433927619012005,-0.3110487620933302,0.0,0.0,-0.16624189890350374,-0.05135622068114945,-0.30647583658025696,-0.16168692051330574,-0.4013798909458143,-0.26571301734856484,-0.48406988240329535,-0.3455267621377167,-0.2118272029411262,-0.46736687023683826,-0.2552367881307919,-0.6768111289743495,-0.27878251124116493,-0.807950364368794,-0.2984740785546223,-0.924652064795802,-0.12110745003157018,-0.5048708275631536,-0.14673220647545338,-0.7349214813399905,-0.16459323401844453,-0.8780402140994599,-0.1795915744469618,-1.0,-0.028236739198488875,-0.4922424613302158,-0.0331578255427801,-0.7139439672071033,-0.037633657406670476,-0.8527184105137243,-0.04499118923772315,-0.9700619789520352,0.06322186200972632,-0.4427757350015122,0.10055794616385483,-0.6098055618931731,0.11856238072751134,-0.719465874434994,0.12488069066471881,-0.821463270411108
7,0.0,0.0,-0.16178629736829025,-0.049033830806095954,-0.29974991629282927,-0.1563341338997928,-0.3969877435223213,-0.25888825406778615,-0.48196704477364105,-0.3398647685394314,-0.21367777900979196,-0.4651453172870465,-0.25694824138471595,-0.6714935298317063,-0.2809989638335863,-0.801542861075592,-0.3003381878940587,-0.9178697467264079,-0.12364532302228495,-0.5018111063711944,-0.149499231751154,-0.7323542416458059,-0.16713249547872036,-0.8756198836893642,-0.182193504760521,-1.0,-0.030765321143311593,-0.48758457428417395,-0.033968451818807976,-0.7111597362227282,-0.03671604069725205,-0.8507680030500544,-0.04309089479005477,-0.9712369598429528,0.060210854676158394,-0.43725853963350186,0.10005150790343169,-0.6056465061200457,0.12101557963870183,-0.7162560418006026,0.13025245427239762,-0.8201023658131722,0.0,0.0,0.16863892009095782,-0.0841558687102575,0.32252925526390025,-0.2510637388270919,0.4384694113180667,-0.37806796789078795,0.5219371201120926,-0.47952921823287337,0.20508557930525578,-0.493553289604608,0.2213773494756497,-0.7268057066317752,0.23860889485265716,-0.8633847141340204,0.24697211142184392,-1.0,0.10285668781850822,-0.4877543211143991,0.10770413955699451,-0.5663434931819256,0.10087342042348442,-0.37790253253085393,0.11379431341917105,-0.3299479548486409,0.0030453879963474764,-0.44185812660938195,0.003249886573663594,-0.5092908738991172,0.014773949666103575,-0.3400249101395468,0.03328976417257181,-0.300056540055679,-0.08649868329108885,-0.3890193672270595,-0.09588958612257752,-0.45247142965956444,-0.07777362391349311,-0.33793416244698615,-0.06351103359015203,-0.2975786224397787
7,0.0,0.0,-0.16352208317118672,-0.042341996194442344,-0.30012246717634655,-0.1473738544966205,-0.39558581592746744,-0.2530868312401762,-0.4834910221991776,-0.33761012566881626,-0.21471848222282236,-0.45654728523792126,-0.2570838850196513,-0.6648125261185516,-0.28106141687145164,-0.7975916111832092,-0.2997385167687774,-0.9148157085951919,-0.12066609988924981,-0.48985269034255907,-0.14432100389411948,-0.7201373844367448,-0.1606015962207782,-0.8691580508240835,-0.17414868065468952,-1.0,-0.024745706428370116,-0.47301882616299673,-0.02926769775259659,-0.7000888082083533,-0.03182900970497962,-0.842561511798228,-0.037773465426874146,-0.9677561732860583,0.06863486535249316,-0.42073176156857633,0.10974685143555704,-0.5894232818493023,0.13133239278030878,-0.7021515321537593,0.14080618087609406,-0.8094606749232202,0.0,0.0,0.1634057348642377,-0.0762519965042341,0.31779585932555826,-0.25410089503661515,0.43165446162191484,-0.3840097338998885,0.5158766537082241,-0.48741961245215926,0.19424547207907664,-0.4882870747069282,0.2114742488623693,-0.7269071512521472,0.23014585781876262,-0.8646782237892897,0.24081434770816382,-1.0,0.09420313112135732,-0.47825422656179367,0.09893710634963686,-0.5556159780610553,0.0929562577223277,-0.37039041075249374,0.10097361600819697,-0.3121187053611789,-0.003659705270771178,-0.4289300244100895,-0.007082617605400356,-0.500189102853871,0.006204683120875147,-0.3289185727631619,0.023803604255190913,-0.27719856553054273,-0.09328865684235904,-0.37259726365910256,-0.10620592622728506,-0.4423593406262243,-0.08810026971642106,-0.32436835126420155,-0.07452475665250279,-0.27501928698429917
7,0.0,0.0,-0.15535045507259299,-0.04945619833424256,-0.29285037547115206,-0.1622689170170899,-0.3899151696289016,-0.2662117002089449,-0.47349823921612744,-0.3443385686316548,-0.20256083142112982,-0.4623553111142716,-0.24565330140784877,-0.668245110171932,-0.2676932068484127,-0.7964659082948947,-0.28525250638403554,-0.9118249532474204,-0.11416007036059807,-0.49932448448337957,-0.13893784082683608,-0.7296467606458967,-0.15600566337718136,-0.8745046136995142,-0.1700912267891043,-1.0,-0.023091069001359238,-0.4851524562174386,-0.024807771364849844,-0.7043425593172248,-0.02931965179145696,-0.8463670963729338,-0.036800772098598236,-0.9690310771100927,0.06740310381938328,-0.4352052054389365,0.10848480603074667,-0.5989509591442951,0.13033112076706072,-0.7099833650677745,0.14011608366571357,-0.8142130672310232,0.0,0.0,0.16087447918891226,-0.08151601925806118,0.3091638344838074,-0.2579730973527754,0.42464688261190703,-0.3851321234229384,0.5086522971228526,-0.48620847024889885,0.18681032768523867,-0.4968214311249582,0.207030650468818,-0.7266124120404029,0.22808877682711975,-0.8641386119808571,0.2371013060192158,-1.0,0.08801795387245955,-0.49032943124949446,0.0923744542347255,-0.5576304818442255,0.08638411956231451,-0.36963283551686377,0.09428591365100404,-0.3260939594753394,-0.005816124722746468,-0.445502950461011,-0.009182984279801049,-0.5040836470598726,0.0055320850607654005,-0.33247284413427197,0.021800102726765108,-0.2957432538037925,-0.09354217719099715,-0.393992189574219,-0.10304100011999913,-0.448896250504364,-0.08007149257170965,-0.33004908073938866,-0.06835119943589457,-0.28705419032425267
7,0.0,0.0,0.1658575247902858,-0.07851063331754826,0.3220578093799347,-0.255735538856734,0.4387231965444603,-0.38652335587930686,0.5194135122301035,-0.4887348430149086,0.1947955254637022,-0.5002208982694311,0.2213386746136572,-0.7328032866126809,0.24466271641523768,-0.8654275302263966,0.25648081475204315,-1.0,0.09596388824822843,-0.4906392005299594,0.1050744891226222,-0.5597354262387204,0.09928276402581244,-0.37513453187490825,0.10621343699865136,-0.3355396424410806,0.0014249125123360102,-0.4445610819317329,0.0045566917934696935,-0.5035053175181412,0.018410917268810195,-0.33333016867985005,0.033845477936608824,-0.3014686010993024,-0.08822242286852813,-0.3908463816634303,-0.09151007497446043,-0.44958600603324816,-0.06951350982387558,-0.3345486693968896,-0.061532567476277784,-0.29757591362591207,0.0,0.0,-0.1611489894711436,-0.05040085866863559,-0.29921174766175684,-0.15716596547609918,-0.3946463401657057,-0.25893638991783674,-0.47814062928212236,-0.33698642026610165,-0.20554811463261954,-0.46215398965246035,-0.24943182459951288,-0.6719095449305913,-0.27234907460085045,-0.8018094818561368,-0.2908359535091928,-0.9184290061641754,-0.11666321867574558,-0.4995303598573007,-0.14228416914416703,-0.7312611353758518,-0.16037794736344618,-0.8752537691593858,-0.1754875786127068,-1.0,-0.0252416714671023,-0.4863355525316279,-0.028567645123262705,-0.7065809513958121,-0.03400714804186812,-0.8483962978089207,-0.04235232641297776,-0.9698201218805342,0.06565405712607579,-0.43728089652519797,0.10653742051043344,-0.6030744189392196,0.12590680675021507,-0.7140558092999449,0.13283905194517218,-0.8177235204700681
7,0.0,0.0,0.15926045205447203,-0.07522874563773609,0.3144845590898257,-0.2539487371024541,0.4271765979814787,-0.3855980115202528,0.508953445854582,-0.4910158784939825,0.18913489035119183,-0.49271437425356907,0.20994312797636056,-0.724434440465417,0.23275550816198234,-0.8625481130154411,0.2452448578849384,-1.0,0.08913718111689334,-0.48770195695595764,0.09286304415494485,-0.5620270787529579,0.08895907210196935,-0.3785413434460995,0.09667467219261709,-0.3283692942594759,-0.0052836629803305665,-0.44274730500134396,-0.00991465589885247,-0.5046189049680209,0.005784302294197886,-0.3361748604079513,0.023481061827766284,-0.29585992054927013,-0.09258894492325499,-0.3892003000348212,-0.10278114809213698,-0.45027258922869284,-0.08134905332323916,-0.3306075863660284,-0.06917280133457315,-0.28532097154781805,0.0,0.0,-0.1627829961861215,-0.047079041273638274,-0.30060067964050324,-0.15415486318210667,-0.3980050774573694,-0.2555260520315615,-0.4837764061544068,-0.3383056267267654,-0.209422780128344,-0.4623975072329527,-0.2517278455899897,-0.6705020759632501,-0.2758503818345782,-0.8041394181385595,-0.2947902967337797,-0.9212794911352481,-0.11597535999254771,-0.4959604876386191,-0.1402824458328628,-0.7265776903266572,-0.157290009290461,-0.8731036979784349,-0.17147132751064711,-1.0,-0.020772375210419494,-0.4791219481758371,-0.024103641881216557,-0.7072245893881346,-0.027406200837122825,-0.8492557891084395,-0.03422135376502413,-0.9720464484968215,0.07258833590897194,-0.4268911902906993,0.1159825369212704,-0.5972988676710559,0.13736539047691862,-0.709929119773127,0.14528989153024277,-0.8158299026881699
7,0.0,0.0,0.16366181104732083,-0.077699076268149,0.3178421628849303,-0.2565451249318988,0.430261468883672,-0.39049586839991285,0.5149368121702458,-0.49367709199398785,0.18911279147542567,-0.49790310944806176,0.20811382823311494,-0.72738253364268,0.2292058735546733,-0.8653440290793268,0.24099498182389298,-1.0,0.08783053335423349,-0.4970889506319394,0.09317099657378014,-0.5544073201876247,0.09384177238203406,-0.37320771240164474,0.10206005555652316,-0.3216666773611904,-0.009594362824857618,-0.44959395948853287,-0.009619036618966036,-0.49599841476602063,0.009262527030408809,-0.33147034729396463,0.023599070859775542,-0.28819724857403806,-0.09795484802623397,-0.39229346506542145,-0.10517403351297078,-0.4397847895149667,-0.0826189773407486,-0.3265430746389147,-0.07065405873982454,-0.28416251031639594,0.0,0.0,-0.1609485065615245,-0.0460046562290113,-0.29861739926293773,-0.15444426271154,-0.39560184717964064,-0.25983400439174964,-0.48156223791311853,-0.34514809105050515,-0.21016255041638102,-0.4625985098675167,-0.25281346896021323,-0.6722702422422283,-0.2766202319762525,-0.8050283097331891,-0.29536833973071824,-0.9216131849928835,-0.1176897030523008,-0.4935533152141761,-0.14014372366081215,-0.7229927233371729,-0.15659280964096925,-0.8706335325048633,-0.17130064693047325,-1.0,-0.02303879842843571,-0.4758664657551408,-0.02634492982596561,-0.7024725341648194,-0.029495018391756594,-0.8454684590944366,-0.03663777113486012,-0.9716888052144197,0.06963115567047262,-0.4231741005091228,0.11345566664462672,-0.5920681243192266,0.1353996596568032,-0.7049804250461968,0.1446088315231576,-0.8129104911312409
7,0.0,0.0,0.16894183335159746,-0.07009492723129594,0.32676355646610317,-0.24619901660247295,0.43784120451184405,-0.378552569671296,0.5204634688744973,-0.4784292525175919,0.2062962925142022,-0.4905381404516996,0.22286988325640808,-0.7293170948728199,0.2409350613484169,-0.8650641939629006,0.25401512330724685,-1.0,0.10465474626249652,-0.49140704552309655,0.10428476431883467,-0.5583531253986546,0.10029993304508018,-0.3783888783808767,0.1165986473978343,-0.328292027700712,0.006495983695493963,-0.44618603103641735,-0.0014684968186125227,-0.49920402442810546,0.012223502319950631,-0.3332082532721874,0.03625091466699872,-0.2880120820632906,-0.08153441838000186,-0.39105041493608345,-0.09995540403018931,-0.4447995322757616,-0.08108144769552689,-0.3271435976510757,-0.06270389967827193,-0.28076104561850695,0.0,0.0,-0.1679950358128359,-0.03833313372943747,-0.30803248990075033,-0.14331286007423594,-0.4053499318412426,-0.24903273297445458,-0.4957719580348872,-0.3305692427074583,-0.22255071232147078,-0.45746791242693957,-0.26523871361749274,-0.668053386027834,-0.28863488819549055,-0.8025543545996496,-0.3073097405471782,-0.9199512293802274,-0.12810895825764101,-0.49023380238741104,-0.1518811907507846,-0.7212345444128643,-0.168716532567875,-0.8704208390085906,-0.18351556670306393,-1.0,-0.03087683219501122,-0.4730573362364856,-0.035283613011910055,-0.701892613753518,-0.038112537210005175,-0.8445189106540255,-0.045189162211301266,-0.9684659015191723,0.0644165496936805,-0.4199552307366525,0.10834128327467113,-0.5895943717129292,0.12993274172176766,-0.7024962270688352,0.13861839912757903,-0.8102582531107763
7,0.0,0.0,0.16494362261076184,-0.06554946532204216,0.3242854354277522,-0.24185766375396484,0.43389553344884463,-0.37655765708533023,0.5112888386255466,-0.48245447755714516,0.20584186496712348,-0.4961801104955924,0.22719121263595768,-0.7302786494063701,0.24377276082961577,-0.8662322833538108,0.2540488054720104,-1.0,0.10551010235452954,-0.493727839621767,0.11462230961537964,-0.551197521430727,0.10572928180215814,-0.36492853002527265,0.11419366764951318,-0.311895880280534,0.007359868752494371,-0.44943415734200604,0.01193254601651737,-0.4991528639904937,0.022375267342897038,-0.33002782724835444,0.04020316845558732,-0.2906737930417852,-0.0827399280304654,-0.3945306852402115,-0.0873807413437244,-0.4510109642226578,-0.06677101656242779,-0.3284389525682981,-0.05491322821235221,-0.2837766538703588,0.0,0.0,-0.16207594971522205,-0.04770981634454315,-0.30008992607244533,-0.15345592952980425,-0.40099718424639963,-0.2539659931077184,-0.4910296481013657,-0.33693884411885294,-0.21519247617320955,-0.4639434084550773,-0.25840504801907516,-0.6758772677383249,-0.28323332902701437,-0.8106541226128428,-0.3038655907383021,-0.9287896240149295,-0.1230294338710442,-0.49613773851669385,-0.14904206115624302,-0.7273775856459894,-0.16705231743288385,-0.8732645263175798,-0.18250715337479703,-1.0,-0.027461287459094492,-0.4793632148444243,-0.034831389518853895,-0.7082599902076478,-0.04001721080082696,-0.8504867045116109,-0.04858989766521518,-0.9741429068231996,0.06607094714771507,-0.42811975619720916,0.10412693725548522,-0.6024121899947926,0.12199171956382417,-0.7164109473141778,0.12690845019199307,-0.8234462059339628
7,0.0,0.0,0.17176593020615571,-0.08504726532658109,0.3316644540247335,-0.2697951335778607,0.44203197808119576,-0.41037415362566204,0.523534214585864,-0.5144824252348941,0.20811475187384812,-0.5155533433999853,0.21844764777234138,-0.7455438431397767,0.2319999038593086,-0.8706317963530047,0.24284032392091026,-1.0,0.10742321538244695,-0.5127891393490082,0.11332958055678671,-0.5688935997120236,0.11235862324301493,-0.38729147398403446,0.11947757084625854,-0.3279896989387675,0.007988272745729599,-0.463897618440676,0.012525428934321025,-0.5139116296730604,0.024698050182416616,-0.34783861320554477,0.03668642830089076,-0.2943643329495399,-0.08544778521851196,-0.4067598048184791,-0.08921466186928861,-0.46240361756410847,-0.06761889989103789,-0.34363548225022383,-0.056237051747010866,-0.2920884726753909,0.0,0.0,-0.16315147781522096,-0.04773929900993596,-0.30108229767115874,-0.16063777847224806,-0.3997593993407872,-0.2673469644757223,-0.49040600890810115,-0.3481152248744779,-0.21372002750797092,-0.47265031136087593,-0.25760409973564613,-0.6812556569453212,-0.2820863965093653,-0.8119469618992022,-0.30398479100441295,-0.92671327369606,-0.12112192107655695,-0.5041850358317231,-0.14551259216306536,-0.7334474143100795,-0.16548511024683496,-0.876812665130694,-0.18608308582576674,-1.0,-0.026304243890499054,-0.48654658442453064,-0.032868724997441576,-0.7108781113470669,-0.040939746629643906,-0.849339506173733,-0.05394277780423455,-0.9693727027536776,0.06729899488213362,-0.43455009254483906,0.10870598909205602,-0.6024053118001871,0.12719179717054668,-0.7145383621409029,0.1328430611201233,-0.8204752434775321
8,0.0,0.0,-0.16754894281185934,-0.05831097107424416,-0.29940033307515257,-0.1701665887735974,-0.3892987356455507,-0.2770562124659629,-0.4697129073569821,-0.3642761173998489,-0.19985240543305988,-0.4699810350489556,-0.2424225402794935,-0.6807267679349707,-0.264723655137761,-0.8100494492996572,-0.280497111373924,-0.9225510309312281,-0.10588162155085466,-0.49966699798648245,-0.12591981475345929,-0.7312583789903742,-0.13993500865600444,-0.8765906093871022,-0.14954957327031673,-1.0,-0.010386327681880317,-0.4783359992510563,-0.007079565758938138,-0.7013870817453021,-0.007600900780320334,-0.845720891213735,-0.009786880174129408,-0.9689128394839602,0.083452367108207,-0.42208038125914693,0.12910136265330854,-0.5846125715756854,0.15119944355824316,-0.6961806066005051,0.16140072948870696,-0.8012909039179849,0.0,0.0,0.1603702861341059,-0.09220344907445528,0.2985657465445534,-0.25681004453658673,0.39690623608648934,-0.38187790129847315,0.47454030613766357,-0.4896229411713216,0.16330205431478506,-0.5040482613461921,0.20172882486998725,-0.7088131524096625,0.22115013854722512,-0.8351342172997912,0.2324904332907388,-0.9585996233699355,0.0704828315530716,-0.49907652492077137,0.042313095513093556,-0.7280714911693112,0.04382949663523929,-0.8663160591789595,0.037436013614228804,-1.0,-0.018190767741678004,-0.4368079407729714,-0.04796547661595528,-0.5392555911078749,-0.021620621987059628,-0.3933046906955639,0.002590685490158377,-0.3012509381999409,-0.09865000836016077,-0.3550409692386141,-0.12757048980453545,-0.41615025797809324,-0.10033016329686167,-0.32122586216846993,-0.06834909894973533,-0.25576647096324034
8,0.0,0.0,0.16294447619877475,-0.0912079385774435,0.3033984118623187,-0.2534077224425508,0.4063828284086643,-0.3715429222371248,0.4822729557035952,-0.46883382459452366,0.18067648973328443,-0.5037408347410915,0.22423621462085444,-0.702583395179161,0.24584808599971478,-0.8146145215621404,0.2604487861461032,-0.9333320082031721,0.08651728597626307,-0.5015922748609634,0.06775020710936953,-0.7330435150402659,0.0727128966058717,-0.8660033773869774,0.06897733927268998,-1.0,-0.0018722086075370476,-0.44691786666062655,-0.016353955209213785,-0.5542507902822041,0.007013251378655405,-0.399475741527815,0.026138346516452377,-0.30248961910751404,-0.08321389827330147,-0.3763801095805601,-0.09914523711624866,-0.4331342017096182,-0.07625376766477474,-0.3328958092527522,-0.05035409866225799,-0.26749539690614466,0.0,0.0,-0.16442730036909525,-0.06436614174844332,-0.2945139516298096,-0.1847713970419781,-0.38402566624966916,-0.29245237555558495,-0.46758889549172944,-0.3665085785493017,-0.19646313752693267,-0.4795340573553237,-0.23687601826519003,-0.6842083819995114,-0.2597991753391658,-0.8110454019526064,-0.27772748369293476,-0.9244184040169189,-0.1084464114118976,-0.514290487789787,-0.13230040178006094,-0.7380700783842814,-0.15048578005061433,-0.8785013994424121,-0.16518482810140564,-1.0,-0.018351690800986382,-0.5006400904107752,-0.020261396474934468,-0.7229654345097285,-0.025503889721718395,-0.8622038356169381,-0.032873632729333045,-0.9790646881252397,0.07103141284926962,-0.4496458409629587,0.1056201625514957,-0.6158305205384573,0.12216582697081489,-0.726971681415122,0.12819716456898528,-0.8283771743197035
8,0.0,0.0,0.16607450886347497,-0.08860267157295547,0.3085507915786,-0.2511789050144235,0.41071258652770315,-0.3666652529728054,0.48316344588649784,-0.46901735681915796,0.1891827744230394,-0.5021292542867696,0.23150475887908986,-0.7001381050384821,0.2522829742165373,-0.8126975669300507,0.26630144528349314,-0.9320182381930217,0.09556984328817995,-0.49976812850322977,0.07544367496659185,-0.7327663649843966,0.08152615706344427,-0.8649559428734022,0.08024403954538689,-1.0,0.0065685100463511665,-0.4440063878399709,-0.006101528408692212,-0.5459909826894472,0.016795685509149554,-0.4017087703253835,0.03574437536193776,-0.31611294848473864,-0.07470403033838434,-0.3708778036440915,-0.09141184834817584,-0.4211065521626046,-0.06954217138750454,-0.3329687031312291,-0.04472829703610086,-0.28093911426167784,0.0,0.0,-0.16978124915582907,-0.056100394464765925,-0.30491624727056127,-0.17598466179702835,-0.3942492635045975,-0.2852738980490448,-0.4775271763455224,-0.3601476706103054,-0.2069187928928695,-0.4720454849330289,-0.2488029892485632,-0.674291023151452,-0.27267593543977364,-0.8014580312446725,-0.29242951659735605,-0.9160270767286218,-0.11711164107285396,-0.5077937644890002,-0.140590811076794,-0.7328427576167582,-0.15798536717397257,-0.8756782594305575,-0.1725381364746241,-1.0,-0.026850481350528227,-0.4932214728485492,-0.029314230900398308,-0.7149757306292421,-0.03210864953911766,-0.8533017989533453,-0.038133183066806735,-0.9712925506610393,0.061590863363370746,-0.4410029972845031,0.09881481993781756,-0.6065639403164238,0.1169268598566137,-0.7168703056055826,0.12363755066066096,-0.8186965599594238
8,0.0,0.0,-0.16534956753788976,-0.05606826754174975,-0.3013361878002649,-0.17191182646899714,-0.3901712449712201,-0.2799737751611831,-0.47017385478053114,-0.35900087512148865,-0.20189669187946022,-0.47079692514917104,-0.24306657779104127,-0.6735868861979111,-0.26532398794994005,-0.8000410771310994,-0.28225375757809695,-0.9138369727594672,-0.11196946119824239,-0.5050234508362048,-0.13600894479014655,-0.7316168315993177,-0.15173664661972083,-0.8749957511382629,-0.16293880659699878,-1.0,-0.021043099877344724,-0.4903437055489846,-0.02376770046993851,-0.707618540361882,-0.025510741986646764,-0.8466996282317995,-0.029375333787697487,-0.9667278118678918,0.06934257578385018,-0.43889416675932547,0.10903212946036864,-0.60165408907573,0.12803836822969086,-0.7095647350813102,0.13619258203471796,-0.8108789152180689,0.0,0.0,0.16541085751072737,-0.088804703517125,0.3089414597560201,-0.24797404699876632,0.40890093140902317,-0.3642635821040787,0.4790015984736675,-0.47161488931972184,0.18984815057376772,-0.5032544894152662,0.22955545492605156,-0.7018581002643816,0.24794462587060723,-0.8148872394400625,0.25847159468086806,-0.9335934676179993,0.09644647007756108,-0.49772599196936934,0.07710311845384542,-0.7339721531993805,0.08491026741650919,-0.8651315425326613,0.08344493178347387,-1.0,0.007939321152045195,-0.43885178846654627,-0.001983697277394061,-0.5413536616488537,0.020087943912631138,-0.3910066446429215,0.03687648661208651,-0.30464136870654396,-0.07391894999262615,-0.3671159456199481,-0.0870594585397982,-0.4260702399716487,-0.0664129218189241,-0.3333938348620309,-0.04442686936536175,-0.2789130379060775
8,0.0,0.0,-0.16738301494589525,-0.04981241940996042,-0.304208305282862,-0.163847248174963,-0.3940051926382565,-0.27292986148708165,-0.47356852660914733,-0.3552552429265785,-0.20182704854027933,-0.46282529335769873,-0.24075796755816248,-0.665490320407667,-0.26164646643699035,-0.7931330661267062,-0.2763858534728051,-0.9068785224995788,-0.10847489696214598,-0.4956632586860118,-0.12901683550041101,-0.723615450934182,-0.14252060585448062,-0.8706308373070833,-0.152047994487988,-1.0,-0.015317170678084302,-0.47754065184375183,-0.013342435805669722,-0.7022570222750149,-0.012589861627133752,-0.8404639542232785,-0.01487435883247611,-0.961615146938701,0.07670681997522176,-0.4226888276717722,0.12153187359664688,-0.5846196960237419,0.14296932185803027,-0.6947263374737042,0.1535828009407658,-0.8008949055767244,0.0,0.0,0.1691285718645557,-0.09200979727643664,0.3102893404581951,-0.25279443108158267,0.40913480339796005,-0.36976045502969207,0.47765583624268343,-0.47998833184405837,0.18397708101632193,-0.49988040849901666,0.22448062866093715,-0.6991013958492878,0.24568466311748427,-0.8126312756261165,0.25927707115091025,-0.9330433801313448,0.09417969102098493,-0.4927052023367541,0.069271229975521,-0.7239216359833438,0.07512532266638655,-0.8615439866057519,0.0709247865273964,-1.0,0.0077533618696871386,-0.43276665178574597,-0.009645178759129942,-0.5305027882208404,0.014640696739374987,-0.3832150311967028,0.03386810015593028,-0.29459425123299904,-0.07192090920769388,-0.35846150679613303,-0.09117027913437045,-0.4177818721996248,-0.06784723942360445,-0.32424939476764114,-0.041672776361054195,-0.2623749523585786
8,0.0,0.0,-0.16755216592895975,-0.05629177192707481,-0.30375501605342425,-0.17298835981298497,-0.3928584677278604,-0.28226115440923333,-0.47347300827687316,-0.36291730860971394,-0.20029403330050327,-0.4716411862902183,-0.2389153346990094,-0.6739445840311719,-0.2595150503846867,-0.8000253925406161,-0.27431472651001776,-0.9118176610253248,-0.10754938712262818,-0.501925384258952,-0.12931223174423484,-0.7296986637774382,-0.1434794898768633,-0.8742517584847703,-0.15399241235295769,-1.0,-0.014771340513969661,-0.48171305881555776,-0.014301681177830601,-0.706093730643321,-0.013715530994983776,-0.8430682812945952,-0.015738036588529278,-0.962413427520723,0.0769461055303037,-0.4240750031312904,0.12019761008966784,-0.5845280717616469,0.14056995644939732,-0.6943536161099586,0.1509528362646546,-0.7998047306782272,0.0,0.0,0.1715284501097612,-0.09292020691507641,0.31006499226343714,-0.2551828979950555,0.4081818271297944,-0.3740907381067553,0.47792765104770624,-0.48387974755139607,0.18245100474036546,-0.4976720413442148,0.22217601190490624,-0.6996742897761111,0.24123476028352325,-0.8126853098312621,0.25193192965868827,-0.9323336403613068,0.092821351230254,-0.4907555669801471,0.06676232226125889,-0.7253228465473047,0.07232370343922208,-0.8621463894351945,0.06715175374692288,-1.0,0.0076333563901498655,-0.43114815671236517,-0.007880709575549637,-0.5303824317043447,0.01725973182863474,-0.3848016731003696,0.037634416271446015,-0.2994621138084274,-0.07090206454320472,-0.36048231874068415,-0.08926183333216836,-0.4146650767971728,-0.06753954477028463,-0.32210177741950713,-0.042483480187994124,-0.2653268036276755
8,0.0,0.0,-0.16449203127242604,-0.058584569857977,-0.29833665151234595,-0.18418563701800103,-0.38566977318001094,-0.29728084243411335,-0.46754075128573347,-0.3675648720455367,-0.19813803135099856,-0.47572041964560663,-0.23322414702669034,-0.6773383144401641,-0.2523138425283005,-0.8016887811658149,-0.2664384974456451,-0.9115796259934662,-0.10596421614339781,-0.5055311975254938,-0.1263328894438557,-0.7344573859327985,-0.14021897485986537,-0.8765918328946845,-0.151468959976009,-1.0,-0.013988757287474752,-0.4849643104731797,-0.011144603848070443,-0.7076902586425652,-0.011281927476154993,-0.8440864174882139,-0.015194866577546531,-0.9612407268227341,0.07728867544230722,-0.4277265959290746,0.11883413523154611,-0.5855101611998292,0.13785324382152406,-0.6950066462211796,0.14728779061041494,-0.7989227724285812,0.0,0.0,0.16771853593005276,-0.09540081391069398,0.30661215353136373,-0.2606913242935834,0.402919037543789,-0.3816043158167353,0.4728724201802599,-0.48779558028621667,0.17915167908837157,-0.5004142251112804,0.21998662666276927,-0.7085572698400198,0.23948799655897823,-0.8223508903189458,0.25215132014375957,-0.9442153122439491,0.0863573785835773,-0.4908734167437817,0.06619567176408403,-0.7282930139079679,0.07182511976179405,-0.8632109034348122,0.0684223399856725,-1.0,-0.0009505216813147369,-0.42951085088047447,-0.00459729292152138,-0.5206556721578629,0.024669642221579385,-0.37529643221171977,0.04457410540249505,-0.29232085710521016,-0.08068862842265803,-0.3563323433327931,-0.08624000218092928,-0.40570509898238444,-0.06251967001328247,-0.3126247029619746,-0.041403882357039325,-0.2599045237622848
8,0.0,0.0,-0.1627216618730109,-0.05667455208855154,-0.2982759858195597,-0.1755491738805821,-0.3873611757541406,-0.2861688910857242,-0.47077448556686613,-0.363390874467882,-0.1989855257987967,-0.47061865167425243,-0.2402844671494607,-0.6710442720685136,-0.2616631605274082,-0.7952024471692766,-0.2780963106732897,-0.9074359257058587,-0.11000318919314893,-0.5064376564536024,-0.13303463937329024,-0.733938934720694,-0.1485823629479392,-0.8765566185377216,-0.16104922234743854,-1.0,-0.020272465127911803,-0.4918270081002546,-0.022028519230242728,-0.7081552330515842,-0.024678879327886795,-0.8463246953802577,-0.030836019975744373,-0.9643502222445852,0.06871075942014401,-0.43975244165663413,0.11040143136316179,-0.5988023136819346,0.12943936056307387,-0.7067989010232796,0.13600317883382085,-0.8079643994290531,0.0,0.0,0.16173331976873914,-0.09625178983736268,0.29873223692390927,-0.2663979452427064,0.3953468332014811,-0.3876291830165706,0.4657827692180956,-0.48722411883947153,0.17859375418570703,-0.5088438521651245,0.21627328569311594,-0.712210101317918,0.23483866262392208,-0.8255177424427326,0.24869955647183667,-0.94368339741675,0.08533314318125967,-0.5029887787049498,0.07317943712818341,-0.7375433745706287,0.08567790994998598,-0.8685067441273127,0.08895842033797208,-1.0,-0.004233980578164503,-0.44302165890960793,-0.0014670975748023107,-0.5317325563731992,0.028617345120903737,-0.38570350615338617,0.045838805237977336,-0.2983828247462174,-0.08635381695447297,-0.36710220472657973,-0.08623520417888603,-0.4104892405360244,-0.06025079943617123,-0.3199390708160079,-0.040908245585429145,-0.26816707182375193
8,0.0,0.0,-0.16351437200367483,-0.05943943407123938,-0.2985123070134098,-0.18457998698006137,-0.38587332374004524,-0.29696588573225297,-0.4677903661311311,-0.3704875391301727,-0.1986467778080475,-0.4764613252537524,-0.2352283196379217,-0.674055393738858,-0.2546483709433941,-0.7972805271060865,-0.26974829975801545,-0.9092601420593303,-0.10784134874792733,-0.508012176514025,-0.12691468740218795,-0.7332899716329909,-0.14036090972713985,-0.8755074440363353,-0.15076686067051398,-1.0,-0.017324346899507473,-0.4889685520053977,-0.01701963405029662,-0.7077020208333303,-0.01722363308858687,-0.8456335848702428,-0.020080191050527905,-0.964469881784843,0.07183266136031073,-0.4328738164520082,0.11288532496918229,-0.5919524950810946,0.1336742269643586,-0.7009408384217617,0.1445638899130904,-0.8030757140716337,0.0,0.0,0.15459011084464183,-0.1001212995195706,0.2909926127717318,-0.2704392255905467,0.38791497323201196,-0.38970179453267845,0.45745243543720643,-0.49045947135260887,0.16412030232222632,-0.5069096057509072,0.20408742257686177,-0.7115247521644675,0.22392143328405698,-0.8279323004413142,0.23835431049417405,-0.945587552659203,0.07318904857594545,-0.5006520716895553,0.05926020271114537,-0.7352066800149459,0.07071273050379592,-0.8690971742252254,0.07388080896125478,-1.0,-0.014936380378874627,-0.44121409983925325,-0.015396799431138754,-0.5288699798327099,0.010679277309595368,-0.38160514969127324,0.025911738376946634,-0.2956435091929885,-0.095198769439161,-0.36529883022473764,-0.09987848920980562,-0.4115833948533269,-0.0772898868374176,-0.3244576532179836,-0.060990056397183946,-0.2766433383655984
8,0.0,0.0,-0.1582027242249555,-0.052877453823379106,-0.29461555211763873,-0.17065019414540095,-0.3835241213403126,-0.28150533808582007,-0.4614989139990568,-0.36981489909086274,-0.19179522517161093,-0.4639993536334202,-0.2292227980971765,-0.6667933195775716,-0.24773705163351206,-0.7950744983203818,-0.2612431924913385,-0.9079945077947837,-0.10044012568936612,-0.4981858130588022,-0.11641736310413729,-0.7276466995213599,-0.12698810438465416,-0.8741493834234677,-0.13462139889641367,-1.0,-0.008733182236956542,-0.48099063321200997,-0.004771866785431066,-0.7028808692211113,-0.00236682627253591,-0.8449307070050729,-0.002467275132908787,-0.9681088516259102,0.08184862479573295,-0.42610979783779734,0.13110309567419576,-0.5845373036837231,0.1567728292383704,-0.693385927046422,0.17155477980647627,-0.7962920995538283,0.0,0.0,0.15555231949354167,-0.09373873497567613,0.2924013369831535,-0.2583673024479506,0.3853832768961575,-0.37871023410651694,0.45604351746844074,-0.48790172149598376,0.1611924131956564,-0.5035162611162545,0.19966250702365326,-0.7066743588305775,0.21889358435765185,-0.8253702366470481,0.23133610770021273,-0.9451986249088785,0.06807128764878415,-0.49427751069140213,0.05222472428942372,-0.727450925977847,0.05910168190031734,-0.8648450991207702,0.0560848011004391,-1.0,-0.021271512977880214,-0.43067840193721224,-0.031123939013518603,-0.527350620770788,-0.004571811776392057,-0.37256303549991815,0.014021700942857502,-0.2806533113306547,-0.10270201085333239,-0.3502468435044225,-0.11425423965448776,-0.4066300425825072,-0.08817552953481958,-0.3070231955076084,-0.0656189454964507,-0.24712759760732314
8,0.0,0.0,-0.15885351848833953,-0.04963339215076716,-0.2971538407739674,-0.1666784569241215,-0.3901905504153974,-0.27795323361474905,-0.4698357584788627,-0.36646141356597955,-0.1979016464977414,-0.46653346018177966,-0.23717893160189443,-0.6697552456327804,-0.2566738824827003,-0.7977638443779713,-0.2703479486792513,-0.9104681758419297,-0.10625580798455866,-0.49982240994424,-0.12530904250281846,-0.7279909970174107,-0.13727634344518017,-0.8731383244828321,-0.14628588485324476,-1.0,-0.01389010565386905,-0.48165595448715226,-0.009568647240293366,-0.7064804809889628,-0.007102397549411162,-0.8444121708920295,-0.008256481936645157,-0.9668720759297041,0.07841281941196175,-0.42543938229313033,0.12677687936090334,-0.586007697242251,0.1512012509942801,-0.6945105699044588,0.16400821458580891,-0.7998511549711663,0.0,0.0,0.15635295000333227,-0.09504929025580466,0.29488429780125097,-0.2587250466202534,0.39101954271284256,-0.3770551927634133,0.4592974135347464,-0.4890069533233007,0.16601742249902443,-0.5049863097758833,0.2035989284781671,-0.7095181323340362,0.2243141509986242,-0.8259031307489405,0.23827773250152956,-0.9444610164982674,0.07466931999608233,-0.49673934168164324,0.06049322809993773,-0.7305825090114326,0.07128752656205269,-0.8661671438253855,0.06926343841816261,-1.0,-0.01325388620871818,-0.4343178716769753,-0.024002077879400563,-0.5238987567513267,0.002334470680761187,-0.37098404607214147,0.021634703715662493,-0.2855368444260452,-0.09236852962787488,-0.3576419980895022,-0.10432255361206891,-0.4028407651659558,-0.0791938981992783,-0.30108014240571546,-0.055626726123004254,-0.24578189224228084
8,0.0,0.0,-0.15597421852646393,-0.057951500930252295,-0.29312927563533014,-0.17817815666297487,-0.38536293529852267,-0.2871759347358535,-0.4640166911493921,-0.3722167385176474,-0.19273773456527304,-0.47098708051371285,-0.23289232483670957,-0.6718365603527703,-0.2524826578793533,-0.7979616590936782,-0.26738764071862847,-0.9083644672371849,-0.10288371367121776,-0.5048631865145589,-0.12053140063550127,-0.7331538770095571,-0.13283578411575378,-0.8772521483420426,-0.14260487071615052,-1.0,-0.012177885596080209,-0.48665200897532607,-0.008795846926607953,-0.7079869586705128,-0.00807108523958617,-0.8502974206205242,-0.010317791708364879,-0.9729825709462836,0.07721710130919834,-0.4303178738498481,0.125345576065067,-0.5882912791756281,0.14933239509505822,-0.6982669516063451,0.16149056673516354,-0.8020250613665331,0.0,0.0,0.15672232670911931,-0.0931788092770494,0.29465117149341225,-0.2546238522274492,0.39034424037833165,-0.37235705824040405,0.4600871130306455,-0.4894277995059472,0.16637841864680053,-0.50479178017787,0.20476929827717266,-0.7094033728341484,0.22456680801656032,-0.8258895268874719,0.23807971625413968,-0.9442054418047476,0.07358285642373355,-0.49631266486666975,0.05862097812739349,-0.7330264178226568,0.06937306272406948,-0.8671558069405788,0.06995497695966392,-1.0,-0.015317600915342785,-0.4334483002252669,-0.02283957386684213,-0.5253396016802475,0.0030980521513632973,-0.3729874472683118,0.022396148717484143,-0.2874082717501192,-0.09595097500795752,-0.3565789829193904,-0.10596900242923006,-0.411056702792307,-0.081305772199107,-0.31368767756330873,-0.058703551432332586,-0.258570032637767
8,0.0,0.0,0.1680304162044424,-0.10156538253056031,0.3042313111674657,-0.27140254452070245,0.4010347197640344,-0.39031978146571794,0.47035039339076,-0.4959596693239306,0.1808894889628108,-0.5070811865867169,0.2200547100238764,-0.7137740665618236,0.2397860223381425,-0.8256975031097404,0.25531545802825256,-0.9456822583099067,0.08970509645738069,-0.500913694096348,0.07713891651828343,-0.7355378914316427,0.09102001778305135,-0.8658977497482773,0.09577847486251774,-1.0,0.0018651561521635918,-0.4415456728545467,-0.0023678369892055503,-0.5340238091051364,0.02207567812218317,-0.38394081898367494,0.0377898251282314,-0.29761304967098295,-0.07797852730952219,-0.36709462708727225,-0.08519144303421976,-0.4242237881569159,-0.06227928870852692,-0.32903752101511713,-0.04283200062385941,-0.27124443897378187,0.0,0.0,-0.16370246018141418,-0.059686954170266475,-0.2992035175771843,-0.18200875822162668,-0.3876400936843648,-0.2917913407648469,-0.4670700225236296,-0.3714128658503013,-0.20170139828357514,-0.4747749076227113,-0.24195698000033358,-0.6751438411032401,-0.2623695082692674,-0.8020518511400493,-0.27712360009641807,-0.9151950436501417,-0.11252604004066327,-0.5066074873392227,-0.13381019838182356,-0.7326553365089894,-0.14878216082482626,-0.8761575299022254,-0.16117333068818332,-1.0,-0.021884188187663356,-0.4891828567708829,-0.021789128108660166,-0.7108932208140833,-0.023373856382228903,-0.8496542189626259,-0.028454847126713166,-0.968306246377126,0.0676324416432227,-0.43497765128686106,0.10929665431328466,-0.5976595440983559,0.12968453190955773,-0.7077268640521307,0.13876867380709565,-0.8099567461879653
8,0.0,0.0,0.16524474169710543,-0.10283099591751771,0.29958080640768886,-0.2731778426551087,0.3937484629670623,-0.3883003432207982,0.4602820710653415,-0.4942327300437477,0.174983274932478,-0.5041788874537279,0.2108294927338447,-0.7068747319307098,0.23127107135916233,-0.8193844683915412,0.2491513889558369,-0.9368073373538993,0.08449766616611715,-0.4983850600244943,0.07466142292177028,-0.7312790539521972,0.090262710207004,-0.8660092591938747,0.09769580916935901,-1.0,-0.0045399462771488755,-0.439893223607475,0.002565636103671778,-0.5302953221697793,0.0247288451306336,-0.37730815910044774,0.03639640267515114,-0.28633131383963645,-0.08627678658875247,-0.36652444346742963,-0.08303424194686848,-0.42523902493240123,-0.060295825687186125,-0.3265483851060779,-0.04438567345606673,-0.2661780296319994,0.0,0.0,-0.16437340936675668,-0.056688128438182536,-0.2995373452045707,-0.17613692605235434,-0.38615479879869985,-0.28615771893739894,-0.4669253859637169,-0.36491086463809375,-0.2060607104323078,-0.4765756207353808,-0.247103035222114,-0.6781698667143872,-0.2679264694100496,-0.8061005441191776,-0.28357871233863424,-0.9208630432487517,-0.11767859455970672,-0.5113520766304295,-0.14273877562328113,-0.7348269967571486,-0.16022037313382548,-0.8767571934621838,-0.1747151928826486,-1.0,-0.027348671299454234,-0.4970908679775344,-0.029676096717988727,-0.7147711846703201,-0.03303305821633436,-0.8525328459447136,-0.04012165747072561,-0.9696813230175066,0.06268714158105294,-0.4451781396919478,0.10304046338857387,-0.606003805165351,0.121528086118634,-0.7149318671741218,0.12767085993592167,-0.8160091737280363
8,0.0,0.0,0.17055739308456935,-0.09283501645032143,0.309779459599363,-0.2586751836816542,0.402181795288516,-0.37982040469422923,0.468032557296318,-0.4872571216717537,0.18359763924480083,-0.5027489583017579,0.2226944046755754,-0.7061293186465735,0.24127541289024337,-0.8158330554694113,0.25378562876136423,-0.9347320964308282,0.09077092956557628,-0.4963489555036876,0.0729867884449025,-0.7286555330673612,0.08175378380710104,-0.8624252244868456,0.08149918855962338,-1.0,0.004664543436543264,-0.4360668633865511,0.004835342308920947,-0.5277195494174185,0.032934525738748846,-0.3762452870003987,0.05150839304493001,-0.2884765265222085,-0.07395161262116227,-0.36134104512587817,-0.07805446531208976,-0.42207709499681717,-0.0557476880944442,-0.3283294995884505,-0.03542327807921803,-0.26807465950982473,0.0,0.0,-0.16283967013356423,-0.05118350496639853,-0.30026247804955986,-0.16701335642379364,-0.39329268727594857,-0.2742148126063642,-0.4782718102854306,-0.3473617389741388,-0.21083021521773554,-0.46855398845381885,-0.2535727684729626,-0.6710907532121465,-0.27321054876457,-0.8005016326419985,-0.286838722930168,-0.914974872006288,-0.11984890394016642,-0.5027343365510669,-0.14384553166783404,-0.7296511752312018,-0.15910492132077814,-0.8749207929690119,-0.17179159813469402,-1.0,-0.02696419884994672,-0.4869830858574259,-0.03058425616716428,-0.7094771694024773,-0.03270276785956283,-0.8479797749250725,-0.03782679587053556,-0.9663821252448249,0.06483493126356077,-0.4341415469942697,0.10497909447925924,-0.596223169108616,0.12452586336020405,-0.7059534015871363,0.13342130152023293,-0.8091857331767975
8,0.0,0.0,0.16938119416801992,-0.1019368274515653,0.30604800788764036,-0.2644921036065087,0.40094765124921483,-0.37943247363375554,0.46725830971732923,-0.48832014408388463,0.18186914107770208,-0.5075403852927439,0.2197573346161953,-0.7077412176124622,0.23835014988897502,-0.8193552498254622,0.2526023821178006,-0.9385127484407135,0.09227068667427141,-0.49980708052969874,0.07005357629282305,-0.7311330009936579,0.07615151215952864,-0.8645336985848604,0.07353558016241649,-1.0,0.00655786148592108,-0.4380500218128548,-0.004068465054266042,-0.5376988453542121,0.02116407118203265,-0.38614803190628944,0.03878185534611014,-0.2969413685868281,-0.07350648468513511,-0.36283467676710385,-0.08423186189346783,-0.42610049878961415,-0.06168062619349227,-0.3286416438559525,-0.03911923683718507,-0.26669635735828473,0.0,0.0,-0.1644237082204761,-0.04442371664767854,-0.3027091840564915,-0.1545364929817907,-0.39649509842305275,-0.2607235975221497,-0.48193709922068745,-0.3439870260409684,-0.21152573025044732,-0.4603798940714701,-0.25311383373733576,-0.6668110995525788,-0.27601363268535406,-0.7992309615978707,-0.2941696189380587,-0.9166723842894193,-0.12001094693594294,-0.49429727700937687,-0.14303996298772698,-0.7253915330914118,-0.15935348188478035,-0.872737515608759,-0.17306973699614195,-1.0,-0.02604778041182474,-0.4775286891816702,-0.02780766118376491,-0.7047654635828631,-0.029475544995958804,-0.8474573128839776,-0.03502626232294009,-0.9698049825974758,0.06617853969363327,-0.4246068411607881,0.1088225716436858,-0.592838380794518,0.12900094602369827,-0.7053165323944119,0.1364960998556069,-0.8105379497641823
8,0.0,0.0,0.15979978530647776,-0.0998895313133804,0.29240946973519816,-0.26449470808449943,0.3871935738400482,-0.37912979851279816,0.45771974129452153,-0.48416806116269284,0.17392477180990465,-0.5080087819620611,0.21213188883614545,-0.7066327321516678,0.23147272088108506,-0.8189804726436961,0.24730965911522762,-0.935605107211166,0.08583683824620583,-0.5049553374028184,0.07201735445299154,-0.7354880997450883,0.08263233277539106,-0.8671126512290568,0.08675600792623796,-1.0,0.000664020607010219,-0.44738228344681,0.0014452932549073037,-0.5444527304151866,0.02451920009362899,-0.3930263953046816,0.04106626847969493,-0.304559658521774,-0.0776535089975116,-0.375392551560506,-0.07969786666745314,-0.43792212982649503,-0.057738213885993754,-0.3398630251587632,-0.03723126353748544,-0.2785288422396809,0.0,0.0,-0.1654206523040252,-0.04761766053629919,-0.3030390113503532,-0.15733025409244272,-0.39845852459030645,-0.2620203866383437,-0.4823681286974295,-0.34536321217227633,-0.21326786468382566,-0.45856734143894806,-0.2537597084923458,-0.6644196961278488,-0.2757830630737166,-0.7971610929334262,-0.2927971442823186,-0.9140900051910019,-0.12136640734844144,-0.4926762237910197,-0.1448877905953885,-0.7219817772935547,-0.16104206682451255,-0.8712981504555821,-0.1744857763359294,-1.0,-0.027284932095260537,-0.4770646695656282,-0.03003882962181044,-0.7026030512425218,-0.03175742514711462,-0.8453261128844377,-0.03709841832403388,-0.9679257817153262,0.06544531753367412,-0.4243642616763487,0.10667364017342758,-0.5895272478328074,0.1266413174188982,-0.702207349658759,0.13503459653510042,-0.8085548494131212
8,0.0,0.0,0.1600068302990533,-0.10441749664970441,0.2910299188913042,-0.2725426399916515,0.3791950181561553,-0.38897683476218353,0.4450599427280751,-0.4974494714109093,0.16944101504670367,-0.5118318643915905,0.20730407182514907,-0.7108840830154016,0.22409519909864814,-0.8205181210752311,0.24026247568714224,-0.934266920540363,0.08177728095729132,-0.5044927566992646,0.07254738612090307,-0.7379669409988332,0.086832719284437,-0.8689623192712304,0.09767806681017074,-1.0,-0.005238208521925644,-0.4460085052994513,0.008056185916200454,-0.5455703579760618,0.030455631356054617,-0.39369481150791896,0.043250871548517526,-0.3063487880272552,-0.08615584313364805,-0.3720769297437267,-0.07386307358151167,-0.4408207796740677,-0.05225473566418394,-0.3434366928263878,-0.03825512832531208,-0.285670698812996,0.0,0.0,-0.16611579016731798,-0.046389184548653185,-0.3021785998422238,-0.1595152495287748,-0.39835939544682725,-0.2635948330710555,-0.48490832189474414,-0.3430529883104878,-0.2166454275612481,-0.46177083880133263,-0.25965318271996807,-0.6681945420152691,-0.28438868046892074,-0.7980950700332045,-0.3055554128446515,-0.9123935485240031,-0.12346617732959109,-0.49488746252442684,-0.14940416956586972,-0.7252466137494634,-0.16930690525944284,-0.8726175624506018,-0.18967113078784237,-1.0,-0.02871839775613784,-0.4782500019545189,-0.03521916485827132,-0.7072852179176891,-0.0429318081384678,-0.8457393907783192,-0.056676580731124096,-0.9649371221961496,0.06420978056150908,-0.4258137965208074,0.10078943949237608,-0.5968673343303241,0.11620981183381154,-0.7115364640630986,0.11853170583336405,-0.8186133488801351
9,0.0,0.0,0.1833123107264297,-0.0833553497540901,0.34037324991594403,-0.282414837778584,0.43468930869816386,-0.4545191421831768,0.5047933314893659,-0.57987149101302,0.1878006348404176,-0.505762299996192,0.20678090507709979,-0.7395384610389054,0.21414100683576656,-0.872951033807481,0.2218800616243307,-1.0,0.0852522550472706,-0.5153544240312455,0.05188298697936577,-0.7419416210127278,0.03848701582200853,-0.8805351126733996,0.03041491039587345,-0.9978735827451874,0.0006377997197444934,-0.487274410405172,-0.023055583516819907,-0.700595225619852,-0.02272223768701535,-0.8592699069524561,-0.01529896479035595,-0.9979529894560286,-0.06892369664511075,-0.4215167980616497,-0.08506990004495778,-0.575887576628214,-0.10904002600053193,-0.6932437582340184,-0.12548651370001915,-0.8054466214215691,0.0,0.0,-0.16698902995715068,-0.06032879809647142,-0.29807715869535695,-0.20700333383311065,-0.37807281713951,-0.3456180258740669,-0.45852644327312886,-0.45019539077948234,-0.19576761988460267,-0.44511136796803974,-0.24139493524838032,-0.673206550488515,-0.27222939584952244,-0.812495457356466,-0.29884011514537084,-0.9315575040871678,-0.09750267782346841,-0.462547643245385,-0.11633929868090631,-0.708557004448295,-0.13367548005272442,-0.8665692862335439,-0.14666207591437444,-1.0,0.0011011714032681007,-0.43251877937489625,0.01026481690914173,-0.6771294563073489,0.012841646595969635,-0.8331968982795339,0.015187000473611689,-0.9654951526445904,0.09681738759890503,-0.3711800434626289,0.15187554243490123,-0.5425039840281691,0.1844690530548923,-0.6578287762917825,0.20778234960959915,-0.7647946891253579
9,0.0,0.0,-0.16519327551843888,-0.06134412721354937,-0.2928056672090968,-0.192791122396065,-0.3699696777741985,-0.3170545998124352,-0.4461240591558033,-0.40911081098869134,-0.19578080633258155,-0.4650444311028133,-0.24030712764581005,-0.6730378438066764,-0.2659988349175972,-0.8043027055326032,-0.28428636797097406,-0.9204274854631842,-0.1033404541888415,-0.491308402239697,-0.12421447289890239,-0.7249295440953197,-0.1363108296648574,-0.8724728897821021,-0.14362938210135864,-1.0,-0.010213766553232553,-0.46843295736205415,-0.006653316111875408,-0.6968715992481346,-0.004854169702507867,-0.8363855547478128,-0.004517672015895432,-0.9570503309744691,0.0819175848831409,-0.41043052986883194,0.12645207361594737,-0.5734644757745146,0.15077274338791233,-0.6838761457103045,0.166654426880938,-0.788784608334457,0.0,0.0,0.1640861998412691,-0.0893889249444261,0.2970121396041964,-0.2481586407782655,0.3878800215758313,-0.3819628721003304,0.4558744901958766,-0.4852578598366568,0.17656129207961693,-0.49866472421130403,0.21072216721936884,-0.7004742732691974,0.22955205948208546,-0.8252186583649603,0.24313292698294714,-0.9408055551923729,0.07872487004011113,-0.5087025208615978,0.07702454932355764,-0.7416813013820382,0.08156956383494544,-0.8756119666303454,0.08575301069917544,-1.0,-0.010523850946501897,-0.45902928788351277,-0.03957395800502008,-0.6585557935251921,-0.045140180312304316,-0.7860488994684768,-0.05136969391306186,-0.9007864357121735,-0.08186290723477459,-0.36773495220686314,-0.08165865176647251,-0.3949357718436514,-0.06705695897059138,-0.32706147804458874,-0.058371024737931265,-0.2620459262543873
9,0.0,0.0,0.16613094466194864,-0.08922682141581385,0.3026322298259281,-0.2414443548154245,0.4032027825814468,-0.36700527523145515,0.47138800949963605,-0.4582932840902553,0.1827555957754082,-0.5020275255576514,0.22290526047782885,-0.691819787442655,0.24031029129879505,-0.819131557920296,0.24775234011306504,-0.9341716090834815,0.09286676928201394,-0.5154351084895563,0.09302164995657076,-0.7409396425474998,0.09629581733613736,-0.8774961548046383,0.09559341799615513,-1.0,0.007098517573772272,-0.46597107410791866,-0.021251198237110865,-0.6645569005028834,-0.019625923208707072,-0.7774837053073669,-0.018242653734550366,-0.8760776753584415,-0.06638033782996118,-0.37377970265358623,-0.07568135076109343,-0.41007175129864676,-0.061363132826343335,-0.3628637472727573,-0.05237537343991562,-0.3219013730521019,0.0,0.0,-0.1577332684916044,-0.06456376276850387,-0.28457227882240876,-0.1947824251401496,-0.3642368399918799,-0.31212299591095566,-0.437657270936554,-0.3982932478344573,-0.18422589237314035,-0.47016369562162175,-0.22718748814890993,-0.6698810540945098,-0.25224292336555343,-0.7967274539285387,-0.2724769168650214,-0.9093365815544615,-0.09290585382502994,-0.4989519453634074,-0.10923303091210451,-0.7272291761010639,-0.12104145706503432,-0.8734785291709702,-0.13048203542053802,-1.0,-0.002132080817184248,-0.477230291497777,0.002249755170421464,-0.7015047817057093,0.0038129836638997393,-0.8402033173013645,0.0030662255644465066,-0.9607376174233889,0.08580440180158877,-0.41831406113712466,0.13088553018151966,-0.5767266062270368,0.15465407644036755,-0.6848399182637288,0.16858119864992382,-0.7866983643822598
9,0.0,0.0,0.16365450143638047,-0.08877979128603264,0.2971503455978031,-0.23893505664426867,0.3956873778484139,-0.3634471353485861,0.46314052977591874,-0.4595078462143469,0.18576883569125854,-0.5002745378883763,0.22642673422851298,-0.6961821681457546,0.24491068076064842,-0.8217270780859222,0.25604483254818117,-0.934512012050932,0.09672724471938554,-0.5161561140780097,0.0992559260414036,-0.7506280600384072,0.10570501137180814,-0.8814645081831842,0.1112312435522107,-1.0,0.011647012558238395,-0.4727856449344538,-0.01362543315443071,-0.6851320736830957,-0.016032657196454927,-0.8065935009986899,-0.021290646530432084,-0.9138622007911016,-0.06023392375889545,-0.38824397212703543,-0.06282785133925166,-0.4214934949998852,-0.04951087524041506,-0.3718233922277709,-0.04392739520791783,-0.33057116767103445,0.0,0.0,-0.15642110082126254,-0.06371933457553126,-0.2824452901658855,-0.19677328033669125,-0.36612407860217794,-0.3126856076893621,-0.4443831189436611,-0.39364225697809324,-0.1834396902919593,-0.4750281847723077,-0.2261758629959789,-0.6717793594052283,-0.24981342072930282,-0.7967660068470634,-0.26766998038297063,-0.9082099870717287,-0.09325255481323176,-0.504774618088313,-0.11528752033189932,-0.7310062445047716,-0.12821065737371404,-0.8742034280954938,-0.13877860995056165,-1.0,-0.0034676005256878972,-0.4833298035516022,-0.00032531038903899377,-0.7054019922230708,0.0010318372050403858,-0.8406516048384394,-0.002003061996515856,-0.9582065285987195,0.08470178335982452,-0.4240149234893069,0.12949535530640288,-0.5821957809481636,0.1524713107184853,-0.690816934110028,0.16401647801944302,-0.7943740270816264
9,0.0,0.0,0.17279783745990404,-0.08450709528869277,0.3073968899553781,-0.23401284742453926,0.40321576472089116,-0.36149646581730605,0.4711153606002022,-0.4546783629034062,0.1952975115561226,-0.49725182718868205,0.23628961764313164,-0.6900047663663381,0.2571882023358283,-0.8161755818201495,0.2694699738877832,-0.931366960578784,0.10585836805310014,-0.5130922195113152,0.108775649343045,-0.7465738305928421,0.11837397698031074,-0.8793315549643222,0.12554401079221617,-1.0,0.0215720815193992,-0.46676033717466764,-0.004444642258563287,-0.677187917664241,-0.002521678155575131,-0.7935381658368641,0.0002789480315449255,-0.8962918061500962,-0.04954370081648782,-0.3782259673355169,-0.05121136421025964,-0.4132252093409333,-0.0378976958094309,-0.3697073583613882,-0.02913139243040175,-0.33250319182368976,0.0,0.0,-0.16153946573790365,-0.06430975429350248,-0.28819775281937327,-0.19751006748820105,-0.36789748563344954,-0.3165361833165193,-0.44586560758876187,-0.39700417313740277,-0.18805949543999032,-0.478702673852084,-0.23044995311032893,-0.676397151903761,-0.25376525358402,-0.8019694095078448,-0.27288806582056346,-0.9142091588365585,-0.09635964594327086,-0.5092455109674464,-0.11552780267232135,-0.7340918090228609,-0.1275355730431902,-0.876953242896583,-0.13769663841348573,-1.0,-0.006334943303499353,-0.4889326224164109,-0.0028623349872038996,-0.7091559483742844,-0.00145015730495442,-0.844200944840591,-0.003875654426445601,-0.9597464376413586,0.08101414545993323,-0.4303761311212538,0.12310726456316358,-0.5870872748624285,0.1448675666441292,-0.6944305410464411,0.15599545168746495,-0.7950506919656202
9,0.0,0.0,-0.15568973448578313,-0.061207114739371016,-0.28416449533963095,-0.19330595256199437,-0.36756633928277616,-0.31019157557159244,-0.44794712601433734,-0.38826387862903666,-0.18664930778667374,-0.47496289864406543,-0.2285328419618333,-0.6728957041240837,-0.2523964720161863,-0.7992160201481454,-0.2701303717069034,-0.9109208597845677,-0.0968577294525385,-0.5056200818443928,-0.1176970522449655,-0.7342677589183074,-0.13047354181413207,-0.8770741584299332,-0.140655407860328,-1.0,-0.005904122702400609,-0.4849712932532611,0.0004902159265737793,-0.7071791309934145,0.002577019083618514,-0.8432865673658925,0.0007036358990268943,-0.9603734903685435,0.0844215472379244,-0.4271573664896247,0.12940684820815923,-0.5874310261451654,0.15237684983724695,-0.6967501257024679,0.16497675333783557,-0.799788367555235,0.0,0.0,0.16802350944651237,-0.08829874523364231,0.3048265406806388,-0.2449520151949231,0.3991183391828564,-0.3731167137011644,0.46467837335007706,-0.4662040745379459,0.1908273500978252,-0.4992261176848462,0.2285416227195187,-0.6944140384592674,0.24861801173166978,-0.8190765190591723,0.2597775877713087,-0.9329959418116307,0.10197355371129377,-0.5138799207045536,0.10097093997124257,-0.7484693310017744,0.10768706599281708,-0.8794358038330847,0.11236239430497293,-1.0,0.0191069411519196,-0.46693287530003985,-0.009560259327479403,-0.6719473724667615,-0.012019484565455197,-0.7853364947229126,-0.012226258622156407,-0.88826938388332,-0.049001349900809975,-0.375829102797892,-0.05272858663355642,-0.4048501669502503,-0.04223041885394701,-0.3515801066668439,-0.03427668928711674,-0.30657139125349986
9,0.0,0.0,-0.16165255301447953,-0.058575050540960655,-0.2902013444010801,-0.19174177573750262,-0.3737766970805457,-0.31083157109158344,-0.4556065624343547,-0.3896591926565743,-0.19412674881434214,-0.47330649970830535,-0.23618736275838692,-0.6719922216624995,-0.25890720030637193,-0.7991817041408065,-0.27604770980061166,-0.9127380685504415,-0.10159538212207694,-0.5048237722156504,-0.1235673133501837,-0.7288246490809716,-0.1374750456299001,-0.8727343017739827,-0.150067200493593,-1.0,-0.010006687565103861,-0.484158197066539,-0.007363656768702391,-0.7052977349671773,-0.006674850836141242,-0.8411783275945647,-0.01097185417405567,-0.9597817672790216,0.07901512208456427,-0.4256478356020035,0.119891772241079,-0.5839401892902972,0.14077404881035321,-0.6937237694003483,0.15035292222423957,-0.7984700544415163,0.0,0.0,0.16318657932770056,-0.09124138663867112,0.29461107120688385,-0.24320076484500158,0.3902174948132569,-0.36976063463786285,0.4535800285568457,-0.4676530430344349,0.18179287693091137,-0.5026915030319148,0.21989206696864844,-0.7000361170354533,0.2408930778972453,-0.8255868727931301,0.254098151237473,-0.9379184016295635,0.09376994203273875,-0.5168757138485605,0.09684867252474917,-0.7501397212484882,0.10534996652496634,-0.8807186999725348,0.112440112206687,-1.0,0.010758245803717268,-0.4696854972682863,-0.017124889456903145,-0.679677170607701,-0.019894128310704057,-0.8025663273097629,-0.024093096594488727,-0.9125326113023094,-0.05811271650624006,-0.37871252059164584,-0.06542779525240988,-0.41493233281790104,-0.0513112312947725,-0.37834496298003867,-0.041984021405440435,-0.34879838274650893
9,0.0,0.0,0.15743074676647814,-0.09010717502748174,0.285884310520356,-0.24388176009455825,0.3789265805196192,-0.37533921715762864,0.44540359435597987,-0.46670957477364217,0.17505462512801,-0.5079088764141254,0.21134789101140322,-0.701625144551698,0.22888973769412033,-0.8245684502103049,0.24235533927730918,-0.93455345743601,0.08765284133374036,-0.5230431572346527,0.09179803514955931,-0.7480252997427017,0.09682527628359652,-0.8803728493940483,0.1020278591912323,-1.0,0.005005361007057281,-0.4783858932580637,-0.02403129685241967,-0.6830953086300935,-0.03137843296184738,-0.808823931896413,-0.040161085855813725,-0.9169083004630165,-0.06638340298381773,-0.3954874305813497,-0.06241866382350331,-0.4427832423791743,-0.0380960078918836,-0.3961342101424539,-0.0191554120606869,-0.3476821351394839,0.0,0.0,-0.16390446735268738,-0.059276458499303616,-0.2922655794348332,-0.19458177328934853,-0.37371847637901756,-0.3158198487270961,-0.45123246387904054,-0.3977564068361664,-0.19345916717109365,-0.4776698600422063,-0.2341123158074849,-0.6800679274581847,-0.2571381786536307,-0.8075930092857497,-0.27607028983240756,-0.9211884729384882,-0.10135968987398832,-0.5088339181006806,-0.12137245846986593,-0.735052813046782,-0.13379589749062135,-0.8780813988787922,-0.14472110553226095,-1.0,-0.011034421853065475,-0.48947554924280756,-0.010513080451353305,-0.7116126147839734,-0.010287587784096658,-0.8464589960645494,-0.013872361877461957,-0.961274725355598,0.07642906161859431,-0.4331278460261885,0.11395725280163968,-0.5961460918713353,0.13356746105486264,-0.704462053904081,0.1423054490994828,-0.8047481514053735
9,0.0,0.0,-0.15902333184653702,-0.06351867111813866,-0.2874307752877009,-0.19837419697007586,-0.36918412101552645,-0.3149463444874071,-0.4467300464473613,-0.39349469434705314,-0.19009543603936074,-0.4801149233446985,-0.2318948627601724,-0.6798752137875448,-0.254786195009133,-0.8051227304791109,-0.27382193685554795,-0.9164199011270769,-0.09953674761468055,-0.5099790297752766,-0.1191524272482657,-0.7358794089955635,-0.13092898793368848,-0.8782065950949679,-0.14130477133673844,-1.0,-0.01004358038382606,-0.4896121497039104,-0.009251963123574871,-0.7100037741752205,-0.008624775454020486,-0.8455290125908579,-0.012155141281509857,-0.9604827425983423,0.07722389931035525,-0.432085781361855,0.11668365723975782,-0.5912200413938047,0.13653689474354508,-0.7000545481719094,0.14562733596149294,-0.8010758143989728,0.0,0.0,0.1614808689192253,-0.0899862331826968,0.2950913028985563,-0.2461845317491428,0.3950368584121406,-0.3757465759575229,0.4621140339428688,-0.4723092748418143,0.1870396939588033,-0.5063059774104767,0.2227033583750828,-0.7030775950420458,0.2376790227225998,-0.8252091468245127,0.2474054423827519,-0.9357297955048202,0.09910246141706007,-0.5235881246328616,0.10065647790994696,-0.7530365373698706,0.10870409832549087,-0.8823881473425684,0.11575277815036676,-1.0,0.016422918075184964,-0.48041555446028217,-0.017372473347195907,-0.6865378109456113,-0.023111273567446886,-0.8085710444753624,-0.029676580448947984,-0.9140531842937194,-0.05188293402475795,-0.3946251884276099,-0.0583104897960507,-0.4322972142684213,-0.04044386167255181,-0.39257739414558535,-0.027291307256527928,-0.35835796755965127
9,0.0,0.0,0.16013904797200754,-0.09400911032528773,0.2953952896220785,-0.25990243896863563,0.3961498496066256,-0.3882419283840938,0.4653305161036565,-0.4762188735434102,0.17914863334405343,-0.5027171960211513,0.214718062963626,-0.6971771935837685,0.23089094055114853,-0.815147948133752,0.24168786041940413,-0.92999910991239,0.09079879433847131,-0.5211058631342428,0.09023731050099074,-0.748996936984226,0.09750738322672046,-0.877317210222549,0.10093472057463942,-1.0,0.009182832424505783,-0.479018291943307,-0.02530377632884151,-0.6763721457726339,-0.03352665712382261,-0.7922241917811624,-0.04084494888139704,-0.8965913930671177,-0.05560583034530113,-0.3947562838685122,-0.054008673139399006,-0.4253810125025163,-0.04043376555206648,-0.36134442375828135,-0.031292580083953976,-0.3028835266785545,0.0,0.0,-0.16160347655075022,-0.05722320446172736,-0.2908089548150591,-0.18919818993926818,-0.3715888759722165,-0.3089167406689241,-0.44899460385250894,-0.39009288884403476,-0.19452776003084238,-0.4752670591214345,-0.236015614300375,-0.6750050284938601,-0.2582906104894171,-0.8035088400851684,-0.27539931308451404,-0.9176560026000374,-0.1016780460532622,-0.5057661235893298,-0.12157596164578768,-0.729868606053645,-0.13294183570358728,-0.8752643566138876,-0.14317026374643835,-1.0,-0.010113008449699508,-0.485658904417516,-0.007192188964957907,-0.7054526467894422,-0.005728330710352701,-0.8422559716619563,-0.008860002085998013,-0.9601895302324029,0.07862143400962177,-0.4276587290360367,0.12124898638372539,-0.5856181838220298,0.14318940650822934,-0.6942053593258257,0.15385516220464374,-0.7971386638324118
9,0.0,0.0,0.16724988278417044,-0.09403971942110394,0.30028241508492665,-0.2509387371178071,0.3972830612155339,-0.38453230306585795,0.4646178532989038,-0.47785602431622176,0.182290102826576,-0.4988839955931467,0.2138012400626383,-0.7040101094322365,0.23027222943352996,-0.8264149769494783,0.24437566114347217,-0.9431695218056088,0.09260490816746042,-0.5139808747649909,0.0928866159154845,-0.7425049715679436,0.1020729013169747,-0.8757599541068269,0.10836235339360036,-1.0,0.010339316729874677,-0.46766387696841755,-0.02636316813022852,-0.6735227340967568,-0.0344064548389928,-0.7972449083291374,-0.041158923877846094,-0.9041769254576614,-0.05442971900536306,-0.3796242510890101,-0.05950428386324897,-0.4207473750583192,-0.04166618548510031,-0.3792432996429248,-0.025544822640324094,-0.33983265275012586,0.0,0.0,-0.1594376893624805,-0.06077583337012826,-0.28812757257887606,-0.189822452196377,-0.3699166051665689,-0.307108850617489,-0.44687730187331753,-0.3895168790610214,-0.19154403442043078,-0.4747270692242297,-0.2336876159478339,-0.675124734813681,-0.25686912288595604,-0.8028208044843559,-0.2756051013893065,-0.9167401513988732,-0.0991803491243157,-0.5046726758044248,-0.11710824087292994,-0.7304698467298418,-0.12959552910058472,-0.8755986535158081,-0.14113820386073433,-1.0,-0.007809636346943253,-0.4837845092642626,-0.0032005281649422107,-0.7071953362250645,-0.002225357383901482,-0.8436537856376422,-0.005770145925189249,-0.9607140178872421,0.08090315083748766,-0.42472310938887475,0.1255339294812896,-0.5808547217006687,0.14641144301306325,-0.6897312708548409,0.15514494749538663,-0.7927758586009376
9,0.0,0.0,0.16523469651554093,-0.09780909446706501,0.29073251461358873,-0.2549553054332797,0.3855923498304643,-0.3876516623117588,0.45359893212253255,-0.4829522184075129,0.17249409011704508,-0.5048514489826174,0.20897486901183063,-0.7076163401206744,0.2268383251638791,-0.8315799568561314,0.23936789290841906,-0.945578413343248,0.08397063483602706,-0.5232410427202311,0.09007539985649993,-0.7497982626021903,0.10193255848771517,-0.8806780664121127,0.11045919874876622,-1.0,0.00198100772357658,-0.479396537199379,-0.02827329650859028,-0.6825010422304597,-0.033525800757796494,-0.8068226026243238,-0.04068218107784593,-0.9123826216814143,-0.06409970277918836,-0.3927354594003762,-0.061255289786992,-0.43499847276394826,-0.032477191539742815,-0.4028017266345715,-0.008887223405673342,-0.36894811635265823,0.0,0.0,-0.16425472973671254,-0.055355605709036464,-0.2952971078220905,-0.19871445429856197,-0.3793086128497766,-0.32209828069952035,-0.4599728801182851,-0.39179058068677924,-0.20215983414421004,-0.4749013176984365,-0.23818477321914933,-0.6747707843872562,-0.2582288851239651,-0.804033162774721,-0.2747436399338849,-0.9169310348042337,-0.10937292337885425,-0.5081023952956552,-0.12867815112161302,-0.7333994069992075,-0.14111834714272467,-0.8770417691419166,-0.15451076711916337,-1.0,-0.017958845510841485,-0.4891064813453069,-0.015233704276212592,-0.7129011530683386,-0.014848073809786906,-0.8515754153639774,-0.021528818108385722,-0.9705565068239465,0.07071318004136855,-0.4313490684921191,0.11167037325285586,-0.5908470146268566,0.13176941003669776,-0.7017873206061307,0.1396113819092336,-0.8055253850143683
9,0.0,0.0,-0.16276856226762654,-0.0580796893841562,-0.2918036846588807,-0.20380260485088128,-0.37426160133592773,-0.3276104748812639,-0.45238764363510076,-0.3997147284100682,-0.1959383007228095,-0.47635045718936836,-0.2324063617944297,-0.6782305278528368,-0.25238667686485333,-0.8070499861119735,-0.268319942945682,-0.9190368588593524,-0.10473170824212538,-0.5077521959628418,-0.125251629844495,-0.733957395922535,-0.13732242568604433,-0.8778109495654554,-0.14991453379178074,-1.0,-0.014597933268311837,-0.4904972805868444,-0.011567331643468518,-0.7130538896327648,-0.010526491921704996,-0.8520903246005472,-0.016788188447318643,-0.9694801787930022,0.0732927859975972,-0.4360339068635854,0.11277568290233353,-0.6004025482576383,0.13285624461072065,-0.7116664999607715,0.13963776606167919,-0.8129895994113113,0.0,0.0,0.16002497442778008,-0.09376842480818463,0.2875882028090538,-0.2532259711275878,0.3840455916149687,-0.3834420302919313,0.45210455100115954,-0.47926352006588996,0.17390384845304674,-0.5080281398795686,0.20990042490686778,-0.7075545366731254,0.22734418974492304,-0.829494116017224,0.24118867648817036,-0.9415433664997277,0.0851832944610287,-0.5226204930741509,0.09059037194058515,-0.7483390677099246,0.09794249429250824,-0.878672028451111,0.10479247123481086,-1.0,0.00184218666676788,-0.4800103237756173,-0.0242802297799176,-0.6840520060196721,-0.03289693873484407,-0.8087852294098558,-0.04394945145453269,-0.9185797217514741,-0.06833557584464237,-0.39915360221961177,-0.05771096844226751,-0.4383343043502189,-0.03352737223853235,-0.3861881546061309,-0.017119628647718238,-0.33596328986846674
9,0.0,0.0,-0.15994870321149007,-0.0606740809903552,-0.2882786034916725,-0.20430625730992016,-0.3718354047892826,-0.32549199893521186,-0.4518044981820824,-0.3952204304942757,-0.19141122036914845,-0.47750547456649867,-0.22725003131192778,-0.6788910867082966,-0.24725680126109473,-0.8074511798663027,-0.26428377114650586,-0.919677729971047,-0.09985740748922887,-0.506549651953773,-0.11921245115613131,-0.7320167839235981,-0.12996797967408574,-0.8759956371438702,-0.14160557341359897,-1.0,-0.009119932169053007,-0.4861826944178592,-0.006544284194724771,-0.7084831406721676,-0.0046297104367858735,-0.84554021382669,-0.009775163926614336,-0.9632063121925177,0.0792542685551928,-0.42847891949566436,0.1185028845314695,-0.5906495097994466,0.13909565310108585,-0.7005321384531287,0.14711311328929336,-0.8020897014613085,0.0,0.0,0.16053746428635335,-0.0911625500289288,0.2840543414075501,-0.25369617603025296,0.37770864523748454,-0.38806746673188075,0.44813804405528085,-0.48216643901391565,0.17056345547052543,-0.5092018931960657,0.20844258677148633,-0.7087552862161727,0.22813937120123112,-0.8303209605554329,0.2447597865830018,-0.9423481834503409,0.0830607713551204,-0.5258158219656075,0.08984323274859382,-0.7486381096669907,0.10007180008708463,-0.8789313343632383,0.10897575647319165,-1.0,0.0006019128795786535,-0.4838768169970117,-0.0245122365838965,-0.6891153155625012,-0.03127658019838595,-0.8165356420702284,-0.04130905799478685,-0.9279499919476538,-0.06859629711368123,-0.40122261456699254,-0.05863002749727115,-0.4400729482920079,-0.029296299499561595,-0.3942468968643567,-0.009225826558427228,-0.3486826958062188
9,0.0,0.0,0.1641033035783512,-0.09406187751304483,0.28802419334385954,-0.25880820173776437,0.37786274255479335,-0.3936250089670729,0.4468727559673606,-0.48784818510067396,0.17120471809334306,-0.5086942565082834,0.206277095958187,-0.711517199751603,0.22473767235801048,-0.8340389362986387,0.24081876802925115,-0.9476134543048834,0.08067307755014495,-0.524395148288213,0.08531928938755073,-0.747149557733095,0.09663374271493258,-0.8790987856228293,0.10635267298479982,-1.0,-0.003778271641079411,-0.4819191202631211,-0.031972053166228157,-0.6856981165161526,-0.03954352345460197,-0.8131844593923839,-0.04926093203936962,-0.92379705358288,-0.07246945579468556,-0.3972947337377151,-0.06237285777533986,-0.4357317747413316,-0.0327778216570571,-0.387837243460196,-0.012196450995580591,-0.33794017458800374,0.0,0.0,-0.1604543530120493,-0.060708355749631994,-0.28928903509643084,-0.19164744684854426,-0.37077565341152396,-0.3108888429943576,-0.4472615238640765,-0.3935714718454492,-0.19306301074722254,-0.47336060949266445,-0.23105912641824247,-0.673774813570078,-0.2523726036985629,-0.8021221213610401,-0.269106642065869,-0.917102801163462,-0.09972407040259067,-0.5039119867237135,-0.11729403470523572,-0.7290411078076066,-0.12980800684915367,-0.8748323004572106,-0.1413883788639594,-1.0,-0.008255035578109846,-0.48394217032770476,-0.004651484309587612,-0.7051588419457127,-0.0036792986024688076,-0.8413230752648718,-0.007502545615877439,-0.9571704355592727,0.0797542540065819,-0.42640509346715555,0.12104666014413779,-0.5841257081112082,0.1421354583023385,-0.6925597252422081,0.15155902465056026,-0.7940731128359766
9,0.0,0.0,0.16221599139394965,-0.0857031198319285,0.3002186599130381,-0.2450908998118224,0.39562459669540206,-0.37670178418556427,0.46191396972932464,-0.474560104155731,0.17851826878818697,-0.4974549772346559,0.2127939417044656,-0.6970997848903462,0.22807857056577124,-0.8211439018541923,0.23636142249458134,-0.936923126208527,0.08449790389087612,-0.5131275689974165,0.08256953064879186,-0.745915433656541,0.08838308018551769,-0.8779348752090804,0.08777260201136056,-1.0,-3.0510040507626053e-05,-0.46609703496492244,-0.03713474107584782,-0.659486174860531,-0.044042179576273786,-0.7686663548170708,-0.049836695008182934,-0.8691593554670733,-0.06405406185023148,-0.3732140705095357,-0.0752532576055637,-0.3981725317827946,-0.07332973823356019,-0.3454991657584151,-0.07440407303493497,-0.30365353574618753,0.0,0.0,-0.1539912483912484,-0.06091174603174603,-0.280621879021879,-0.188473135993136,-0.3661029257829258,-0.3056027456027456,-0.4445441098241098,-0.3958895581295581,-0.18306114114114114,-0.46580358644358644,-0.22221041613041614,-0.672812012012012,-0.2428606435006435,-0.8057276018876018,-0.2576267696267696,-0.9211810896610897,-0.09110692406692407,-0.49392816816816815,-0.10511306735306736,-0.7256029515229515,-0.1134920978120978,-0.873618876018876,-0.11953544401544401,-1.0,0.0009893779493779494,-0.47209870441870444,0.007971171171171172,-0.7008059030459031,0.011192037752037752,-0.8426604890604891,0.010837717717717717,-0.9647641698841699,0.09128580008580009,-0.41427136851136853,0.1405988845988846,-0.5734530416130416,0.1654454912054912,-0.683088803088803,0.17793496353496355,-0.787851806091806
9,0.0,0.0,0.1624183222152651,-0.0975672207276272,0.29195579688519313,-0.25418655313085003,0.3868218229612032,-0.3884315287354765,0.45780850764166015,-0.4808339126497211,0.17242079678105451,-0.5077991060394407,0.20757499689404854,-0.7096862428269999,0.22432623428617954,-0.833742168305138,0.23675251618481089,-0.9479797915800969,0.0820313461506811,-0.5217804755739675,0.085455029536761,-0.7466883566217793,0.09539094279791391,-0.8787644823635118,0.10275579822515811,-1.0,-0.002024949274314284,-0.47531966539908893,-0.03510591767866795,-0.6811738268133113,-0.044806972944795916,-0.8060176371435966,-0.05561408192516849,-0.9133912169081444,-0.07038763293872821,-0.3875617166757624,-0.0699817109343037,-0.4272398279543206,-0.04716560263250688,-0.3806876962520742,-0.03020477723737378,-0.3340519623860174,0.0,0.0,-0.16123966256595582,-0.0645456938929343,-0.2866052822349415,-0.19516628256314264,-0.3648909903379029,-0.3143520552243489,-0.440412595710303,-0.39789633893439225,-0.1847610803948512,-0.476360357631037,-0.2209855411171101,-0.6779755399990622,-0.24042226141400588,-0.8078772599893965,-0.25531292715738146,-0.9224384983535844,-0.091405674633659,-0.5035652741561444,-0.10481936314553737,-0.728922310103185,-0.11457018274671889,-0.875767287363535,-0.12395572530647134,-1.0,-7.530593034201443e-05,-0.481540164966152,0.006728916683798045,-0.7042221092152386,0.010071230465721014,-0.8419586755100642,0.008238353368028882,-0.9586144141609773,0.08795718237523849,-0.4228169755724585,0.13202528952028536,-0.5833820585784923,0.15494757798383518,-0.6924500034262756,0.16571776866508697,-0.7944117084852617
9,0.0,0.0,-0.16085843891884805,-0.06260639530935717,-0.2897880406403739,-0.2057937002268986,-0.37232504337767497,-0.3311455218550893,-0.45085268449854005,-0.4099529811760794,-0.189288377827159,-0.48320227343506694,-0.22518062323357443,-0.6861162755846327,-0.24480624053125652,-0.8145349017592253,-0.2600516492882783,-0.9259027649316377,-0.09818282080161475,-0.511464057996127,-0.11616611600630351,-0.7357832743646722,-0.1278101825725947,-0.877991508278638,-0.14021950508472988,-1.0,-0.00865314368137722,-0.49100586447432815,-0.0018881874571199098,-0.7124638226678499,-0.0009508257563872309,-0.8497624325919126,-0.006651536190210812,-0.9680184041932923,0.07860037629108586,-0.43285197383055896,0.12171638025303058,-0.5921797545092878,0.14224555276387793,-0.7031278172072973,0.15079230113589798,-0.8070829128255081,0.0,0.0,0.16295207595805203,-0.09250642632183306,0.2958047404695086,-0.2491932851786029,0.3924298345713483,-0.3821155582502299,0.4592004500212027,-0.47785420408902274,0.18142991021016872,-0.5024482856788912,0.21827450280876123,-0.700557523620753,0.23432988471929064,-0.8235812360931775,0.2455170598297114,-0.9380762248724265,0.0940684126329933,-0.5199552480238614,0.09830180425387962,-0.7482483955040762,0.10890508638310646,-0.8791806082314095,0.11704184315724775,-1.0,0.011222984433888097,-0.47507537080889467,-0.022879849818228597,-0.6830988033581255,-0.029845619380690778,-0.8042632600212504,-0.036920827000319234,-0.9101036341177535,-0.057035541907480024,-0.3877719424049095,-0.06134650798793591,-0.43010332739340285,-0.0397746290719891,-0.3875932680258625,-0.023561715917266614,-0.3476668401793414
9,0.0,0.0,0.1631714253960444,-0.09103015135015464,0.2952004976754466,-0.25020022297196925,0.390292193548306,-0.38407775757370055,0.458378725957068,-0.4842520223610849,0.17599538231958137,-0.5001740281652773,0.21152337830114645,-0.7040797274527416,0.22943700280241913,-0.8274956071475552,0.24234133729793675,-0.9401321667567679,0.08608267886986028,-0.5153867592036572,0.08990360828748226,-0.7479019937852682,0.09970737979245727,-0.8793252395262736,0.10744780652415953,-1.0,0.0020109181876846625,-0.4706007014514474,-0.027305969317655047,-0.6772160196420011,-0.032730087454791314,-0.8035416118091586,-0.039065422537205685,-0.9145570881520131,-0.06551016132969202,-0.3822045978189505,-0.06778957166444353,-0.416643170830883,-0.05230258081513802,-0.37163409674280057,-0.04241650918356278,-0.330304792196617,0.0,0.0,-0.15926967788772897,-0.06304642595930922,-0.2885191747876409,-0.19964946111377513,-0.37046942806858285,-0.32126576933498474,-0.4472237109369101,-0.40428504797650194,-0.18880563483495497,-0.4802080724521111,-0.22711289927826542,-0.6794372743956174,-0.24676535776591935,-0.8063336048634956,-0.26130162385294176,-0.9183276876143782,-0.0983489085655657,-0.5093496980829628,-0.11686225101068769,-0.7343238343363994,-0.12797433085480145,-0.8770447033240933,-0.13856856592470265,-1.0,-0.009369927507430039,-0.4877744470457775,-0.004529396630347727,-0.7064392822372262,-0.0020601246987311593,-0.8422627722460274,-0.004552332808792904,-0.9596012694961078,0.0775084700030401,-0.42856748037389675,0.1196767053048674,-0.5836919782354186,0.14084409125578853,-0.6906527807338381,0.15138091464920897,-0.7913265060450364
9,0.0,0.0,0.16241525099461973,-0.08730910623386459,0.29598992259833024,-0.2521536090355548,0.3861689680063956,-0.392641785760142,0.4492308186418004,-0.49759003981179056,0.17585152601679088,-0.5077049588839824,0.2102559788208579,-0.7060681343029214,0.2281029645213984,-0.8333427955822406,0.237663009738395,-0.9462019634249381,0.08367411048406047,-0.521932154751611,0.08453487906926146,-0.7534843044028449,0.09131359155301369,-0.8829268746746094,0.09469037093839479,-1.0,-0.0016498419828117716,-0.4758192880518655,-0.029507934397695407,-0.6821368633419379,-0.03275063170281613,-0.8020754513332854,-0.037631020468372085,-0.9085877120985594,-0.07127432475958842,-0.38555696537932477,-0.06968015490708084,-0.41969211713188836,-0.06056658809565715,-0.36089978952595125,-0.05683381972134944,-0.30646075960376223,0.0,0.0,-0.15690407275417287,-0.06578592382663376,-0.28253398854360534,-0.19711915483578227,-0.3657794656608703,-0.31432074494243145,-0.44076897463618303,-0.4064133500071431,-0.18137213376958103,-0.4783225096152583,-0.21854740475393689,-0.6812610029950792,-0.24009195757068966,-0.8132954761806911,-0.25731485123713016,-0.9292348583271338,-0.08991304401309862,-0.5058552638384374,-0.10615393303692869,-0.7318306775175034,-0.11875742094967467,-0.8768406121893825,-0.13062898340922377,-1.0,0.0018286953358903197,-0.4817485525740823,0.008256247716227638,-0.7085681407779489,0.010580628242537395,-0.847606299032086,0.008293850456279197,-0.9673200037910272,0.09014676810739677,-0.4199113358142755,0.13757919989756398,-0.5807852234930737,0.16154500572707903,-0.6915504546297081,0.17290788279239905,-0.7963362909495936
10,0.0,0.0,0.14252143038968915,-0.09383440944462695,0.27014153906905103,-0.2400564527830539,0.3698744411724749,-0.34514801482482055,0.4500006785190271,-0.4156213869793839,0.1291830138801133,-0.49388042943842037,0.16670556345338447,-0.7071376175273245,0.18727483047835888,-0.8305915448178222,0.20056127690421147,-0.9405989399295921,0.03806745254579593,-0.509823091449005,0.035430996031633,-0.7426433997769983,0.03554969958010857,-0.8814578048403311,0.028414438228746213,-1.0,-0.042804857480433674,-0.4759945187592616,-0.06798775563949971,-0.691348405204405,-0.07932797089556011,-0.8242292732196295,-0.08919438317475623,-0.9401127922310615,-0.11722124537022607,-0.4052743446289105,-0.16961443417254454,-0.5552620940051577,-0.2005455069290214,-0.6556748572612199,-0.22257672148851865,-0.7504049118216058,0.0,0.0,-0.15489177055661738,-0.07878539915588899,-0.2781486996483146,-0.22198986038291285,-0.3535205450017871,-0.3519244356892749,-0.42591834927262373,-0.44542080523602046,-0.1660418308448914,-0.47110455726423706,-0.22254079250924774,-0.6714769476856566,-0.25666415108411383,-0.7952909738101241,-0.2841691066915248,-0.9042812568650368,-0.07414352533708882,-0.49944027160472665,-0.09145593588016143,-0.7362164345278667,-0.10548139874810297,-0.880225190499368,-0.11648966618836014,-1.0,0.016853500922555692,-0.4698261661785113,0.03538009730628172,-0.6907445357502172,0.046868926721365924,-0.8339317051665074,0.05566519565984573,-0.9566871717469255,0.10293138293737342,-0.40111617886468587,0.1556801267625054,-0.559809591602014,0.18448241926566342,-0.6697207011693925,0.2031284043252382,-0.7724960067194473
10,0.0,0.0,0.1437350678326713,-0.08878325186365402,0.27168915081955264,-0.23411478072316155,0.3746366917006926,-0.3307050654549021,0.4618858431712154,-0.38071598936729595,0.13224508506753743,-0.49962374790865044,0.17090615761570957,-0.7044797258090788,0.19151879539418473,-0.8232796854258878,0.20638827804431867,-0.9288384518259784,0.04151281136570796,-0.515558834089462,0.04093269905031812,-0.7466382505725153,0.044439944621452954,-0.882880681064532,0.044428711066189695,-1.0,-0.03823909412610357,-0.4819833216269126,-0.057355220715597635,-0.6941130265603013,-0.06264960971316556,-0.8239124370290818,-0.06490128945372228,-0.9379278382333477,-0.11060515306223116,-0.41082306963234444,-0.1608241137769042,-0.5599524042904692,-0.19034492487415897,-0.6594101260131263,-0.21005797810695295,-0.7536384837407969,0.0,0.0,-0.14890341788109757,-0.08659824386018504,-0.2712504009455709,-0.23836968585079776,-0.3552910209547315,-0.3668793925011269,-0.43832751826851224,-0.4469235199046487,-0.15703710454410694,-0.4951129814801893,-0.20453048675488672,-0.687562141653222,-0.23360297778552627,-0.8074123524589936,-0.25808845864559354,-0.9142801045933168,-0.0655671621952769,-0.5198760084526576,-0.08013926158306846,-0.7432696317628742,-0.09052731404428324,-0.8819492679132054,-0.09971047640868758,-1.0,0.022532087608865964,-0.48985303269123237,0.041833041371869155,-0.699879161022241,0.053755096767244874,-0.8348331370060031,0.06115113642848435,-0.9536704402034186,0.10518440567956766,-0.4210813056551913,0.1559144926566341,-0.5706958015329602,0.18538751858134084,-0.6731578840987147,0.20632960836357997,-0.7705587140372981
10,0.0,0.0,0.13919542521311165,-0.08261348089648694,0.26344204524934955,-0.22073472841831193,0.35861771696927075,-0.316318432041324,0.43000002414786864,-0.38330931514766287,0.13044812809746723,-0.48838286284788696,0.17050917390946213,-0.6897035097853872,0.1921526402877138,-0.8095202033143218,0.20696957127069035,-0.91373918477332,0.040231489518349296,-0.5066610554174804,0.0433542784791243,-0.736489602866835,0.04782351235042743,-0.8793465157442762,0.04707190993810901,-1.0,-0.03959157099862438,-0.47474481739784175,-0.06222033749597871,-0.691165529078461,-0.06957363181529992,-0.8309318501533524,-0.07342286915852995,-0.9523364002020909,-0.11270648775421334,-0.406153198908409,-0.16773844075065528,-0.5609265483546313,-0.1994556600860147,-0.6692619364927153,-0.21846908817916216,-0.7729166627538175,0.0,0.0,-0.1453934808819202,-0.08501320176347882,-0.2639507208608867,-0.23542377152278285,-0.3376540695948927,-0.36093128814953374,-0.4076986923065521,-0.4490274604523715,-0.14697584465795357,-0.4869842503423658,-0.19274833908634612,-0.6859945119109665,-0.22067188178919706,-0.8118649499112006,-0.24423518341919925,-0.9228599985602789,-0.05675505353057024,-0.5100124755883862,-0.07012053044215721,-0.7381033742315588,-0.07768059476033264,-0.8811707019291531,-0.08359528258048529,-1.0,0.03195768629249296,-0.47982605829966285,0.05404524060856198,-0.6886341334464549,0.06959808319021979,-0.8267144163071075,0.08094077196300781,-0.9468621292942622,0.11594048381938986,-0.411732437081498,0.17149537099105652,-0.562734714911635,0.20452573587792175,-0.6651019393627513,0.22723397879940957,-0.761027708249236
10,0.0,0.0,0.1393181481963822,-0.08368706738300019,0.2664543837650858,-0.22287773317644705,0.3606601911954389,-0.3185244069452896,0.42913514086973176,-0.3877065117689528,0.1327089802735567,-0.48936262956296134,0.16968672322745476,-0.6900554068968717,0.19110095037091948,-0.8101106354122644,0.20698984472898152,-0.9163763720452885,0.0429203274547471,-0.5079368357888505,0.04436528449632916,-0.7399897477592,0.04941193795918981,-0.8804133246404775,0.04990624242633147,-1.0,-0.03703849995392929,-0.47602559626691826,-0.05998211356837932,-0.6917268279440891,-0.06644052902313607,-0.8309174266768294,-0.07053766994356574,-0.9520793580305397,-0.10911682256716164,-0.4066246052974471,-0.16393110397615,-0.5608823364915797,-0.1954025593852733,-0.6679019695863602,-0.21517229035515484,-0.7702683943829416,0.0,0.0,-0.14558735835814646,-0.08855012296940222,-0.2627732254577046,-0.23416485979885504,-0.3350302198224139,-0.3585811808401451,-0.4021953527382144,-0.4477809081238602,-0.14895838272031156,-0.4923450461995009,-0.1926878113049047,-0.6909580929091763,-0.21969820911409277,-0.8145407728875673,-0.2428726827629819,-0.9230598179531988,-0.05901770051558336,-0.5147196678256886,-0.0710190868011061,-0.7423968983530848,-0.0788624178395448,-0.8837182902211446,-0.08574937213152084,-1.0,0.029854553540603943,-0.48373578573207693,0.05153082381820161,-0.6916628548266576,0.06749874960518241,-0.8293644121274608,0.07982787622527006,-0.9479405713553077,0.11440581705705473,-0.41513602091982316,0.16912643311272518,-0.5661738319242324,0.20169038688451027,-0.6691972832543253,0.22476603092965936,-0.7659938685579626
10,0.0,0.0,0.14619809873792622,-0.08307932510994266,0.2802731618968339,-0.23659669900306668,0.37880913851835807,-0.34372034770344806,0.4588640682666362,-0.4136650711594512,0.14014580638792326,-0.5056048585339457,0.17802424889939497,-0.703515316687453,0.198549100987654,-0.8241268273019946,0.21201191280330065,-0.9293795299349014,0.048664058717969624,-0.5222068786627773,0.050351371401986,-0.7467403390961803,0.05717509904384717,-0.882917388344068,0.0598673112443091,-1.0,-0.03266627120731576,-0.48781161194623035,-0.04773404014116673,-0.7032477789417694,-0.05158104841530855,-0.8375781914919764,-0.0537905075075886,-0.9567157866326883,-0.10455715836530868,-0.41518666262722603,-0.15370959299583084,-0.5692485394681474,-0.18599809255620836,-0.6750454756929534,-0.20763848209601446,-0.7777154592979333,0.0,0.0,-0.14395634857738315,-0.09119329850841902,-0.25794105843908394,-0.2427290232724403,-0.3288471019893367,-0.37083879931609176,-0.3988880757829704,-0.45911746158074535,-0.14091720595823035,-0.4981173637832132,-0.18277171695370806,-0.6930969106096833,-0.20686498207607298,-0.8166750862473063,-0.22648707892260844,-0.9265898000546318,-0.047507882818322536,-0.5206214527317549,-0.05702594332464397,-0.7456392754889033,-0.06311987616809035,-0.8846225183876222,-0.0687949657877254,-1.0,0.042059548580081006,-0.4883392292880002,0.06465887209094497,-0.6929630966071001,0.08055778316600963,-0.8278771528103301,0.09231466524579218,-0.945220432265092,0.1251243208973092,-0.4179483426690633,0.18089845581069094,-0.56564581780657,0.2149315923124395,-0.6660064546371206,0.2396206804684839,-0.7605702607821779
10,0.0,0.0,-0.14284440502685192,-0.09244840574088325,-0.25565957456919763,-0.24475984458828698,-0.3241849602545326,-0.37879528893765263,-0.3866903845462708,-0.4809092553490719,-0.12684451908177471,-0.48979270814800646,-0.16959325460177457,-0.6916324972176836,-0.1948350347021013,-0.821025787402218,-0.21487531628707268,-0.9355583151830567,-0.03521612071287891,-0.510926134883609,-0.045352751975986684,-0.7386087497352827,-0.05255698365123668,-0.8824946187758759,-0.059403249199016635,-1.0,0.05214519785707433,-0.4788537717873862,0.07916231411497984,-0.6894999077759023,0.09550590932217813,-0.8274968597768979,0.10739756070974239,-0.947698630063749,0.13292162674397848,-0.40955720849388394,0.1932241277248805,-0.560736414618158,0.2298042740300208,-0.6641681906166659,0.25598985861644846,-0.7632266137657757,0.0,0.0,0.14745580309178571,-0.0861525529578557,0.2726858519577462,-0.23422771951945018,0.3642702515516644,-0.34017148962745253,0.4418898784418537,-0.4103958113199729,0.13025433385721433,-0.4942546535134063,0.17018466064647506,-0.69504775604313,0.19221702287613618,-0.817645317776732,0.20725270301867918,-0.9282159928728508,0.04258566341978849,-0.5112562192367912,0.04192450786265439,-0.7354938540177528,0.04490559783107354,-0.8767085475473787,0.042808416429144354,-1.0,-0.037742931306476296,-0.47817867005265446,-0.059065301616335615,-0.6899429058523722,-0.06558172987275908,-0.8282538188555716,-0.07100108623909691,-0.9506017527814529,-0.11202283173949204,-0.40806824067743436,-0.16496523738911925,-0.5640739589715358,-0.19590692085253492,-0.6732243542500954,-0.21781686659977564,-0.7780874496467504
10,0.0,0.0,-0.1408489717939111,-0.09223904609480396,-0.2560033852573717,-0.24159413541268898,-0.3272869939321536,-0.37303010461019864,-0.3921490279355556,-0.47429981553459655,-0.13167035158555257,-0.4862260245850127,-0.17443831421844008,-0.6880147165325771,-0.19869653226588396,-0.8173832008398503,-0.21810202935884807,-0.9337835637854073,-0.040031865470733924,-0.5083858139999784,-0.04815887726287337,-0.7377591463597112,-0.05467489917846459,-0.8815541778840226,-0.06149616884150699,-1.0,0.047691908061772564,-0.47648167855137796,0.07453228264265543,-0.6831243483559117,0.09113321131403769,-0.8228283418343834,0.1037996760782727,-0.9434179009249605,0.12882472434931355,-0.4076990664207128,0.18755534859891285,-0.5600036869139692,0.22489421070713334,-0.6623506231243723,0.2516536647086919,-0.7589808076975103,0.0,0.0,0.1457532220483718,-0.08529955355252103,0.2725681558562177,-0.22988389602096138,0.36312805800603215,-0.33539400649591145,0.43744367591811895,-0.4063546150077602,0.1300196955938881,-0.4927696414512802,0.16847485455087768,-0.6929787625808347,0.18972332751907306,-0.8173584354783818,0.20262005165850597,-0.9278236533959956,0.041572030995103586,-0.5083695610709092,0.04128883737122545,-0.7312211959073295,0.04483392412104995,-0.8758298086821014,0.04195801297079663,-1.0,-0.03887406204127093,-0.47462530461787633,-0.06052401633920276,-0.6896297006071481,-0.06807778873479313,-0.8313664272577167,-0.07605334781541712,-0.953150559103152,-0.11380665036430991,-0.4038601802070245,-0.16620365850837943,-0.5619043299367921,-0.19720068449472858,-0.6733371160568201,-0.21853293207227864,-0.7793513159882746
10,0.0,0.0,-0.14315981493313246,-0.09255014584493002,-0.2521214684508299,-0.2516942822873936,-0.3146897790278976,-0.3846665492536776,-0.37958878028901594,-0.47535329954067523,-0.13042110554185024,-0.5020679255567368,-0.17195406495337975,-0.6979546357347718,-0.19591865593837618,-0.8211245036194482,-0.2153788304380747,-0.9318994807689094,-0.038771483041750605,-0.5240484084326523,-0.047827238356509545,-0.7450363873137408,-0.05511665666085173,-0.8846431523587798,-0.06323113689626048,-1.0,0.048280135393459926,-0.49112602056098553,0.0752428713389323,-0.6918009309907299,0.0912529037217775,-0.8291356261433304,0.1017826634150982,-0.9466071288538992,0.12809440004319428,-0.41874091281314235,0.18691702201236435,-0.5677697488433321,0.22207368479240397,-0.6695713097504631,0.24545643870977696,-0.7655210115686075,0.0,0.0,0.14125250983329787,-0.08401289435239595,0.2674288583497693,-0.2307034436629,0.35713673033367893,-0.34131871261509455,0.43492848942536283,-0.4086795583042444,0.1287437909036654,-0.49371128515681534,0.16787130261956043,-0.694877635708754,0.1887704904946134,-0.8172153605191353,0.20193535513603858,-0.9226529539904887,0.03791534537432786,-0.5114545614731483,0.040922846869578644,-0.7404513540446817,0.04479107502212738,-0.881969851426401,0.04288637147672344,-1.0,-0.04174136456718784,-0.47902709188218284,-0.06277054052483512,-0.6945898003374001,-0.06951466612680567,-0.8350487429454317,-0.07587839398334226,-0.9542558945006121,-0.11416699454560697,-0.4080068004903996,-0.16689681215054392,-0.5638924391601154,-0.19866723109030526,-0.6733434389210174,-0.21887911748240169,-0.77785644286804
10,0.0,0.0,-0.1445774167826744,-0.09565739419606402,-0.2506171976973627,-0.2540355131300369,-0.30939849056573526,-0.38820743292913523,-0.3703558887292841,-0.4822579289916404,-0.12639404658201187,-0.5058442921185581,-0.16470806057988596,-0.6999421308278778,-0.18796099468183378,-0.8213006109792995,-0.20730081322751415,-0.9307546997662657,-0.03508151578224039,-0.527031061665534,-0.04174608872124225,-0.7478487749756173,-0.04903824561830045,-0.8862641668929825,-0.057084625381937204,-1.0,0.05153495574517847,-0.4929261883518654,0.07962955714721012,-0.694600787539052,0.09497423873384603,-0.8305980843059794,0.10539002178910588,-0.9467479382103652,0.13067064786622123,-0.41946399948382623,0.1893473434082511,-0.567079280632222,0.22425493106929326,-0.6685758239110022,0.2487721168909186,-0.7652050515031624,0.0,0.0,0.1409106675500096,-0.08699349279072684,0.266112891012452,-0.24005109001540828,0.35785136965695474,-0.34860512902206725,0.434444145153122,-0.41779434613875627,0.12789927630102477,-0.4996713027819383,0.1627378850251306,-0.698685762768602,0.18115858571126417,-0.8207401351816083,0.1921501641736985,-0.9262876642880631,0.036997744461660424,-0.5148742554866736,0.03894503665855261,-0.7408196199006185,0.04355614869653995,-0.8814529197408311,0.04216870468808612,-1.0,-0.04293057451914409,-0.4803389819562315,-0.06231274484108169,-0.6968629934023755,-0.07016151774964978,-0.8359753790579911,-0.07713203806268039,-0.9551752791706335,-0.11312640163866933,-0.407420807247,-0.16481528373445248,-0.5617360110608026,-0.1976053539838964,-0.6694512868839181,-0.2191940877017458,-0.7724883792146033
10,0.0,0.0,-0.1460461569375751,-0.09598907461048395,-0.25273672507986544,-0.254104890874645,-0.3104197807052291,-0.389068917990849,-0.37244578884051,-0.48242593594292604,-0.12623628096047312,-0.5020864167670941,-0.16266692514607672,-0.7014422469031001,-0.18529773312857847,-0.8261047633837858,-0.20453849095942905,-0.9387813028096782,-0.03444141952414955,-0.5212518867860184,-0.04005259129106268,-0.7425090594584839,-0.04670034768803459,-0.8835172944236128,-0.05462353733095,-1.0,0.0526002101762889,-0.4865582399755721,0.08161789048272866,-0.6856934532132156,0.0976232398522785,-0.8259576635909716,0.10812352867416326,-0.9462296152346855,0.13261593929546348,-0.4146781852646799,0.19307362623352653,-0.5639883442924756,0.22895036723138645,-0.6665998607568969,0.25377934322795315,-0.7634786169497786,0.0,0.0,0.14318286317725465,-0.08178154835178775,0.2700799287938055,-0.23149206708848943,0.35831094843108896,-0.3468443204842532,0.43727354151092973,-0.41886506750573815,0.12969973249809127,-0.49711103789091804,0.16570605053203866,-0.6975794388124288,0.1861698534736289,-0.8201514381518514,0.198729266208677,-0.9248419760197663,0.03885312977765084,-0.5126362008612503,0.04007183379618955,-0.7391940158714077,0.045311576298676694,-0.8808455709007706,0.04409087778335351,-1.0,-0.04131812835358013,-0.4771491833067533,-0.06228035604160999,-0.6919484425240543,-0.06908059282826824,-0.8323866121929705,-0.07520549300370417,-0.9533239219678397,-0.11422153992703334,-0.403382320833689,-0.1651254192764657,-0.5584878204059359,-0.1954807295709678,-0.6674572851920315,-0.21531988936127436,-0.7722266721661591
10,0.0,0.0,-0.14590125707347618,-0.09413062331407054,-0.2533753220574102,-0.2584968900339279,-0.3079892596291566,-0.400109070879181,-0.3683918765039624,-0.49848466087474697,-0.12452052132866703,-0.5008995066657059,-0.16058985764767797,-0.7007763887793577,-0.18124005180866762,-0.8265923698261051,-0.19721973760044795,-0.9406782492908753,-0.03318423172409637,-0.5213468941228707,-0.03820773798102949,-0.7457669720594577,-0.04284689576330841,-0.8849629097038694,-0.04785120282359426,-1.0,0.053190280686179287,-0.48811041142055706,0.08307966293501522,-0.6922796506378083,0.10001736433671454,-0.8268732492124988,0.11326529607895293,-0.9434396527327079,0.13272270976975425,-0.4166756688216347,0.19102532337583605,-0.5659629107974945,0.22726016163050272,-0.6670097409189927,0.25427027195175994,-0.7634909291694245,0.0,0.0,0.1423371894135131,-0.084515611881824,0.2671008379691169,-0.23065563736659256,0.355167461401144,-0.34022540739840756,0.43109538077614157,-0.41368944771421134,0.12753803709359318,-0.48852839275428767,0.163982221506373,-0.6891467315114279,0.18758932546023394,-0.813911205721199,0.20286748422095496,-0.9228506840640045,0.03656644474141178,-0.5078371411127443,0.03924937620239858,-0.7393363429909678,0.046873149224732964,-0.881736218609343,0.04726679572699834,-1.0,-0.043972054527979546,-0.4756269747821718,-0.06574284010171805,-0.6946364425585092,-0.07127599326037556,-0.8390987387751522,-0.07754569344819918,-0.9593941375124475,-0.11712685560216832,-0.40372202358182624,-0.170723973586434,-0.5631778184070196,-0.20283963427077048,-0.6744328121063257,-0.22455945157763776,-0.7790210929870142
10,0.0,0.0,-0.14518541716431152,-0.09338854633609557,-0.25701866887913943,-0.2499388573827311,-0.3160686598811505,-0.38774636705802373,-0.37736786306030057,-0.4888379013408682,-0.12716359509341343,-0.4978607210135061,-0.16716293378398656,-0.6969744016875806,-0.18860126785179143,-0.8234374141889258,-0.2044519173254265,-0.9390579292488861,-0.03429636835340477,-0.5188945414797786,-0.039625103432531644,-0.7435639041858924,-0.044993365052115174,-0.8836547683545196,-0.05129708812917273,-1.0,0.05322007965991466,-0.4850992227017138,0.08349829646311575,-0.6883925183100048,0.10070323669790973,-0.8247531919106654,0.11337732054523061,-0.9435553401021267,0.13387183177200332,-0.41229298211975135,0.19440242110195308,-0.5597400268489093,0.231752594768523,-0.6601532755625074,0.2585693254662849,-0.7558783218525836,0.0,0.0,0.14231325941257764,-0.0815163036713576,0.26654722232559097,-0.22720636260863875,0.3552548238618355,-0.3370674820961808,0.43431476588695284,-0.40690963591825,0.12873824430292197,-0.487104502356593,0.16764660215602917,-0.6877219130428087,0.19023171988302368,-0.8106896803938904,0.2048689020830152,-0.9189797164902483,0.040305824563744784,-0.5077679670166803,0.04433185808344123,-0.7389722611102485,0.05089438896039153,-0.8801090204965206,0.04997356612254797,-1.0,-0.039124576705081335,-0.47678386968868336,-0.05969013336276134,-0.693464801239056,-0.06611016510907824,-0.8342312297014127,-0.07261591447742406,-0.9554331242148433,-0.11168977278414173,-0.40715831967796867,-0.16383973884355635,-0.5615915760621991,-0.19429904029626474,-0.6687849912036782,-0.21516072695729388,-0.7709713680044861
10,0.0,0.0,-0.14371578543293945,-0.09494177264837439,-0.24975121419987983,-0.2567614191117565,-0.30542147026670674,-0.3953442371403298,-0.3676254829678216,-0.4910623570915949,-0.12438781481574204,-0.503783943354029,-0.1622653224931571,-0.7020418429551372,-0.1842931666833567,-0.8279363243958208,-0.20217718868916484,-0.9405782679084052,-0.03316139991821884,-0.5242915602677082,-0.03813046598571333,-0.7475260938230189,-0.04299287231290473,-0.8865843170021364,-0.04915605806462381,-1.0,0.0532575032128313,-0.4900481768225516,0.08306185951999466,-0.6927855247346285,0.09880199466753455,-0.8283561830312437,0.11001417609653515,-0.9452006246244743,0.13161603327992522,-0.41735513051605583,0.18995343480873222,-0.5652371653648441,0.22522468956539154,-0.6664987232124975,0.25123571437512515,-0.7624104736214034,0.0,0.0,0.14827494179189984,-0.0878974036068385,0.27529001866158836,-0.2421069602475175,0.3641948354778821,-0.3492568824875599,0.44146003586989435,-0.41761378245992353,0.13947122961714692,-0.5027082745330562,0.17815111492004074,-0.7013345753910939,0.19812312854830313,-0.8245331163383268,0.21146347272243735,-0.9342155968455758,0.05036498358846142,-0.5197661764821777,0.05165230058741727,-0.7436204176022951,0.05722993959394382,-0.8808858103405048,0.059234547621111654,-1.0,-0.03098657169751263,-0.48468396651519846,-0.050067848785433945,-0.6977911309969771,-0.05504854671094013,-0.8331625147715869,-0.05824262896645576,-0.9522540636807502,-0.10503097508435516,-0.411174592777053,-0.15603394028799303,-0.5676470222871807,-0.18740366828241925,-0.6773918817348719,-0.20956692585762027,-0.7819523432909445
10,0.0,0.0,-0.14680563710114974,-0.09178493049439189,-0.2548865647303453,-0.2529726991145941,-0.310388667587132,-0.3913795299445081,-0.3697911361015893,-0.4891158471447137,-0.1262431401356332,-0.4993755886253973,-0.16343595865143629,-0.6995891647465979,-0.18387121658671512,-0.8259313401193291,-0.19893500416553284,-0.9397279789226228,-0.03321582611421403,-0.5203688695546235,-0.03887822052867817,-0.7423911897016747,-0.04400590193347949,-0.883540098903877,-0.049899593208578126,-1.0,0.054096807008655476,-0.4866952147435522,0.08452728317754493,-0.687555288771426,0.10240951830368222,-0.8245957166551641,0.11621276374893061,-0.9438526870809757,0.1334693640482514,-0.41432634209810204,0.1918675714718246,-0.5617550383371971,0.22753609731364666,-0.6630214659198371,0.253881788501687,-0.7604215269379064,0.0,0.0,0.14635454771634593,-0.08333171140666171,0.2755584579429356,-0.2316566526164932,0.3637543659242069,-0.34177252019892496,0.44144012309664704,-0.41399943299642783,0.13734239738531787,-0.49687418993009835,0.17480824373315573,-0.6949124261861171,0.19591015850171187,-0.8179887524278593,0.20876993675013794,-0.9241196286489474,0.046080685122938635,-0.5128674645314326,0.048991972023777204,-0.7412382146684497,0.05660079841017318,-0.8820173372195356,0.05855654508110546,-1.0,-0.03517051771437522,-0.47793598032205986,-0.05247963118509091,-0.6983132600389619,-0.05877486190916318,-0.8393044976103577,-0.06471282892095605,-0.95963560025021,-0.10774446783904144,-0.4052848374839372,-0.15846687617780741,-0.5642795270870881,-0.19014590808353518,-0.674626840856533,-0.21113450790733787,-0.7807644466987942
10,0.0,0.0,-0.14722625592100164,-0.09010803773663816,-0.2564936150412631,-0.2542359680603682,-0.31333335253314126,-0.3938539661773679,-0.3743450413344735,-0.4910138011975922,-0.13214134247477927,-0.49699362311770406,-0.1702054208320337,-0.6977340637107227,-0.19272291383965146,-0.8238533238185763,-0.21210687297611588,-0.938014129639524,-0.03920917994573383,-0.5180765148241508,-0.04597786353970247,-0.741742402604696,-0.05244076932294757,-0.8830498794732057,-0.059996060700276264,-1.0,0.04855919423915606,-0.48573168360235813,0.07691088279756896,-0.687025829960741,0.09213992001944356,-0.8262321174136706,0.10156656658975474,-0.9467287972451448,0.12838060096484044,-0.4159656336794349,0.18767620258518736,-0.5664679194374389,0.22308482228887339,-0.6697117562051796,0.24748356256443152,-0.7666081364695635,0.0,0.0,0.14444612232130627,-0.08431567281809499,0.2699809136722147,-0.23068165629540993,0.35918093069341417,-0.3379361387306868,0.4356390359902035,-0.4089482257600543,0.13324811250017624,-0.4892080299996727,0.17468746034580468,-0.6903726424155404,0.19745663214642364,-0.8121364852664867,0.2125859138345796,-0.9195324069794318,0.04552526509337959,-0.5084843470357179,0.049484863094498725,-0.736340024872132,0.054657381053682424,-0.8780070599699348,0.053583667457310316,-1.0,-0.03439781541708542,-0.47712131962016696,-0.05406080970254305,-0.6896679979311714,-0.059192369602970314,-0.8282704515485623,-0.06314450328497029,-0.9498158514194742,-0.10773995026721943,-0.4072186728427847,-0.15969454602617195,-0.5606441158740485,-0.18877444875524824,-0.666989354923972,-0.20827402549007562,-0.7689080613434333
10,0.0,0.0,-0.14569971129295142,-0.09187077346416936,-0.2554778282922933,-0.24592702341581493,-0.31527860872781105,-0.37817726892838105,-0.3753355317090213,-0.4759742320343274,-0.1357913554640237,-0.49255597715280103,-0.1778984789314444,-0.6883066196351612,-0.20226245608219937,-0.810954396971968,-0.2211889988630877,-0.9221377812876426,-0.04537955868672661,-0.5149504828376502,-0.05770560346665853,-0.7415733354459019,-0.06705972974339901,-0.881927301937265,-0.07500206685166987,-1.0,0.04154816237544781,-0.4819697323399913,0.06727993816261138,-0.6903617063952963,0.08257150747305149,-0.8267457831270606,0.09361159646692088,-0.9443647009484627,0.12315072722807409,-0.4100932950948191,0.18109584891144853,-0.5618620373792922,0.21463875748742195,-0.6658986226679503,0.2367254573272977,-0.7653088490216167,0.0,0.0,0.1441719011665605,-0.08532601963254925,0.2672787735954186,-0.23152470758241,0.3563791272383869,-0.3386986633301319,0.4346401917332652,-0.4083739213319325,0.13025099943141383,-0.48771864262882725,0.1716023607987573,-0.6883476637432251,0.19376458718934436,-0.8111548881564592,0.2085661625410048,-0.9192130809025022,0.04288115357164885,-0.5068845832294554,0.0466355974327065,-0.7350239485172962,0.05126766983855159,-0.8779164012487126,0.050248348275349124,-1.0,-0.036801700264389975,-0.4754563331531342,-0.05733196257593891,-0.6901432194416038,-0.06275044095230148,-0.8302366033689119,-0.06637109602368055,-0.951948379425785,-0.10960223847757816,-0.4058598582836576,-0.1616970664167721,-0.5595207860483365,-0.1909104155447413,-0.6666905953154099,-0.20988795043089709,-0.7689090531666932
10,0.0,0.0,0.1418476609363164,-0.08368846570193968,0.26460733076120635,-0.23148265887082856,0.35054046157176116,-0.3416172085632509,0.42684771474928407,-0.4094182260136669,0.129467555896061,-0.4878437834794721,0.16824013126643703,-0.6876504022618986,0.19072465073723102,-0.8079460360902979,0.20668570981363837,-0.9143108877452194,0.04122246054944767,-0.508336293046554,0.04495096841417968,-0.7392391005820171,0.051963861071127854,-0.8800181422780318,0.053137116637415,-1.0,-0.03756995519705046,-0.4768097334238454,-0.05945449329643225,-0.6948861204663738,-0.06582468638666118,-0.8355356788612166,-0.07074452034508862,-0.9567625427730048,-0.10949666671848657,-0.4066850587431656,-0.16355611104711132,-0.5608565536288741,-0.19429281588909586,-0.6680606218360798,-0.2146102672219102,-0.7701705286439783,0.0,0.0,-0.14856433905447872,-0.08882962534240083,-0.25905302390706814,-0.2451253756200373,-0.3200073948861316,-0.38122213623449563,-0.38372106153380336,-0.4773819161946168,-0.14312649798308158,-0.4960885359044568,-0.18371578322374493,-0.6913397243776781,-0.20788965548391466,-0.8148311058952421,-0.22801511644976138,-0.9268545710033805,-0.0526292155249542,-0.5199873320558598,-0.0640508482454346,-0.7431420046601438,-0.07365605953933746,-0.8829055494996504,-0.08348710897504409,-1.0,0.034949240251604695,-0.48965884522655634,0.058809827740644326,-0.6954947522831317,0.07180116684790615,-0.8336223492576359,0.07940035771711251,-0.952400935179989,0.11673219036474698,-0.4203495134107153,0.17193267817513327,-0.573950568232399,0.20423462272031495,-0.6785179608286369,0.2253747797093358,-0.7761963709911432
4,0.0,0.0,-0.11407454823622802,-0.09090925151431993,-0.1522561394293225,-0.26052530383564904,-0.06398936589950545,-0.3764972422476124,0.027566629488340648,-0.40431827041873314,-0.14759525522901182,-0.4890150707664114,-0.18815447300017313,-0.6838902034129468,-0.20513587951866827,-0.8144765217104543,-0.21466743849970732,-0.9251985428608781,-0.0541976665987485,-0.5053573889272973,-0.05375894664812069,-0.7312843246833856,-0.051372928446837156,-0.8796921687605485,-0.05211742736976495,-1.0,0.030176424308736356,-0.46646515974706176,0.060659510918532354,-0.6808007610760594,0.08105807474374632,-0.8250947222873268,0.09657389162851668,-0.9473421226507872,0.10830552810693225,-0.39102947255850873,0.1691222715446829,-0.5360224412615819,0.21176231743066753,-0.6407865571496041,0.24370834368790936,-0.7360074835612518,0.0,0.0,0.25894738354490204,-0.16992418367014014,0.5035829344562456,-0.4841002419453568,0.5040787682847143,-0.7999336693170005,0.2895687517828616,-0.8671207245369947,0.29691212112413745,-0.9480803762649899,0.3658692417498968,-1.0,0.3394370931595885,-0.7390746690125858,0.2970619338806413,-0.6461545415116032,0.11647275817407435,-0.9553989015327596,0.1827103507294729,-0.9650910834620187,0.1765856879578381,-0.6117173630440516,0.14996301824961827,-0.5371168961550653,-0.05182219306119993,-0.9007946212281533,0.007348158560264988,-0.916821443249102,0.034214180458370165,-0.5883064633204194,0.01175289306242717,-0.506062402924776,-0.22124238626428047,-0.8173409837115669,-0.13284365564677356,-0.8488166288867132,-0.09296487676591225,-0.6161746292920007,-0.10750554426929539,-0.5342263031689364
4,0.0,0.0,0.26400548893235887,-0.16860334240365898,0.522605462132549,-0.4680669616617775,0.5610905511147213,-0.7708077894564341,0.359270086768082,-0.8519529400071763,0.3139074152352482,-0.9975785513963263,0.40311010905984435,-0.995604062093917,0.35295083358945,-0.7087511436508263,0.2985157164911417,-0.6565071920218208,0.12823753387321443,-1.0,0.21598014092677056,-0.9461619625506674,0.2020294496188718,-0.6039854807740944,0.1727048077853152,-0.575572357859695,-0.04087873204360974,-0.93384706537645,0.036725057319350496,-0.882281095692182,0.05618568304462405,-0.5674714793524621,0.03343749565538402,-0.5222679501783843,-0.20029448731460878,-0.8402269878818123,-0.10299720081014702,-0.8235143779796671,-0.07347644116273312,-0.6025064625700426,-0.09479308683227135,-0.5430011231664241,0.0,0.0,-0.11706437412792006,-0.09404574875095648,-0.15531515506143945,-0.2676281406130441,-0.06874116217311069,-0.3870494846288878,0.020418670387541072,-0.4227884592879327,-0.14960176441463743,-0.49409400009002113,-0.1933647207093667,-0.6926014493405951,-0.21184023045415673,-0.8233308907593284,-0.22224682000270063,-0.9329773776837557,-0.058497907008146915,-0.513121303506324,-0.05918322005671333,-0.7392041769815907,-0.05798341810325427,-0.8852035108250439,-0.0613464644191385,-1.0,0.02498728001080254,-0.47719911779268126,0.05483354188234235,-0.6919311158122159,0.0722825223927623,-0.832658306702075,0.08513408651032993,-0.9504573974884097,0.1027203312778503,-0.4042154386280776,0.15834879596705226,-0.5514577845793761,0.1976900571634334,-0.6551115992258181,0.22858085250033758,-0.7474964936760139
4,0.0,0.0,0.2425885845578425,-0.16616629986005216,0.48947874747638986,-0.47630440331085483,0.5284494270046541,-0.7564970949966914,0.33343218999725416,-0.8035393174382879,0.28297768438703474,-0.9927725409093763,0.3855076683736378,-0.9494144228969178,0.33870145757583553,-0.6749814107993508,0.27955129858943295,-0.6430890066688844,0.09869033585549174,-1.0,0.20346872133675226,-0.8982553388820266,0.18864768784632668,-0.5696759741252706,0.15506656302616978,-0.5745187063077741,-0.06697877720251956,-0.9281396392547507,0.030419785490717565,-0.8205376862342026,0.04834229126795631,-0.5290310913195,0.018948402904920354,-0.5247975374044581,-0.2146511382895502,-0.825969963612452,-0.1041545515405463,-0.7597960040892093,-0.07581407425780767,-0.5445119066284292,-0.10091689210133872,-0.5075981370150596,0.0,0.0,-0.11240450986281492,-0.09232010966156651,-0.15212916519402314,-0.2572177084557611,-0.07117049146765443,-0.3747234975771416,0.017433290828523636,-0.4083479333914387,-0.14278821722302754,-0.49048163271266765,-0.18625882831356727,-0.6857195494181251,-0.20466718818256763,-0.8165294703524388,-0.2145067637691642,-0.9271783925599312,-0.05303636976628814,-0.5070784479832823,-0.05687963584316722,-0.7371391356400513,-0.0542816048254684,-0.8839558315068341,-0.0539169368677901,-1.0,0.029009708143469388,-0.4682170882253533,0.055143074952675314,-0.6816166487421904,0.07582790649278871,-0.8257274016446146,0.09306067909121431,-0.9479269040841828,0.10722052385528032,-0.3928982003488849,0.16509193859143245,-0.5376754516960992,0.20644503223807972,-0.6438789212512394,0.2387946045992535,-0.7419389354588266
4,0.0,0.0,-0.10994749354751851,-0.09002101024297232,-0.14921240321277757,-0.2558630563418206,-0.06741392860348379,-0.37392007132208555,0.021766453006889213,-0.4054404981600303,-0.1393060107136368,-0.4904847789299936,-0.18474319233101505,-0.6913290743671752,-0.2036269622877358,-0.8252353048701733,-0.2121506410887892,-0.9362899544878405,-0.049393499576401975,-0.5053510719109634,-0.05601947018504776,-0.7370635681620662,-0.054322615318267695,-0.8845830843189922,-0.05429538792603344,-1.0,0.0324452004264439,-0.46773704523413917,0.0589774048217933,-0.6817353180049956,0.08032970046037552,-0.8262948472091786,0.09819415347164301,-0.9494848413203999,0.1101451999886165,-0.3945811469326906,0.16720724670042317,-0.5430731872303257,0.20971043736769404,-0.6481840560769351,0.2443287667934177,-0.7452810414162842,0.0,0.0,0.24292710025993386,-0.16166246613345123,0.486909472702941,-0.45916433014509256,0.5385756308207817,-0.7302363377223366,0.34368156781465226,-0.7783608069828959,0.2895805152921032,-0.9738763406801954,0.3969595987990239,-0.9497911479401904,0.36396465732485167,-0.7149059264758527,0.3014821595465827,-0.6588956134794003,0.1110064648435258,-1.0,0.20635162801028203,-0.8814598047546245,0.19335173185568533,-0.5738248718016483,0.15864854684508856,-0.5445564853589995,-0.055816637314990335,-0.9359164410231522,0.03754518543078357,-0.798675797587423,0.05596172722935926,-0.5267126950071184,0.02858418138188066,-0.5028565494548384,-0.20385399923597547,-0.8263806299758699,-0.09403254659094762,-0.7473267817295092,-0.06808574480245748,-0.5483936931403037,-0.09395846664386873,-0.5074556461333071
4,0.0,0.0,0.24347546308228094,-0.15805980144018644,0.4876774350230963,-0.44833567930849905,0.5258371166313118,-0.7244500725820485,0.3454473212928636,-0.7969288651868299,0.30324028182541096,-0.9813148034337147,0.3994293938572898,-0.9136570999341365,0.3497182627007571,-0.6548203181274492,0.2945327764671156,-0.6290828779057601,0.12076278886884347,-1.0,0.22247044952408646,-0.8631101462875218,0.20321844663402128,-0.5581958790137652,0.17286863199910127,-0.5664417614418605,-0.04410846335322456,-0.9299825538748241,0.05338305038449762,-0.788029854461428,0.06654969832741883,-0.517483848016054,0.04079380970947356,-0.5167205800396062,-0.18911588676759866,-0.8254085080699343,-0.08162534225905294,-0.7344612187175776,-0.05687957217343034,-0.5355464800459944,-0.07917748789014228,-0.5052368663939608,0.0,0.0,-0.11505400359232772,-0.09730841371650352,-0.15433568675314144,-0.26960502411137643,-0.07228265516542237,-0.3873945958373953,0.017587163705422265,-0.4164429206808207,-0.144784361678368,-0.49876619185523624,-0.19022893725494344,-0.6935255742448233,-0.20942095234718094,-0.8235406990826438,-0.2209923540784873,-0.932503588181179,-0.05384688196420998,-0.5179010133841517,-0.05723159704160574,-0.743859484565888,-0.05683038419490194,-0.888303973494215,-0.06043486553936247,-1.0,0.028802964456774105,-0.4814120919203511,0.054524482705667336,-0.6957055069108412,0.07126303691529948,-0.8380434139181109,0.08369048330562782,-0.9566724441697882,0.10725794897590635,-0.4070789045259268,0.1611783246689851,-0.5531934455032562,0.19954133621893924,-0.6577830287823748,0.22903262521029358,-0.7509360441557186
4,0.0,0.0,0.26178721156943885,-0.1526879116606731,0.5133357447485553,-0.45210323980429207,0.552612253254574,-0.7407493376467041,0.3580108927418126,-0.8064945759889363,0.3141498559691501,-0.9778810961372839,0.41005760929780055,-0.9520039134287739,0.379791813133776,-0.7266230888038641,0.3330183688388366,-0.6613223093732156,0.12903058978571968,-1.0,0.22507630486413277,-0.8973817080668532,0.20835813957591745,-0.5809467370296941,0.17918356457263954,-0.5192229239798816,-0.04078359231709725,-0.9402417235879303,0.052112579221530675,-0.8256346012327422,0.06871924951241853,-0.5341596030352194,0.04796414393897679,-0.46854669845516306,-0.1953077490087897,-0.8397973559410101,-0.08592279070305125,-0.7745005313124498,-0.05738950206912203,-0.556183591647823,-0.07041220902163368,-0.48577716272154875,0.0,0.0,-0.11446922580804728,-0.08778099726227552,-0.16097013235822907,-0.25940751761256725,-0.0784690051158729,-0.38051440301815576,0.018773141762379215,-0.39840051444106855,-0.15257104480621894,-0.48885158261021766,-0.19678527602693205,-0.6823512848660341,-0.21674665489641737,-0.8119497963353683,-0.2291815174109003,-0.9219535823476701,-0.06084559348120978,-0.5068807634427218,-0.06612865973262001,-0.731914942191968,-0.06700260074312382,-0.880370762852941,-0.06996185449917146,-1.0,0.02320296640722653,-0.4700444999134354,0.047633590109946555,-0.6837153147051381,0.06466098067231207,-0.8287379261404173,0.07811315800988929,-0.9516522804540932,0.10121856325589448,-0.3951402061188808,0.15459791217592972,-0.540188691809086,0.1944357414781429,-0.6462964238355159,0.22516705065836662,-0.7418214333956725
4,0.0,0.0,0.2501581206850566,-0.15774056379103782,0.4992064537930159,-0.46702692056700085,0.5230971040444157,-0.748769989024142,0.32894887569948483,-0.7932146057289787,0.30650205463582864,-0.9770727159922816,0.3746789855815181,-0.9515778908380153,0.3483774075901948,-0.7209996040881985,0.3138714977667876,-0.666224531659881,0.11412078726444468,-1.0,0.18729398733713856,-0.8842748942823617,0.17992942491729347,-0.564886039702001,0.1643431610758121,-0.5328797717205281,-0.06259153127717587,-0.9356524175741201,0.009354887702014786,-0.7973858911274126,0.030676417753270867,-0.5153000244896858,0.018278406671759832,-0.4932696429243039,-0.21960027550178735,-0.832293311215099,-0.13281147047499942,-0.7514368669968898,-0.1002789469951902,-0.541723333158202,-0.10702495105651605,-0.4978138720719681,0.0,0.0,-0.11710683252988364,-0.07735044032304601,-0.16900913241874557,-0.2449546532542586,-0.08529573599420232,-0.369035244410899,0.012563522725832629,-0.39634865344936177,-0.16188285735926417,-0.4783672754847591,-0.20572064824936187,-0.6746700708530929,-0.2259197182969912,-0.807024125889274,-0.2388635742719661,-0.9203000698186337,-0.06657261241050527,-0.49937239856330995,-0.07280324024476897,-0.7257669071465221,-0.0753406126651414,-0.8765206330419263,-0.07972645477836195,-1.0,0.019938834279328174,-0.46365879701521656,0.04341472356801806,-0.6795068311152385,0.057987337157394306,-0.8222987571458001,0.06863047906074633,-0.9442147201492922,0.09926683066726749,-0.3908744187060889,0.15357918491092304,-0.5347439801690325,0.19169930420087725,-0.6414836739631904,0.2202820625644511,-0.7389733566317535
4,0.0,0.0,-0.11609267802500044,-0.07816458863517169,-0.16889758683226863,-0.24963081189355532,-0.08714427361422679,-0.37553576647401005,0.014788742732005332,-0.3974541834423838,-0.1594741821879583,-0.4890309829758443,-0.20634258894744356,-0.6832607590341991,-0.2291867452595393,-0.8124030656024512,-0.24327381039758617,-0.9221161224372687,-0.06772536621885455,-0.5102423843693242,-0.07505654923553441,-0.7341092978286428,-0.078890820941433,-0.881919724773703,-0.08350603925818079,-1.0,0.01600847137574448,-0.47413975100987926,0.040131607919962314,-0.685938557170443,0.05313786536811384,-0.8274601753259838,0.06421671135001542,-0.947387525405453,0.09306382757253982,-0.3999729097467528,0.1456263920453408,-0.5433117100622276,0.18424187993012583,-0.6480463657024049,0.2154323697832913,-0.7423642184461938,0.0,0.0,0.2643889301965047,-0.16718453931648247,0.4965540682157421,-0.45727530715732145,0.5266030343432315,-0.7310969841721435,0.335789741844668,-0.7896653392444398,0.3032057366316734,-0.9759478105502573,0.3798794455163173,-0.9365023579874717,0.35672725736822936,-0.7151267426567411,0.31234627523516784,-0.6631208528017056,0.11789485764014239,-1.0,0.1975764516306414,-0.8638012197833462,0.18710756104694484,-0.5582284637896908,0.1679102782645701,-0.5359531659299035,-0.05342575613524352,-0.9321973340516343,0.022429636925980205,-0.7769569383379569,0.04281288659478876,-0.51559236316487,0.027280558935873313,-0.5035108817010981,-0.20548161359501377,-0.8201012156127381,-0.12011756599057655,-0.7192033128973534,-0.09048732095273691,-0.5344344801443189,-0.10344688810205185,-0.5104423262005308
4,0.0,0.0,-0.11984455284179188,-0.07258294837043101,-0.18112178510000254,-0.2449839923183731,-0.09935770510537507,-0.375010094978977,0.00723008502498107,-0.3931289561504489,-0.16955563008616076,-0.48425853526758084,-0.2144645679279662,-0.6809637322320942,-0.23585066945806454,-0.8129285991299201,-0.24820553700764814,-0.9253420588289482,-0.0757655328791897,-0.5060643501999879,-0.08252017163346236,-0.7295802265065654,-0.0856964168586116,-0.8783077440886675,-0.08815843613042997,-1.0,0.009143227990948296,-0.4707228440773295,0.03329114408022839,-0.6820153929692194,0.04634676660547277,-0.8209771120825623,0.057683254656880664,-0.9398904505758083,0.08666038417247289,-0.39602640496519104,0.1382710013367304,-0.5385346891212016,0.17509286225060283,-0.6424406981479452,0.20531103860115255,-0.7370405067676145,0.0,0.0,0.2622273317136216,-0.16497579645330518,0.5015307854899803,-0.460194839208956,0.5241727493597049,-0.7238305567473803,0.33312227068488537,-0.7550087785566315,0.3043650616078315,-0.9742236834139241,0.3685399957357536,-0.9462191664714414,0.35282532646491344,-0.7521835837042613,0.31638576162862625,-0.7062950279413429,0.11886521033000529,-1.0,0.18743758275138653,-0.8449567389570496,0.18015756653672121,-0.5448959339620904,0.16213415003303475,-0.5209714058588639,-0.055872420065121886,-0.9289276473205003,0.01080670592230122,-0.7563599129251414,0.032703611184960374,-0.4990437032610956,0.021715806403213453,-0.4901395882633198,-0.20974933075021782,-0.8108969921269377,-0.1327642845673764,-0.6999102402455364,-0.09826060862904479,-0.5149314430262462,-0.10487150667407207,-0.48967078438443495
4,0.0,0.0,0.24674394861618693,-0.16423686835185708,0.4830790875841821,-0.4565950111260294,0.520867024649622,-0.7328194989455045,0.34016371698929393,-0.7964258034054325,0.3027165645763056,-0.9764956839090414,0.3779012662086753,-0.9396252547814417,0.3421788097632838,-0.7092640932279015,0.2960551229000269,-0.6585663408626905,0.11666232030557211,-1.0,0.19299008215604962,-0.8854051253001165,0.17311186635178238,-0.5647935768549395,0.15174741962296417,-0.5324911779162562,-0.05625810030241129,-0.9354403967923575,0.014528402042799071,-0.8014297796942313,0.028322601236761964,-0.5264050559641946,0.013898764501243135,-0.5097882952542508,-0.21029809674298017,-0.8280078947508778,-0.12714229050516132,-0.7516477106373375,-0.10068670633879104,-0.5541975321464633,-0.1122352076582789,-0.5225781060738548,0.0,0.0,-0.1195947032926368,-0.0750788587296948,-0.17171859484605134,-0.24729387432892266,-0.09047192749985515,-0.375144717503813,0.0038123618687330115,-0.4016475188378953,-0.1674653055374132,-0.47959937853239737,-0.21325030805258294,-0.674854757753717,-0.23447333754756647,-0.8052262337306473,-0.24876430336555444,-0.9158095273968043,-0.07374443144009604,-0.5020191083892231,-0.08184832412350396,-0.7299502731032967,-0.0861014696670818,-0.8796792831529058,-0.09227531641611532,-1.0,0.012247776781166432,-0.46822784979369,0.03502677552365345,-0.686354668691262,0.04755762570852813,-0.8289887292505685,0.05579464483776329,-0.9484130709467634,0.09222816147634065,-0.3971519854026708,0.14350398293911276,-0.5434657126800639,0.17981343033066108,-0.6509364209084428,0.20658061561061405,-0.7481581179888476
4,0.0,0.0,-0.1200971732714852,-0.07620912230145396,-0.174756660744437,-0.2487235038530262,-0.0912444759767508,-0.37739834316235304,0.012505550023192317,-0.40180264312298014,-0.1658485473730723,-0.48265184573136793,-0.20947685615523204,-0.6770379306647114,-0.2323130012430729,-0.8086307904445744,-0.2466633528835756,-0.9208464714200173,-0.07356480865254587,-0.5046959755909962,-0.08232504390223609,-0.7274277681156395,-0.08635729515039874,-0.8765962219491851,-0.08923783160400944,-1.0,0.010694263526897611,-0.4700751495740897,0.032780287287795445,-0.6815812875083631,0.04462038576345277,-0.8216692014926871,0.05417910407172706,-0.9407628320835844,0.08843023478444742,-0.3971291946911754,0.13759691731444806,-0.5442210339870521,0.17037088376801685,-0.651665955082829,0.19631335138788983,-0.7496359456728708,0.0,0.0,0.245774254569578,-0.17155019651908546,0.48657637257811137,-0.4836654977322943,0.5099181245118806,-0.7674709555395614,0.3128203024166228,-0.8119120354973884,0.29569960823314273,-0.98207563333812,0.3708330889425473,-0.9628877542735642,0.34139062065243236,-0.7323506271476894,0.2997061242934458,-0.6781689731859727,0.10984915574661216,-1.0,0.19088918854650422,-0.9096592966110535,0.17860382023971774,-0.5903905446625486,0.1577145479020869,-0.5628787395040779,-0.06035662659235646,-0.9362895613303372,0.016082117615581912,-0.8322050906287715,0.03798959660929093,-0.547497000133199,0.021615076855243893,-0.5201666461041315,-0.21527529574656015,-0.8363645977289137,-0.12378015288702326,-0.776095085014766,-0.09123091187571637,-0.5659021545010138,-0.1028616981225298,-0.5204255317919426
4,0.0,0.0,-0.11808508649991085,-0.07070963263467715,-0.17585435890774012,-0.24171110772999835,-0.09626672327227409,-0.3741406558854967,0.006120966912653279,-0.40216441119520385,-0.16952190268179962,-0.4820603266159656,-0.21519904619456748,-0.6785280713332987,-0.2361701729998217,-0.8104293225953235,-0.2493970671349942,-0.9237339404744283,-0.07727177080300489,-0.5044223367678791,-0.08660473166120805,-0.731406369111531,-0.09022279077346602,-0.8791595119059742,-0.09378883033689125,-1.0,0.0077364155247653206,-0.4689059187373633,0.030048680206483498,-0.6830331632440954,0.04211110394934262,-0.8234594378633951,0.05200192472330681,-0.9430314164674419,0.08585542275015273,-0.3950607580513221,0.13418584751322038,-0.5399983072327142,0.16805156871274288,-0.6466209003603206,0.19504459788000442,-0.7437263322600867,0.0,0.0,0.26009866978532215,-0.17084969937764827,0.5004361655535026,-0.47458589267577916,0.5152966217374025,-0.7550027119749315,0.31990070255842135,-0.7934408254846215,0.29705387595790483,-0.986983353500725,0.36783114491444296,-0.9491570659791702,0.3368872748803912,-0.700052517609785,0.29447618058392583,-0.6429896767209238,0.10668378927746489,-1.0,0.18827160408109875,-0.8804159305823289,0.18275725505367432,-0.5672404537232653,0.15530715303176024,-0.5267707890999993,-0.06399205487159847,-0.928183904394066,0.01843254236610301,-0.7904872306667292,0.03927628456379418,-0.5109244126900986,0.018532523008739695,-0.4745345137344242,-0.21432892020628228,-0.8178108294033072,-0.11570065462325767,-0.7395968058406469,-0.08471498712610365,-0.5357346091603931,-0.09827388974967902,-0.48864344875450505
4,0.0,0.0,0.2652280891821021,-0.17849598853018775,0.5009499785749513,-0.48973268546142007,0.4997191836382697,-0.7617960389262143,0.29800962644955953,-0.7727880321564379,0.2804883833116388,-0.9787512026324513,0.3524890786151064,-0.94235610856436,0.3322565561996545,-0.7412756932148622,0.2900730607635941,-0.6786196878680325,0.09197193992362442,-1.0,0.17242919627770098,-0.8712982501529398,0.16421882116417516,-0.5728244143146275,0.13380306742018158,-0.5138896300069261,-0.08010300193229684,-0.9294827535095308,-0.0046522000425806,-0.7939567887759694,0.018042316492436553,-0.5290806632871684,-0.0009400071686326507,-0.48280983450160486,-0.23437440205249271,-0.8115614413802582,-0.1490453725937245,-0.7324865722886533,-0.11563839907724068,-0.5365082830046811,-0.12441620110979057,-0.4901857107052479,0.0,0.0,-0.11515654985579994,-0.07466889331729101,-0.17044472202307812,-0.2456157227077515,-0.09069500615203462,-0.3743232101433817,0.011019129599723827,-0.3943976144345165,-0.15747894410858093,-0.48761562204240505,-0.20148216512869752,-0.6830365952405614,-0.22132204490473814,-0.8141488057370847,-0.23251947274932847,-0.9241006997596428,-0.06446971886797144,-0.5052044187345119,-0.07279852305104335,-0.7304996964120121,-0.0745202662849061,-0.8795841261180983,-0.07625271283286036,-1.0,0.01935118542251976,-0.46561191151502496,0.04446590225584538,-0.6777400805851163,0.06036194950162863,-0.8209865976217101,0.07446133031490844,-0.9452037738259667,0.09514189444459385,-0.38744506676463136,0.14869247163435473,-0.5320162205337933,0.18674302419971897,-0.6360783111362631,0.21679020752438916,-0.7323963507660287
4,0.0,0.0,-0.11854383173936443,-0.07357611010468185,-0.17478407989256203,-0.2457227699574357,-0.0945670929889704,-0.37452595483915146,0.006848435148697801,-0.39263361692566895,-0.16073774188966103,-0.48405974511212113,-0.20447001736868645,-0.6816666129024043,-0.22477819412067984,-0.815083549663747,-0.23762827728550465,-0.9274418737581163,-0.06732261896474932,-0.5017481874369331,-0.07235311462031395,-0.7290482084332924,-0.07464177437912181,-0.8789143920139131,-0.0783393407822304,-1.0,0.017358641020547568,-0.4630950784194212,0.04403547762189915,-0.6779846098384072,0.05891134159944719,-0.8210122622134011,0.07067114211705555,-0.942383386729735,0.09453823006916348,-0.38667597071375737,0.1478095590594763,-0.5306534112292605,0.1863841439569252,-0.6364177607694063,0.2169730380713231,-0.7322804309969648,0.0,0.0,0.2582785215753059,-0.17298200707753045,0.4940201044778303,-0.4794298096132391,0.5109179657762228,-0.7480684713953876,0.3128166046168126,-0.7746419919384858,0.28351938355804396,-0.9863388274230193,0.3657043746637198,-0.9294110889979675,0.32393301975173916,-0.6710541359013719,0.27823236753742364,-0.6268382641790373,0.09653091556541947,-1.0,0.18571229638283035,-0.8669137643391515,0.17452164899632036,-0.5637072561755002,0.15028183872745332,-0.5500374141384805,-0.07166202760247709,-0.9249842459655855,0.011530110931159611,-0.7891741743287535,0.032114389190483754,-0.5291060865569727,0.0157555244779495,-0.5200443334512741,-0.21525917079865775,-0.8116982442717897,-0.12667239302563613,-0.7320378270215149,-0.09824584312937164,-0.5465089439026333,-0.11355245212967995,-0.5210759991959076
4,0.0,0.0,-0.11822244952250972,-0.08381160965695425,-0.17045551518027754,-0.2604440265263366,-0.08837435178273105,-0.38525133917616255,0.0144052539773661,-0.39976079428677125,-0.16000533533383787,-0.49010980912916885,-0.2023307450086257,-0.6852876695571305,-0.22439765628511907,-0.8176729248756992,-0.23865228288175824,-0.9306327013222637,-0.06860974022672221,-0.5090876800214592,-0.07310350621337945,-0.7308219435501047,-0.07536041138076818,-0.878647094932833,-0.07737648960088903,-1.0,0.015111080324040469,-0.4725736574524076,0.04044816804238201,-0.6819206612276721,0.05469144600074724,-0.8212866555489314,0.06561193110344873,-0.9383796944858146,0.09263746038109316,-0.3983876090556238,0.14444163594305343,-0.542814211737587,0.1796244779810625,-0.6490314232003013,0.20681935252334024,-0.7453044272216987,0.0,0.0,0.24857495601626123,-0.1739123590297486,0.480762890114263,-0.49442328463418794,0.5105734430047999,-0.7753058455008316,0.321283465175228,-0.8044084314677231,0.27745787837311914,-0.9769716157300717,0.35708382345867423,-0.9772780078390902,0.3382278816819207,-0.7637906330305853,0.29877588918575787,-0.6933659257574897,0.09463784656781075,-1.0,0.1781505402675319,-0.9018172171375514,0.17001307486783013,-0.5908639178834165,0.14697944315930786,-0.544753217335788,-0.07240488653142851,-0.9374584031169785,0.0072230992246909475,-0.8144476560712136,0.030101202683773316,-0.5420557423740869,0.013948129069497951,-0.5076086401991694,-0.2201539540178617,-0.8346386336835998,-0.13274350665914533,-0.7540338955380738,-0.09616485119867531,-0.5556480659544727,-0.1014015033911572,-0.5145679098723269
4,0.0,0.0,-0.12247534197474064,-0.08158052314205708,-0.1776177506093319,-0.25552016004510536,-0.08989742177786507,-0.3809728802827575,0.01753841563835833,-0.3974232726079107,-0.16327120883141902,-0.4870350490290599,-0.20481893133659607,-0.6851998336650168,-0.22713035981150695,-0.818754209569523,-0.24104327669154815,-0.9321863573625203,-0.06983692654564631,-0.505991377725402,-0.07662903801041357,-0.7282095641419564,-0.0801802480495848,-0.8765575594078068,-0.08234926938464726,-1.0,0.013961047599487842,-0.46985253166089547,0.038518775614286994,-0.6796731714885575,0.050473579373983765,-0.8183119151631796,0.0600402324982803,-0.9370282031068529,0.09112012142095037,-0.39477533566692585,0.14138473574590807,-0.540491686688747,0.17465591767195596,-0.6473173700776997,0.20058910804808408,-0.7455645748338519,0.0,0.0,0.260594249149625,-0.17434029896938766,0.49928979036112714,-0.5107894124487624,0.5159283277219073,-0.7940065812759869,0.3266519736032977,-0.8170061141543626,0.287983657094619,-0.9855847652526181,0.37352075746456315,-0.9597426616001197,0.34015317431951236,-0.717368609773293,0.29510408613052963,-0.6685604628026258,0.10411240251217894,-1.0,0.19729898035837293,-0.89751674911065,0.18640332516688482,-0.5948666855670967,0.15742273005739996,-0.5843581812397258,-0.06143486598113152,-0.9347028638770633,0.02858839194102604,-0.8171114907877726,0.04892449432207603,-0.5470132797654345,0.024935142847409438,-0.5388022747495067,-0.20537552190303848,-0.8340592291742571,-0.10141548245464618,-0.7625616164602343,-0.0787423284367362,-0.5715706545996467,-0.10737200492181054,-0.551273960192461
4,0.0,0.0,-0.11896710894337192,-0.07583485473138518,-0.17440803939476002,-0.24803666047030365,-0.09009295127513221,-0.37277113849352295,0.01389896595459505,-0.3929656753360363,-0.16233460535133729,-0.48457370878415346,-0.2051362961801273,-0.6831259927468447,-0.22605419548772238,-0.8179516176471874,-0.23892721979579112,-0.9327174525514742,-0.06683953712964294,-0.5036308044262845,-0.07256551291106533,-0.7268411054109495,-0.07610901245792531,-0.8764143317591249,-0.07988833720496707,-1.0,0.01812049938974035,-0.4660933500500072,0.043929949712972455,-0.6753431781366428,0.05811050669769804,-0.8151053182517919,0.06971505961072226,-0.9364836597039446,0.09472768893927341,-0.3898826033586289,0.14543331350147368,-0.532538047583054,0.1810481657667511,-0.6379676531777956,0.20973663659628153,-0.7359898988691759,0.0,0.0,0.26050631621641174,-0.1764388985822324,0.4968143785856888,-0.486408193560136,0.5115399262392695,-0.7676562321005821,0.31392993040213757,-0.8110249296407746,0.2965366570227359,-0.9799087434021074,0.3690951095729359,-0.967194967179768,0.34673777787285043,-0.7553663422406701,0.3071951754639037,-0.6999303936936068,0.1121745173366989,-1.0,0.19448925211640605,-0.8978706887646752,0.17873072773632578,-0.596304251332526,0.14986479826414875,-0.5640669335142966,-0.056460059124548004,-0.9363582194408472,0.021184607577207974,-0.8207633388397279,0.04007879332556302,-0.5541070113224945,0.02228401005505738,-0.5269568927834895,-0.20998622510054635,-0.8312031589385277,-0.11760341518430753,-0.7692276514640827,-0.08671241505736679,-0.5705468218514828,-0.10024483237208329,-0.5277801780491601
4,0.0,0.0,-0.11636584811204849,-0.07693596294161473,-0.17374531280471742,-0.24159341117254532,-0.09783916824959771,-0.37144238370639415,0.003765251663351434,-0.3941553444112215,-0.15952245575040563,-0.4811199264483243,-0.20734221282382848,-0.6797035876404484,-0.2296654144212824,-0.8107949871283172,-0.24311042844325717,-0.9208579614230619,-0.06767946333856316,-0.5010223498649174,-0.07584793196637518,-0.7309684969383947,-0.07917540262660226,-0.8805191501967152,-0.08373901830681217,-1.0,0.017350422613622386,-0.46506665341411246,0.04210836224535308,-0.6812943129371964,0.05731776214057042,-0.8258763751677102,0.06927046783237957,-0.9489930687931805,0.09584388640085524,-0.3920730926756977,0.15069005649413078,-0.537976873827634,0.19143105109739106,-0.6414292991357874,0.2229309019363573,-0.7355360213775611,0.0,0.0,0.27155111069818,-0.17018657624191272,0.5076389869749472,-0.47639749584726754,0.5441658472191864,-0.7433643550818544,0.35440651505053367,-0.7911085607244148,0.3140647262365154,-0.9772089770986135,0.39599412360830427,-0.9467966898439174,0.36220245463680173,-0.7259416753892398,0.30654966335074624,-0.6751032611234961,0.13124581437326097,-1.0,0.21529856978443385,-0.8725281641995524,0.19845066693447516,-0.5804625819067071,0.16538575971239944,-0.5519570876254748,-0.03701382955241787,-0.9335922626256226,0.04186217493086835,-0.7890143376009048,0.05679616890625109,-0.531146164905235,0.03362773472135474,-0.5106362582282642,-0.18554376494003577,-0.8228956937788765,-0.09468740249201542,-0.7318583457704964,-0.07012525865629231,-0.5479018295653071,-0.08821139543089332,-0.5186369477993605
4,0.0,0.0,-0.12045570946751288,-0.07604834655444652,-0.1747902657833185,-0.25012641878161207,-0.09271939927919168,-0.38070182633098176,0.009017332206726129,-0.4048644826064278,-0.1655034270258278,-0.4847809193492427,-0.20885326806564217,-0.6832513258483187,-0.2318855309647833,-0.8172977181483676,-0.24762769329534967,-0.9319116112921917,-0.07192343594742395,-0.5049667682343972,-0.07905245214082905,-0.7264126450644456,-0.08539817343299716,-0.8751876367447031,-0.09259401308972813,-1.0,0.011465460677710879,-0.4689444961068326,0.034963275122671944,-0.6828893285436792,0.04601260116452792,-0.8222355000460241,0.053578256323594316,-0.9435480397270652,0.08647442947808663,-0.394452855972867,0.1359826500916942,-0.5432588254175803,0.1702663320674737,-0.6503871630504307,0.19699202956871872,-0.7491259845028571,0.0,0.0,0.26067619671535647,-0.157990534476748,0.5132094922893595,-0.4757430656812198,0.5503973542180667,-0.773611306529586,0.36334005174581635,-0.8283468015248316,0.3062683475543216,-0.9696258450666568,0.3943542333018772,-0.9625827142924144,0.363377840948978,-0.7369907307416214,0.3161228158064619,-0.6866886710358753,0.12134606037848351,-1.0,0.208642405699508,-0.9034439556244225,0.19196123574577814,-0.5975775477764564,0.16159932869646368,-0.5841015893272536,-0.0505543362438488,-0.944885418057623,0.033617603734349966,-0.8334882242569642,0.04849460062488107,-0.5626477774422056,0.023151786831851786,-0.5538672395091645,-0.20726496683960083,-0.847941026139673,-0.10967293071252514,-0.7791276340045472,-0.08550949853279312,-0.5879366706726209,-0.11150839562577278,-0.5667027232423315
